Date,Subscriber_ID,Customer_Age,Province,Area_Type,Contract_Type,Device_Type,Payment_Method,Network_Experience,Support_Ticket_Type,Load_Shedding_Impact,App_Engagement,Data_Usage_GB,ARPU_ZAR
2026-06-13,VP_10000,56,Gauteng,Rural,Enterprise Hybrid,4G Smartphone,Debit Order,Excellent,None,Severe (Stage 4+),Moderate,3.6,136.68
2026-01-29,VP_10001,69,Gauteng,Rural,Prepaid,4G Smartphone,Voucher Top-Up,Good,SIM Swap / Technical,Severe (Stage 4+),High Active,8.1,204.79
2026-01-07,VP_10002,46,KwaZulu-Natal,Suburban,Prepaid,5G Smartphone,Credit Card,Good,Billing Query,Moderate (Stage 1-3),Moderate,29.5,528.71
2026-03-12,VP_10003,32,Limpopo,Urban,Prepaid,4G Smartphone,Debit Order,Fair,None,Severe (Stage 4+),Low / Inactive,34.2,599.86
2026-03-04,VP_10004,60,Gauteng,Urban,Prepaid,5G Smartphone,Voucher Top-Up,Good,None,Moderate (Stage 1-3),Moderate,24.4,451.52
2026-02-27,VP_10005,25,Western Cape,Urban,Prepaid,4G Smartphone,Voucher Top-Up,Excellent,None,Moderate (Stage 1-3),Low / Inactive,6.1,174.52
2026-02-05,VP_10006,38,Gauteng,Suburban,Postpaid Contract,4G Smartphone,Voucher Top-Up,Fair,None,Moderate (Stage 1-3),Moderate,10.4,239.61
2026-01-27,VP_10007,56,Gauteng,Urban,Enterprise Hybrid,5G Smartphone,Debit Order,Good,Network Coverage,Severe (Stage 4+),High Active,16.8,336.48
2026-06-23,VP_10008,36,Eastern Cape,Rural,Prepaid,4G Smartphone,Credit Card,Fair,None,Severe (Stage 4+),High Active,33,581.69
2026-05-20,VP_10009,40,Western Cape,Rural,Postpaid Contract,5G Smartphone,Voucher Top-Up,Fair,None,Moderate (Stage 1-3),Moderate,21.5,407.62
2026-01-23,VP_10010,28,Gauteng,Urban,Prepaid,5G Smartphone,Mobile App / EFT,Excellent,None,Moderate (Stage 1-3),High Active,30.7,546.88
2026-06-01,VP_10011,28,KwaZulu-Natal,Suburban,Prepaid,5G Smartphone,Debit Order,Excellent,None,Severe (Stage 4+),Moderate,38.7,667.97
2026-04-19,VP_10012,41,Gauteng,Urban,Prepaid,4G Smartphone,Voucher Top-Up,Excellent,None,Moderate (Stage 1-3),Low / Inactive,36.5,634.67
2026-01-09,VP_10013,70,KwaZulu-Natal,Urban,Prepaid,5G Smartphone,Mobile App / EFT,Excellent,Billing Query,Moderate (Stage 1-3),Moderate,8.6,212.36
2026-01-08,VP_10014,53,Western Cape,Urban,Prepaid,5G Smartphone,Voucher Top-Up,Excellent,None,Severe (Stage 4+),Moderate,6.9,186.63
2026-01-24,VP_10015,57,Gauteng,Urban,Prepaid,5G Smartphone,Voucher Top-Up,Good,None,Moderate (Stage 1-3),Moderate,24,445.46
2026-02-25,VP_10016,41,Gauteng,Rural,Prepaid,4G Smartphone,Voucher Top-Up,Poor / Frequent Drops,Network Coverage,Moderate (Stage 1-3),High Active,31.7,562.01
2026-03-01,VP_10017,20,KwaZulu-Natal,Urban,Prepaid,4G Smartphone,Debit Order,Fair,None,Minimal / No Impact,Moderate,4.7,153.33
2026-05-10,VP_10018,39,Limpopo,Urban,Postpaid Contract,5G Smartphone,Voucher Top-Up,Good,None,Severe (Stage 4+),Moderate,14.8,306.21
2026-06-04,VP_10019,70,Limpopo,Suburban,Enterprise Hybrid,5G Smartphone,Debit Order,Excellent,None,Moderate (Stage 1-3),Moderate,31,551.42
2026-01-07,VP_10020,19,Gauteng,Suburban,Prepaid,4G Smartphone,Debit Order,Excellent,Billing Query,Minimal / No Impact,High Active,7.7,198.74
2026-05-24,VP_10021,41,Eastern Cape,Urban,Prepaid,4G Smartphone,Voucher Top-Up,Good,None,Moderate (Stage 1-3),Low / Inactive,18.8,366.75
2026-02-20,VP_10022,61,KwaZulu-Natal,Rural,Prepaid,4G Smartphone,Debit Order,Excellent,Billing Query,Moderate (Stage 1-3),Moderate,22,415.19
2026-06-16,VP_10023,47,KwaZulu-Natal,Suburban,Postpaid Contract,LTE Router/MiFi,Credit Card,Fair,None,Severe (Stage 4+),High Active,3.9,141.22
2026-06-29,VP_10024,55,Eastern Cape,Urban,Prepaid,5G Smartphone,Mobile App / EFT,Poor / Frequent Drops,None,Minimal / No Impact,Low / Inactive,27.3,495.41
2026-05-20,VP_10025,19,Limpopo,Urban,Prepaid,Legacy Feature Phone,Voucher Top-Up,Excellent,Billing Query,Minimal / No Impact,Low / Inactive,30.4,542.34
2026-04-18,VP_10026,38,Limpopo,Urban,Prepaid,5G Smartphone,Mobile App / EFT,Good,None,Moderate (Stage 1-3),Moderate,17.9,353.13
2026-02-26,VP_10027,50,Western Cape,Suburban,Prepaid,Legacy Feature Phone,Mobile App / EFT,Excellent,Network Coverage,Severe (Stage 4+),Moderate,3.6,136.68
2026-04-25,VP_10028,29,KwaZulu-Natal,Suburban,Prepaid,5G Smartphone,Debit Order,Good,None,Severe (Stage 4+),Low / Inactive,11.2,251.71
2026-05-31,VP_10029,39,Eastern Cape,Suburban,Enterprise Hybrid,4G Smartphone,Mobile App / EFT,Excellent,None,Moderate (Stage 1-3),Low / Inactive,32.7,577.15
2026-03-13,VP_10030,61,Gauteng,Urban,Postpaid Contract,5G Smartphone,Debit Order,Excellent,Billing Query,Severe (Stage 4+),Moderate,8.8,215.39
2026-01-02,VP_10031,42,KwaZulu-Natal,Urban,Prepaid,5G Smartphone,Voucher Top-Up,Good,None,Moderate (Stage 1-3),Moderate,36.8,639.21
2026-02-10,VP_10032,66,KwaZulu-Natal,Urban,Prepaid,4G Smartphone,Voucher Top-Up,Good,None,Moderate (Stage 1-3),High Active,15.4,315.29
2026-06-28,VP_10033,44,Western Cape,Urban,Prepaid,4G Smartphone,Voucher Top-Up,Good,None,Minimal / No Impact,High Active,27.8,502.98
2026-04-19,VP_10034,59,Gauteng,Suburban,Prepaid,Legacy Feature Phone,Debit Order,Good,None,Severe (Stage 4+),High Active,7.1,189.65
2026-03-29,VP_10035,45,Gauteng,Suburban,Postpaid Contract,4G Smartphone,Debit Order,Good,None,Moderate (Stage 1-3),High Active,46.3,783.01
2026-03-13,VP_10036,33,Limpopo,Urban,Prepaid,4G Smartphone,Voucher Top-Up,Fair,SIM Swap / Technical,Moderate (Stage 1-3),Moderate,10.2,236.58
2026-02-09,VP_10037,32,Gauteng,Urban,Prepaid,5G Smartphone,Voucher Top-Up,Poor / Frequent Drops,Network Coverage,Moderate (Stage 1-3),High Active,14.2,297.12
2026-02-25,VP_10038,64,KwaZulu-Natal,Urban,Prepaid,Legacy Feature Phone,Mobile App / EFT,Fair,SIM Swap / Technical,Minimal / No Impact,Low / Inactive,13.4,285.01
2026-03-28,VP_10039,68,Gauteng,Urban,Postpaid Contract,4G Smartphone,Voucher Top-Up,Fair,SIM Swap / Technical,Severe (Stage 4+),Moderate,1.6,106.4
2026-01-27,VP_10040,61,Gauteng,Urban,Postpaid Contract,4G Smartphone,Debit Order,Good,None,Moderate (Stage 1-3),Moderate,14.9,307.72
2026-01-24,VP_10041,72,Gauteng,Urban,Prepaid,4G Smartphone,Debit Order,Good,None,Minimal / No Impact,Moderate,8.4,209.33
2026-04-08,VP_10042,69,Gauteng,Urban,Prepaid,4G Smartphone,Voucher Top-Up,Excellent,None,Moderate (Stage 1-3),Moderate,18.1,356.16
2026-01-25,VP_10043,74,Eastern Cape,Urban,Prepaid,LTE Router/MiFi,Voucher Top-Up,Excellent,Network Coverage,Moderate (Stage 1-3),Moderate,21.1,401.57
2026-04-02,VP_10044,20,Gauteng,Urban,Enterprise Hybrid,5G Smartphone,Debit Order,Fair,None,Severe (Stage 4+),Moderate,8.9,216.9
2026-03-30,VP_10045,54,Limpopo,Urban,Prepaid,5G Smartphone,Debit Order,Fair,None,Moderate (Stage 1-3),Moderate,9.1,219.93
2026-06-04,VP_10046,68,Western Cape,Suburban,Prepaid,5G Smartphone,Debit Order,Good,None,Moderate (Stage 1-3),Moderate,10,233.55
2026-03-09,VP_10047,24,KwaZulu-Natal,Urban,Prepaid,4G Smartphone,Debit Order,Good,None,Severe (Stage 4+),Moderate,18.8,366.75
2026-01-12,VP_10048,38,Western Cape,Rural,Postpaid Contract,5G Smartphone,Voucher Top-Up,Excellent,None,Moderate (Stage 1-3),Moderate,12.9,277.45
2026-04-28,VP_10049,26,KwaZulu-Natal,Urban,Prepaid,5G Smartphone,Mobile App / EFT,Excellent,None,Minimal / No Impact,Low / Inactive,9.1,219.93
2026-05-18,VP_10050,56,Eastern Cape,Urban,Prepaid,5G Smartphone,Voucher Top-Up,Good,Network Coverage,Minimal / No Impact,High Active,12.4,269.88
2026-02-01,VP_10051,35,Gauteng,Urban,Prepaid,4G Smartphone,Mobile App / EFT,Good,None,Moderate (Stage 1-3),Low / Inactive,32.3,571.1
2026-04-07,VP_10052,21,KwaZulu-Natal,Urban,Postpaid Contract,4G Smartphone,Debit Order,Poor / Frequent Drops,SIM Swap / Technical,Moderate (Stage 1-3),Moderate,18,354.64
2026-01-21,VP_10053,42,Limpopo,Suburban,Postpaid Contract,5G Smartphone,Voucher Top-Up,Excellent,None,Minimal / No Impact,Moderate,11.5,256.26
2026-05-22,VP_10054,31,Limpopo,Urban,Postpaid Contract,Legacy Feature Phone,Voucher Top-Up,Good,SIM Swap / Technical,Moderate (Stage 1-3),Moderate,37.7,652.83
2026-03-17,VP_10055,67,Limpopo,Rural,Prepaid,Legacy Feature Phone,Voucher Top-Up,Excellent,None,Moderate (Stage 1-3),Moderate,23.1,431.84
2026-06-10,VP_10056,26,KwaZulu-Natal,Rural,Prepaid,5G Smartphone,Voucher Top-Up,Poor / Frequent Drops,Billing Query,Moderate (Stage 1-3),Low / Inactive,4,142.73
2026-06-08,VP_10057,43,Eastern Cape,Urban,Enterprise Hybrid,4G Smartphone,Voucher Top-Up,Fair,None,Moderate (Stage 1-3),High Active,27.2,493.9
2026-04-03,VP_10058,70,KwaZulu-Natal,Urban,Prepaid,4G Smartphone,Voucher Top-Up,Good,Billing Query,Severe (Stage 4+),Moderate,48.8,820.85
2026-05-28,VP_10059,19,KwaZulu-Natal,Suburban,Postpaid Contract,5G Smartphone,Debit Order,Poor / Frequent Drops,Network Coverage,Severe (Stage 4+),High Active,28.3,510.55
2026-02-19,VP_10060,37,Gauteng,Urban,Postpaid Contract,5G Smartphone,Voucher Top-Up,Good,None,Moderate (Stage 1-3),High Active,10.6,242.63
2026-06-30,VP_10061,45,Western Cape,Suburban,Prepaid,4G Smartphone,Voucher Top-Up,Excellent,None,Moderate (Stage 1-3),Moderate,15.4,315.29
2026-01-18,VP_10062,64,Gauteng,Urban,Prepaid,4G Smartphone,Credit Card,Good,None,Minimal / No Impact,High Active,3.6,136.68
2026-01-12,VP_10063,24,Gauteng,Urban,Postpaid Contract,5G Smartphone,Voucher Top-Up,Excellent,None,Moderate (Stage 1-3),Low / Inactive,26.1,477.25
2026-06-19,VP_10064,61,Eastern Cape,Urban,Postpaid Contract,4G Smartphone,Voucher Top-Up,Good,None,Severe (Stage 4+),Moderate,14.2,297.12
2026-02-28,VP_10065,25,Gauteng,Urban,Prepaid,4G Smartphone,Voucher Top-Up,Poor / Frequent Drops,Billing Query,Moderate (Stage 1-3),Moderate,9.9,232.04
2026-03-16,VP_10066,64,Gauteng,Rural,Prepaid,4G Smartphone,Mobile App / EFT,Fair,None,Severe (Stage 4+),Moderate,14.6,303.18
2026-01-21,VP_10067,52,Gauteng,Urban,Prepaid,5G Smartphone,Credit Card,Excellent,Billing Query,Severe (Stage 4+),High Active,4.1,144.24
2026-03-01,VP_10068,31,Limpopo,Suburban,Prepaid,4G Smartphone,Mobile App / EFT,Excellent,Network Coverage,Severe (Stage 4+),Low / Inactive,4.6,151.81
2026-01-26,VP_10069,34,KwaZulu-Natal,Urban,Prepaid,5G Smartphone,Voucher Top-Up,Excellent,Billing Query,Moderate (Stage 1-3),Moderate,6.1,174.52
2026-04-08,VP_10070,53,KwaZulu-Natal,Urban,Prepaid,4G Smartphone,Debit Order,Excellent,None,Severe (Stage 4+),Moderate,1.7,107.92
2026-03-13,VP_10071,67,Eastern Cape,Urban,Enterprise Hybrid,4G Smartphone,Voucher Top-Up,Excellent,None,Severe (Stage 4+),High Active,10.9,247.17
2026-04-27,VP_10072,57,Eastern Cape,Urban,Postpaid Contract,4G Smartphone,Voucher Top-Up,Good,None,Moderate (Stage 1-3),Moderate,7.5,195.71
2026-06-12,VP_10073,21,Gauteng,Urban,Postpaid Contract,5G Smartphone,Mobile App / EFT,Good,None,Severe (Stage 4+),High Active,33.3,586.23
2026-04-04,VP_10074,19,Western Cape,Urban,Prepaid,4G Smartphone,Debit Order,Fair,None,Severe (Stage 4+),Low / Inactive,6.9,186.63
2026-02-11,VP_10075,23,Eastern Cape,Suburban,Prepaid,LTE Router/MiFi,Voucher Top-Up,Excellent,SIM Swap / Technical,Minimal / No Impact,Moderate,24.3,450
2026-04-05,VP_10076,71,Western Cape,Urban,Enterprise Hybrid,4G Smartphone,Debit Order,Excellent,Billing Query,Moderate (Stage 1-3),Moderate,8.7,213.87
2026-04-01,VP_10077,59,Gauteng,Urban,Prepaid,5G Smartphone,Mobile App / EFT,Excellent,None,Severe (Stage 4+),Low / Inactive,18.5,362.21
2026-02-23,VP_10078,21,Eastern Cape,Suburban,Prepaid,4G Smartphone,Debit Order,Excellent,None,Severe (Stage 4+),High Active,38.9,671
2026-06-21,VP_10079,71,KwaZulu-Natal,Suburban,Prepaid,5G Smartphone,Voucher Top-Up,Excellent,None,Moderate (Stage 1-3),Moderate,6.1,174.52
2026-03-10,VP_10080,46,Gauteng,Urban,Postpaid Contract,LTE Router/MiFi,Debit Order,Excellent,SIM Swap / Technical,Moderate (Stage 1-3),Moderate,42.7,728.52
2026-06-29,VP_10081,35,KwaZulu-Natal,Urban,Postpaid Contract,4G Smartphone,Debit Order,Good,SIM Swap / Technical,Severe (Stage 4+),High Active,27.2,493.9
2026-06-24,VP_10082,43,Gauteng,Rural,Prepaid,5G Smartphone,Voucher Top-Up,Fair,None,Severe (Stage 4+),Moderate,21.2,403.08
2026-06-15,VP_10083,61,Gauteng,Suburban,Postpaid Contract,5G Smartphone,Debit Order,Good,None,Minimal / No Impact,Moderate,18,354.64
2026-01-19,VP_10084,51,Eastern Cape,Urban,Prepaid,5G Smartphone,Voucher Top-Up,Good,None,Moderate (Stage 1-3),Moderate,15.6,318.32
2026-06-05,VP_10085,27,Gauteng,Urban,Prepaid,LTE Router/MiFi,Credit Card,Excellent,None,Moderate (Stage 1-3),Moderate,31.1,552.93
2026-06-12,VP_10086,53,KwaZulu-Natal,Suburban,Postpaid Contract,5G Smartphone,Credit Card,Fair,None,Severe (Stage 4+),Moderate,15.6,318.32
2026-02-13,VP_10087,31,KwaZulu-Natal,Urban,Postpaid Contract,4G Smartphone,Debit Order,Excellent,Billing Query,Severe (Stage 4+),Moderate,13.2,281.99
2026-05-17,VP_10088,48,Gauteng,Rural,Prepaid,LTE Router/MiFi,Mobile App / EFT,Excellent,None,Moderate (Stage 1-3),High Active,25.1,462.11
2026-03-04,VP_10089,65,Limpopo,Urban,Prepaid,5G Smartphone,Voucher Top-Up,Excellent,Billing Query,Minimal / No Impact,High Active,8.6,212.36
2026-02-11,VP_10090,32,Gauteng,Suburban,Postpaid Contract,4G Smartphone,Credit Card,Excellent,None,Severe (Stage 4+),Moderate,51.1,855.66
2026-04-29,VP_10091,25,Gauteng,Urban,Postpaid Contract,4G Smartphone,Mobile App / EFT,Good,Billing Query,Minimal / No Impact,High Active,20.8,397.03
2026-04-08,VP_10092,31,Gauteng,Urban,Postpaid Contract,4G Smartphone,Debit Order,Poor / Frequent Drops,Billing Query,Severe (Stage 4+),Low / Inactive,14.2,297.12
2026-03-11,VP_10093,40,Gauteng,Rural,Prepaid,5G Smartphone,Voucher Top-Up,Fair,None,Moderate (Stage 1-3),Low / Inactive,13.9,292.58
2026-06-13,VP_10094,74,Gauteng,Urban,Enterprise Hybrid,5G Smartphone,Debit Order,Excellent,Billing Query,Severe (Stage 4+),Moderate,12.8,275.93
2026-06-26,VP_10095,57,Western Cape,Urban,Enterprise Hybrid,4G Smartphone,Mobile App / EFT,Good,None,Moderate (Stage 1-3),Low / Inactive,23,430.33
2026-05-23,VP_10096,38,Limpopo,Urban,Prepaid,LTE Router/MiFi,Voucher Top-Up,Good,None,Moderate (Stage 1-3),Moderate,18.3,359.18
2026-02-26,VP_10097,33,Gauteng,Urban,Postpaid Contract,5G Smartphone,Voucher Top-Up,Fair,None,Moderate (Stage 1-3),High Active,15,309.23
2026-06-25,VP_10098,62,Western Cape,Urban,Prepaid,5G Smartphone,Voucher Top-Up,Good,None,Moderate (Stage 1-3),Moderate,36,627.1
2026-03-25,VP_10099,35,Western Cape,Suburban,Prepaid,5G Smartphone,Credit Card,Good,None,Moderate (Stage 1-3),Moderate,40.4,693.7
2026-01-15,VP_10100,64,Eastern Cape,Urban,Postpaid Contract,4G Smartphone,Credit Card,Good,Billing Query,Moderate (Stage 1-3),High Active,6.5,180.57
2026-02-28,VP_10101,70,KwaZulu-Natal,Urban,Prepaid,5G Smartphone,Voucher Top-Up,Good,None,Severe (Stage 4+),Moderate,13.8,291.07
2026-01-09,VP_10102,41,Gauteng,Urban,Prepaid,LTE Router/MiFi,Voucher Top-Up,Excellent,None,Moderate (Stage 1-3),High Active,11.7,259.28
2026-03-22,VP_10103,43,Gauteng,Suburban,Postpaid Contract,5G Smartphone,Mobile App / EFT,Excellent,Network Coverage,Severe (Stage 4+),Moderate,10.6,242.63
2026-04-13,VP_10104,42,Western Cape,Suburban,Prepaid,LTE Router/MiFi,Mobile App / EFT,Good,Billing Query,Moderate (Stage 1-3),Moderate,11.5,256.26
2026-03-10,VP_10105,62,Eastern Cape,Urban,Prepaid,4G Smartphone,Debit Order,Fair,None,Moderate (Stage 1-3),Moderate,6.9,186.63
2026-01-17,VP_10106,58,Gauteng,Urban,Enterprise Hybrid,4G Smartphone,Debit Order,Good,None,Severe (Stage 4+),High Active,27.5,498.44
2026-02-24,VP_10107,46,KwaZulu-Natal,Rural,Prepaid,5G Smartphone,Debit Order,Poor / Frequent Drops,None,Minimal / No Impact,High Active,13.8,291.07
2026-05-26,VP_10108,32,Limpopo,Urban,Prepaid,4G Smartphone,Voucher Top-Up,Excellent,None,Minimal / No Impact,Moderate,17.3,344.05
2026-03-22,VP_10109,62,Eastern Cape,Rural,Prepaid,5G Smartphone,Debit Order,Good,Network Coverage,Moderate (Stage 1-3),Low / Inactive,27.8,502.98
2026-02-24,VP_10110,18,Limpopo,Rural,Prepaid,5G Smartphone,Voucher Top-Up,Excellent,None,Severe (Stage 4+),Moderate,6.7,183.6
2026-06-17,VP_10111,42,Eastern Cape,Suburban,Postpaid Contract,5G Smartphone,Voucher Top-Up,Poor / Frequent Drops,None,Moderate (Stage 1-3),Moderate,18.5,362.21
2026-05-08,VP_10112,24,KwaZulu-Natal,Urban,Postpaid Contract,LTE Router/MiFi,Voucher Top-Up,Excellent,SIM Swap / Technical,Minimal / No Impact,Moderate,5.2,160.89
2026-04-12,VP_10113,26,Western Cape,Suburban,Prepaid,4G Smartphone,Voucher Top-Up,Good,None,Severe (Stage 4+),Low / Inactive,5.3,162.41
2026-06-14,VP_10114,41,Western Cape,Suburban,Postpaid Contract,4G Smartphone,Debit Order,Excellent,None,Minimal / No Impact,Moderate,16,324.37
2026-04-28,VP_10115,18,Gauteng,Suburban,Prepaid,4G Smartphone,Mobile App / EFT,Good,Billing Query,Minimal / No Impact,High Active,15.4,315.29
2026-02-06,VP_10116,61,KwaZulu-Natal,Urban,Prepaid,5G Smartphone,Credit Card,Fair,Network Coverage,Moderate (Stage 1-3),High Active,6.8,185.11
2026-03-09,VP_10117,25,Western Cape,Urban,Postpaid Contract,4G Smartphone,Voucher Top-Up,Excellent,None,Moderate (Stage 1-3),High Active,33.2,584.72
2026-02-05,VP_10118,41,Gauteng,Urban,Postpaid Contract,4G Smartphone,Mobile App / EFT,Fair,Network Coverage,Moderate (Stage 1-3),Moderate,2.2,115.49
2026-03-05,VP_10119,28,Eastern Cape,Urban,Prepaid,4G Smartphone,Debit Order,Poor / Frequent Drops,None,Moderate (Stage 1-3),High Active,6.6,182.09
2026-05-24,VP_10120,68,Western Cape,Suburban,Prepaid,4G Smartphone,Mobile App / EFT,Excellent,Network Coverage,Moderate (Stage 1-3),High Active,11.7,259.28
2026-05-18,VP_10121,34,Limpopo,Urban,Prepaid,Legacy Feature Phone,Debit Order,Fair,SIM Swap / Technical,Severe (Stage 4+),Moderate,9.4,224.47
2026-03-09,VP_10122,25,Gauteng,Urban,Prepaid,LTE Router/MiFi,Voucher Top-Up,Excellent,None,Moderate (Stage 1-3),Moderate,6,173
2026-05-30,VP_10123,52,Gauteng,Urban,Prepaid,4G Smartphone,Debit Order,Excellent,None,Severe (Stage 4+),Moderate,58.2,963.13
2026-04-20,VP_10124,52,Western Cape,Suburban,Postpaid Contract,5G Smartphone,Voucher Top-Up,Good,None,Moderate (Stage 1-3),Moderate,28.6,515.09
2026-05-30,VP_10125,50,Gauteng,Rural,Prepaid,4G Smartphone,Debit Order,Good,Billing Query,Minimal / No Impact,Low / Inactive,13.4,285.01
2026-04-13,VP_10126,22,Western Cape,Urban,Postpaid Contract,4G Smartphone,Voucher Top-Up,Excellent,Network Coverage,Severe (Stage 4+),Low / Inactive,35.6,621.05
2026-04-03,VP_10127,59,Eastern Cape,Urban,Prepaid,5G Smartphone,Voucher Top-Up,Excellent,None,Moderate (Stage 1-3),Low / Inactive,32.2,569.58
2026-02-26,VP_10128,56,Gauteng,Urban,Prepaid,5G Smartphone,Mobile App / EFT,Poor / Frequent Drops,Billing Query,Moderate (Stage 1-3),Low / Inactive,9.5,225.98
2026-02-05,VP_10129,58,KwaZulu-Natal,Suburban,Prepaid,4G Smartphone,Voucher Top-Up,Good,Billing Query,Severe (Stage 4+),High Active,14,294.1
2026-05-11,VP_10130,45,KwaZulu-Natal,Suburban,Prepaid,4G Smartphone,Debit Order,Excellent,Billing Query,Minimal / No Impact,Low / Inactive,15.8,321.34
2026-05-07,VP_10131,24,KwaZulu-Natal,Rural,Postpaid Contract,4G Smartphone,Debit Order,Good,Billing Query,Moderate (Stage 1-3),Moderate,27.7,501.47
2026-01-24,VP_10132,26,Limpopo,Urban,Prepaid,5G Smartphone,Mobile App / EFT,Excellent,None,Moderate (Stage 1-3),Moderate,22.3,419.73
2026-01-13,VP_10133,25,Eastern Cape,Rural,Prepaid,4G Smartphone,Voucher Top-Up,Excellent,None,Severe (Stage 4+),Moderate,14.2,297.12
2026-01-29,VP_10134,29,Western Cape,Urban,Postpaid Contract,4G Smartphone,Voucher Top-Up,Good,Network Coverage,Severe (Stage 4+),High Active,10,233.55
2026-02-09,VP_10135,51,Western Cape,Suburban,Postpaid Contract,5G Smartphone,Voucher Top-Up,Good,SIM Swap / Technical,Severe (Stage 4+),Low / Inactive,15.2,312.26
2026-06-10,VP_10136,50,KwaZulu-Natal,Urban,Prepaid,5G Smartphone,Debit Order,Excellent,None,Severe (Stage 4+),High Active,5.8,169.98
2026-02-10,VP_10137,65,Limpopo,Rural,Prepaid,LTE Router/MiFi,Debit Order,Fair,None,Moderate (Stage 1-3),Low / Inactive,7.7,198.74
2026-06-24,VP_10138,72,Western Cape,Urban,Postpaid Contract,4G Smartphone,Voucher Top-Up,Excellent,Network Coverage,Moderate (Stage 1-3),Moderate,13.1,280.47
2026-04-19,VP_10139,40,Western Cape,Suburban,Enterprise Hybrid,5G Smartphone,Debit Order,Good,Billing Query,Severe (Stage 4+),Moderate,14.6,303.18
2026-06-02,VP_10140,41,Eastern Cape,Suburban,Postpaid Contract,LTE Router/MiFi,Debit Order,Excellent,None,Severe (Stage 4+),Moderate,47.7,804.2
2026-01-17,VP_10141,54,Gauteng,Urban,Prepaid,5G Smartphone,Debit Order,Good,None,Moderate (Stage 1-3),High Active,7.9,201.76
2026-04-09,VP_10142,52,Eastern Cape,Urban,Enterprise Hybrid,Legacy Feature Phone,Debit Order,Excellent,Billing Query,Moderate (Stage 1-3),Low / Inactive,2.7,123.05
2026-04-08,VP_10143,61,Gauteng,Rural,Prepaid,5G Smartphone,Debit Order,Good,Billing Query,Moderate (Stage 1-3),Low / Inactive,10.6,242.63
2026-06-02,VP_10144,57,Gauteng,Urban,Prepaid,5G Smartphone,Credit Card,Good,Billing Query,Severe (Stage 4+),Moderate,9.2,221.44
2026-04-30,VP_10145,39,Gauteng,Urban,Postpaid Contract,4G Smartphone,Voucher Top-Up,Excellent,Billing Query,Minimal / No Impact,Low / Inactive,12.8,275.93
2026-05-16,VP_10146,44,Limpopo,Urban,Prepaid,5G Smartphone,Mobile App / EFT,Excellent,None,Minimal / No Impact,High Active,11.2,251.71
2026-03-06,VP_10147,52,Eastern Cape,Suburban,Prepaid,4G Smartphone,Debit Order,Good,SIM Swap / Technical,Moderate (Stage 1-3),Moderate,14.4,300.15
2026-05-22,VP_10148,18,Western Cape,Urban,Prepaid,4G Smartphone,Debit Order,Excellent,Billing Query,Moderate (Stage 1-3),Moderate,27.8,502.98
2026-01-03,VP_10149,52,Western Cape,Urban,Prepaid,4G Smartphone,Mobile App / EFT,Good,None,Moderate (Stage 1-3),Moderate,17.8,351.62
2026-06-24,VP_10150,54,KwaZulu-Natal,Urban,Postpaid Contract,4G Smartphone,Voucher Top-Up,Good,SIM Swap / Technical,Minimal / No Impact,High Active,9,218.41
2026-01-30,VP_10151,64,Limpopo,Urban,Postpaid Contract,4G Smartphone,Debit Order,Good,Network Coverage,Moderate (Stage 1-3),Moderate,2.5,120.03
2026-06-24,VP_10152,31,KwaZulu-Natal,Rural,Prepaid,5G Smartphone,Voucher Top-Up,Poor / Frequent Drops,Network Coverage,Minimal / No Impact,Moderate,22.5,422.76
2026-05-18,VP_10153,20,KwaZulu-Natal,Rural,Prepaid,5G Smartphone,Voucher Top-Up,Good,None,Severe (Stage 4+),High Active,28.5,513.58
2026-03-10,VP_10154,18,Gauteng,Suburban,Enterprise Hybrid,4G Smartphone,Mobile App / EFT,Fair,None,Moderate (Stage 1-3),High Active,11.2,251.71
2026-06-14,VP_10155,22,Eastern Cape,Urban,Postpaid Contract,5G Smartphone,Debit Order,Fair,None,Moderate (Stage 1-3),High Active,44,748.19
2026-03-29,VP_10156,43,Western Cape,Rural,Prepaid,4G Smartphone,Voucher Top-Up,Poor / Frequent Drops,None,Moderate (Stage 1-3),Low / Inactive,21.8,412.16
2026-01-29,VP_10157,72,KwaZulu-Natal,Urban,Enterprise Hybrid,4G Smartphone,Voucher Top-Up,Excellent,None,Moderate (Stage 1-3),Moderate,17.4,345.56
2026-03-17,VP_10158,31,Gauteng,Urban,Postpaid Contract,5G Smartphone,Credit Card,Fair,None,Minimal / No Impact,High Active,13.8,291.07
2026-04-22,VP_10159,56,Eastern Cape,Rural,Prepaid,4G Smartphone,Mobile App / EFT,Poor / Frequent Drops,None,Moderate (Stage 1-3),Low / Inactive,28.9,519.63
2026-02-10,VP_10160,44,Gauteng,Suburban,Prepaid,5G Smartphone,Debit Order,Excellent,SIM Swap / Technical,Moderate (Stage 1-3),High Active,42.2,720.95
2026-04-27,VP_10161,26,Western Cape,Suburban,Prepaid,4G Smartphone,Voucher Top-Up,Excellent,None,Moderate (Stage 1-3),Moderate,40.6,696.73
2026-01-01,VP_10162,32,Limpopo,Suburban,Postpaid Contract,4G Smartphone,Mobile App / EFT,Poor / Frequent Drops,None,Moderate (Stage 1-3),Moderate,15.6,318.32
2026-03-09,VP_10163,32,KwaZulu-Natal,Urban,Prepaid,4G Smartphone,Voucher Top-Up,Good,None,Moderate (Stage 1-3),Moderate,40.4,693.7
2026-05-09,VP_10164,43,Gauteng,Urban,Prepaid,5G Smartphone,Mobile App / EFT,Excellent,None,Moderate (Stage 1-3),Moderate,8.8,215.39
2026-02-15,VP_10165,59,Western Cape,Suburban,Prepaid,4G Smartphone,Credit Card,Fair,Network Coverage,Moderate (Stage 1-3),High Active,26,475.74
2026-05-10,VP_10166,30,Eastern Cape,Urban,Enterprise Hybrid,5G Smartphone,Debit Order,Excellent,None,Severe (Stage 4+),High Active,7.9,201.76
2026-01-28,VP_10167,68,KwaZulu-Natal,Urban,Prepaid,4G Smartphone,Debit Order,Excellent,None,Severe (Stage 4+),Moderate,24,445.46
2026-06-10,VP_10168,49,Limpopo,Suburban,Enterprise Hybrid,4G Smartphone,Mobile App / EFT,Good,None,Minimal / No Impact,High Active,23.9,443.95
2026-03-18,VP_10169,56,Gauteng,Suburban,Enterprise Hybrid,4G Smartphone,Debit Order,Good,None,Severe (Stage 4+),Low / Inactive,11.2,251.71
2026-06-13,VP_10170,66,KwaZulu-Natal,Urban,Prepaid,LTE Router/MiFi,Debit Order,Fair,None,Severe (Stage 4+),Moderate,9,218.41
2026-05-10,VP_10171,69,Western Cape,Suburban,Prepaid,4G Smartphone,Voucher Top-Up,Good,None,Moderate (Stage 1-3),Moderate,37.7,652.83
2026-06-05,VP_10172,49,Eastern Cape,Suburban,Prepaid,5G Smartphone,Mobile App / EFT,Fair,None,Severe (Stage 4+),High Active,6.4,179.06
2026-02-20,VP_10173,21,Gauteng,Suburban,Enterprise Hybrid,5G Smartphone,Debit Order,Excellent,None,Moderate (Stage 1-3),Low / Inactive,4.7,153.33
2026-02-09,VP_10174,47,Eastern Cape,Urban,Prepaid,LTE Router/MiFi,Voucher Top-Up,Good,Billing Query,Severe (Stage 4+),Moderate,20.9,398.54
2026-04-06,VP_10175,54,KwaZulu-Natal,Urban,Prepaid,5G Smartphone,Debit Order,Excellent,None,Severe (Stage 4+),Moderate,15.2,312.26
2026-02-11,VP_10176,40,KwaZulu-Natal,Urban,Prepaid,4G Smartphone,Debit Order,Excellent,None,Minimal / No Impact,Moderate,20.7,395.51
2026-05-19,VP_10177,56,Gauteng,Urban,Prepaid,4G Smartphone,Voucher Top-Up,Fair,None,Moderate (Stage 1-3),Moderate,9.4,224.47
2026-05-16,VP_10178,62,Eastern Cape,Urban,Enterprise Hybrid,4G Smartphone,Debit Order,Excellent,Billing Query,Severe (Stage 4+),Moderate,10.1,235.06
2026-01-01,VP_10179,32,Gauteng,Urban,Postpaid Contract,4G Smartphone,Mobile App / EFT,Fair,None,Moderate (Stage 1-3),Moderate,15.5,316.8
2026-06-03,VP_10180,60,Gauteng,Urban,Postpaid Contract,4G Smartphone,Mobile App / EFT,Excellent,None,Moderate (Stage 1-3),Moderate,15.7,319.83
2026-03-24,VP_10181,46,Gauteng,Rural,Prepaid,4G Smartphone,Mobile App / EFT,Excellent,Billing Query,Moderate (Stage 1-3),Moderate,14.9,307.72
2026-05-06,VP_10182,53,Eastern Cape,Urban,Prepaid,4G Smartphone,Debit Order,Excellent,None,Moderate (Stage 1-3),High Active,41.7,713.38
2026-01-05,VP_10183,30,Western Cape,Suburban,Enterprise Hybrid,4G Smartphone,Voucher Top-Up,Good,None,Severe (Stage 4+),High Active,44.1,749.71
2026-01-29,VP_10184,49,Eastern Cape,Suburban,Prepaid,4G Smartphone,Debit Order,Excellent,None,Moderate (Stage 1-3),High Active,6,173
2026-04-03,VP_10185,24,Gauteng,Urban,Enterprise Hybrid,4G Smartphone,Debit Order,Good,SIM Swap / Technical,Moderate (Stage 1-3),High Active,20.9,398.54
2026-03-20,VP_10186,68,Western Cape,Rural,Prepaid,4G Smartphone,Voucher Top-Up,Good,None,Severe (Stage 4+),Low / Inactive,7,188.14
2026-03-03,VP_10187,39,Western Cape,Suburban,Prepaid,LTE Router/MiFi,Voucher Top-Up,Excellent,None,Moderate (Stage 1-3),Moderate,49.7,834.47
2026-01-15,VP_10188,45,Eastern Cape,Urban,Postpaid Contract,5G Smartphone,Debit Order,Good,SIM Swap / Technical,Moderate (Stage 1-3),Low / Inactive,10.3,238.09
2026-03-03,VP_10189,19,Limpopo,Suburban,Enterprise Hybrid,5G Smartphone,Debit Order,Good,None,Moderate (Stage 1-3),Moderate,12.8,275.93
2026-05-26,VP_10190,59,Gauteng,Urban,Enterprise Hybrid,LTE Router/MiFi,Credit Card,Poor / Frequent Drops,None,Severe (Stage 4+),Moderate,28.5,513.58
2026-01-21,VP_10191,62,Western Cape,Suburban,Prepaid,4G Smartphone,Voucher Top-Up,Excellent,None,Minimal / No Impact,Moderate,7.7,198.74
2026-01-22,VP_10192,74,Gauteng,Urban,Prepaid,5G Smartphone,Credit Card,Excellent,None,Minimal / No Impact,Moderate,4.6,151.81
2026-05-05,VP_10193,70,KwaZulu-Natal,Suburban,Prepaid,4G Smartphone,Credit Card,Excellent,None,Moderate (Stage 1-3),Moderate,7.6,197.22
2026-01-18,VP_10194,23,Gauteng,Urban,Postpaid Contract,Legacy Feature Phone,Voucher Top-Up,Good,Network Coverage,Moderate (Stage 1-3),Moderate,32,566.56
2026-05-17,VP_10195,45,Gauteng,Suburban,Postpaid Contract,4G Smartphone,Debit Order,Good,None,Moderate (Stage 1-3),Moderate,11.9,262.31
2026-02-02,VP_10196,45,KwaZulu-Natal,Urban,Prepaid,4G Smartphone,Mobile App / EFT,Poor / Frequent Drops,None,Severe (Stage 4+),Low / Inactive,30.4,542.34
2026-02-02,VP_10197,61,Western Cape,Suburban,Enterprise Hybrid,5G Smartphone,Debit Order,Fair,None,Moderate (Stage 1-3),Moderate,16.1,325.88
2026-06-18,VP_10198,61,Gauteng,Suburban,Postpaid Contract,LTE Router/MiFi,Debit Order,Excellent,None,Moderate (Stage 1-3),Low / Inactive,3.7,138.19
2026-05-02,VP_10199,37,Western Cape,Urban,Postpaid Contract,4G Smartphone,Mobile App / EFT,Good,None,Moderate (Stage 1-3),Low / Inactive,9.3,222.95
2026-05-21,VP_10200,47,KwaZulu-Natal,Suburban,Prepaid,LTE Router/MiFi,Voucher Top-Up,Good,None,Severe (Stage 4+),Moderate,19.2,372.81
2026-02-12,VP_10201,28,Gauteng,Urban,Prepaid,5G Smartphone,Debit Order,Poor / Frequent Drops,None,Severe (Stage 4+),High Active,2,112.46
2026-03-09,VP_10202,72,Eastern Cape,Rural,Enterprise Hybrid,5G Smartphone,Voucher Top-Up,Excellent,None,Moderate (Stage 1-3),High Active,21.7,410.65
2026-05-16,VP_10203,45,Gauteng,Urban,Prepaid,4G Smartphone,Voucher Top-Up,Good,Network Coverage,Severe (Stage 4+),High Active,4.7,153.33
2026-06-05,VP_10204,42,KwaZulu-Natal,Suburban,Postpaid Contract,5G Smartphone,Debit Order,Fair,None,Moderate (Stage 1-3),High Active,9.8,230.52
2026-04-19,VP_10205,56,Western Cape,Suburban,Enterprise Hybrid,4G Smartphone,Debit Order,Excellent,None,Moderate (Stage 1-3),Moderate,42.1,719.44
2026-02-24,VP_10206,50,Gauteng,Urban,Postpaid Contract,Legacy Feature Phone,Debit Order,Good,None,Severe (Stage 4+),High Active,42.7,728.52
2026-05-19,VP_10207,18,Gauteng,Urban,Prepaid,4G Smartphone,Voucher Top-Up,Poor / Frequent Drops,None,Moderate (Stage 1-3),Moderate,23.3,434.87
2026-06-26,VP_10208,74,KwaZulu-Natal,Urban,Prepaid,LTE Router/MiFi,Mobile App / EFT,Fair,None,Moderate (Stage 1-3),High Active,17.7,350.1
2026-02-21,VP_10209,44,Limpopo,Suburban,Prepaid,4G Smartphone,Voucher Top-Up,Excellent,Billing Query,Moderate (Stage 1-3),Moderate,10.3,238.09
2026-03-21,VP_10210,74,Western Cape,Urban,Prepaid,4G Smartphone,Voucher Top-Up,Excellent,None,Severe (Stage 4+),High Active,3.6,136.68
2026-04-13,VP_10211,69,Western Cape,Urban,Prepaid,4G Smartphone,Debit Order,Excellent,None,Severe (Stage 4+),Low / Inactive,16.1,325.88
2026-06-21,VP_10212,30,Western Cape,Suburban,Prepaid,4G Smartphone,Debit Order,Poor / Frequent Drops,Network Coverage,Minimal / No Impact,Low / Inactive,12.6,272.91
2026-06-16,VP_10213,58,Gauteng,Urban,Prepaid,4G Smartphone,Debit Order,Poor / Frequent Drops,None,Moderate (Stage 1-3),Moderate,10.9,247.17
2026-04-06,VP_10214,20,KwaZulu-Natal,Suburban,Prepaid,4G Smartphone,Debit Order,Fair,Billing Query,Moderate (Stage 1-3),Low / Inactive,35.7,622.56
2026-04-23,VP_10215,56,Eastern Cape,Urban,Prepaid,4G Smartphone,Debit Order,Good,Billing Query,Severe (Stage 4+),High Active,7.4,194.2
2026-05-13,VP_10216,23,Gauteng,Urban,Prepaid,5G Smartphone,Voucher Top-Up,Excellent,Billing Query,Severe (Stage 4+),Low / Inactive,68.8,1123.58
2026-04-26,VP_10217,25,Gauteng,Suburban,Prepaid,4G Smartphone,Debit Order,Good,SIM Swap / Technical,Moderate (Stage 1-3),Moderate,28,506.01
2026-01-31,VP_10218,44,Gauteng,Urban,Postpaid Contract,Legacy Feature Phone,Mobile App / EFT,Excellent,Billing Query,Minimal / No Impact,Moderate,12.5,271.39
2026-03-05,VP_10219,26,KwaZulu-Natal,Urban,Prepaid,4G Smartphone,Mobile App / EFT,Good,None,Minimal / No Impact,High Active,2.8,124.57
2026-02-27,VP_10220,54,Limpopo,Rural,Prepaid,4G Smartphone,Voucher Top-Up,Good,None,Minimal / No Impact,High Active,27.1,492.39
2026-01-17,VP_10221,50,Gauteng,Urban,Postpaid Contract,4G Smartphone,Debit Order,Good,None,Severe (Stage 4+),Low / Inactive,60.9,1004
2026-03-28,VP_10222,68,KwaZulu-Natal,Rural,Postpaid Contract,4G Smartphone,Mobile App / EFT,Poor / Frequent Drops,None,Minimal / No Impact,Moderate,82.4,1329.44
2026-01-06,VP_10223,59,Gauteng,Rural,Prepaid,4G Smartphone,Credit Card,Excellent,Network Coverage,Minimal / No Impact,High Active,7.9,201.76
2026-05-31,VP_10224,61,Limpopo,Urban,Postpaid Contract,LTE Router/MiFi,Debit Order,Good,None,Severe (Stage 4+),Moderate,28.8,518.12
2026-05-22,VP_10225,41,Gauteng,Urban,Enterprise Hybrid,4G Smartphone,Voucher Top-Up,Good,Billing Query,Moderate (Stage 1-3),High Active,5.7,168.46
2026-02-28,VP_10226,32,KwaZulu-Natal,Suburban,Postpaid Contract,5G Smartphone,Mobile App / EFT,Good,Billing Query,Moderate (Stage 1-3),High Active,2.9,126.08
2026-05-31,VP_10227,71,Western Cape,Urban,Prepaid,4G Smartphone,Voucher Top-Up,Good,Network Coverage,Severe (Stage 4+),Low / Inactive,35.1,613.48
2026-02-26,VP_10228,49,Western Cape,Urban,Postpaid Contract,4G Smartphone,Debit Order,Excellent,None,Moderate (Stage 1-3),Moderate,10.3,238.09
2026-01-02,VP_10229,49,KwaZulu-Natal,Suburban,Prepaid,4G Smartphone,Voucher Top-Up,Excellent,Billing Query,Minimal / No Impact,Moderate,12.7,274.42
2026-01-19,VP_10230,41,Gauteng,Urban,Prepaid,5G Smartphone,Voucher Top-Up,Excellent,None,Minimal / No Impact,Low / Inactive,12.5,271.39
2026-06-11,VP_10231,58,KwaZulu-Natal,Rural,Enterprise Hybrid,5G Smartphone,Voucher Top-Up,Excellent,Billing Query,Minimal / No Impact,Moderate,0.6,91.27
2026-01-16,VP_10232,69,Gauteng,Urban,Prepaid,LTE Router/MiFi,Credit Card,Good,None,Moderate (Stage 1-3),Moderate,12.6,272.91
2026-02-28,VP_10233,66,Gauteng,Urban,Enterprise Hybrid,5G Smartphone,Voucher Top-Up,Excellent,Network Coverage,Moderate (Stage 1-3),High Active,40.2,690.68
2026-01-18,VP_10234,66,KwaZulu-Natal,Urban,Prepaid,4G Smartphone,Debit Order,Good,None,Moderate (Stage 1-3),Moderate,11.3,253.23
2026-01-09,VP_10235,69,Gauteng,Rural,Enterprise Hybrid,4G Smartphone,Voucher Top-Up,Excellent,None,Moderate (Stage 1-3),Moderate,18.7,365.24
2026-03-26,VP_10236,29,Gauteng,Suburban,Prepaid,4G Smartphone,Voucher Top-Up,Good,None,Severe (Stage 4+),High Active,3.7,138.19
2026-01-19,VP_10237,56,Western Cape,Suburban,Prepaid,5G Smartphone,Debit Order,Good,Billing Query,Moderate (Stage 1-3),Moderate,26.9,489.36
2026-05-12,VP_10238,19,Limpopo,Urban,Prepaid,4G Smartphone,Voucher Top-Up,Excellent,Billing Query,Severe (Stage 4+),Low / Inactive,10.6,242.63
2026-03-02,VP_10239,20,Western Cape,Urban,Prepaid,LTE Router/MiFi,Credit Card,Good,None,Severe (Stage 4+),Moderate,7.3,192.68
2026-03-13,VP_10240,66,Gauteng,Urban,Prepaid,4G Smartphone,Voucher Top-Up,Fair,None,Severe (Stage 4+),Low / Inactive,7.1,189.65
2026-06-21,VP_10241,54,Gauteng,Urban,Postpaid Contract,4G Smartphone,Debit Order,Excellent,None,Minimal / No Impact,High Active,57.8,957.08
2026-05-05,VP_10242,66,Limpopo,Suburban,Prepaid,4G Smartphone,Debit Order,Good,None,Severe (Stage 4+),High Active,1.9,110.94
2026-02-24,VP_10243,73,Gauteng,Suburban,Postpaid Contract,5G Smartphone,Voucher Top-Up,Excellent,None,Moderate (Stage 1-3),Moderate,24,445.46
2026-05-19,VP_10244,34,Gauteng,Urban,Prepaid,LTE Router/MiFi,Voucher Top-Up,Excellent,None,Minimal / No Impact,High Active,2.3,117
2026-02-03,VP_10245,66,Western Cape,Rural,Prepaid,LTE Router/MiFi,Debit Order,Good,Billing Query,Moderate (Stage 1-3),High Active,24.2,448.49
2026-05-27,VP_10246,19,Western Cape,Urban,Enterprise Hybrid,Legacy Feature Phone,Voucher Top-Up,Excellent,None,Severe (Stage 4+),High Active,8.2,206.3
2026-05-28,VP_10247,19,Western Cape,Rural,Prepaid,4G Smartphone,Debit Order,Fair,SIM Swap / Technical,Moderate (Stage 1-3),Low / Inactive,23.9,443.95
2026-05-02,VP_10248,45,Gauteng,Urban,Postpaid Contract,4G Smartphone,Debit Order,Excellent,None,Severe (Stage 4+),High Active,14,294.1
2026-03-04,VP_10249,71,Gauteng,Urban,Postpaid Contract,5G Smartphone,Voucher Top-Up,Excellent,None,Severe (Stage 4+),High Active,19.5,377.35
2026-05-02,VP_10250,40,Limpopo,Urban,Prepaid,4G Smartphone,Debit Order,Good,None,Minimal / No Impact,High Active,17.4,345.56
2026-04-15,VP_10251,54,Gauteng,Urban,Enterprise Hybrid,4G Smartphone,Mobile App / EFT,Good,None,Severe (Stage 4+),Low / Inactive,17.1,341.02
2026-02-18,VP_10252,49,Western Cape,Suburban,Postpaid Contract,LTE Router/MiFi,Debit Order,Good,None,Moderate (Stage 1-3),Moderate,2.8,124.57
2026-01-25,VP_10253,50,Western Cape,Urban,Prepaid,4G Smartphone,Voucher Top-Up,Excellent,None,Moderate (Stage 1-3),High Active,7,188.14
2026-01-25,VP_10254,18,Western Cape,Urban,Postpaid Contract,LTE Router/MiFi,Voucher Top-Up,Fair,None,Severe (Stage 4+),Low / Inactive,28.9,519.63
2026-06-18,VP_10255,36,Gauteng,Suburban,Prepaid,LTE Router/MiFi,Voucher Top-Up,Poor / Frequent Drops,None,Moderate (Stage 1-3),Low / Inactive,9.9,232.04
2026-04-21,VP_10256,19,Gauteng,Suburban,Prepaid,LTE Router/MiFi,Mobile App / EFT,Good,None,Severe (Stage 4+),Moderate,13.8,291.07
2026-04-01,VP_10257,70,Western Cape,Suburban,Enterprise Hybrid,5G Smartphone,Voucher Top-Up,Fair,None,Moderate (Stage 1-3),High Active,6.3,177.55
2026-04-19,VP_10258,61,Eastern Cape,Urban,Postpaid Contract,4G Smartphone,Voucher Top-Up,Good,None,Moderate (Stage 1-3),Moderate,7.7,198.74
2026-04-16,VP_10259,43,Limpopo,Suburban,Postpaid Contract,4G Smartphone,Voucher Top-Up,Excellent,None,Severe (Stage 4+),Low / Inactive,51.6,863.23
2026-04-30,VP_10260,49,Gauteng,Suburban,Postpaid Contract,5G Smartphone,Voucher Top-Up,Excellent,None,Moderate (Stage 1-3),High Active,42,717.92
2026-01-14,VP_10261,23,Gauteng,Urban,Postpaid Contract,5G Smartphone,Mobile App / EFT,Excellent,None,Severe (Stage 4+),High Active,24.1,446.98
2026-06-22,VP_10262,49,Limpopo,Urban,Enterprise Hybrid,4G Smartphone,Voucher Top-Up,Poor / Frequent Drops,None,Moderate (Stage 1-3),High Active,25.8,472.71
2026-06-17,VP_10263,72,Western Cape,Urban,Prepaid,5G Smartphone,Voucher Top-Up,Excellent,Billing Query,Moderate (Stage 1-3),Moderate,20.2,387.94
2026-06-15,VP_10264,21,Limpopo,Urban,Prepaid,4G Smartphone,Mobile App / EFT,Good,SIM Swap / Technical,Moderate (Stage 1-3),Moderate,15.8,321.34
2026-01-26,VP_10265,72,Gauteng,Urban,Prepaid,4G Smartphone,Credit Card,Excellent,None,Minimal / No Impact,High Active,53.8,896.53
2026-01-16,VP_10266,28,Western Cape,Urban,Postpaid Contract,LTE Router/MiFi,Voucher Top-Up,Good,None,Moderate (Stage 1-3),High Active,10.3,238.09
2026-04-14,VP_10267,73,Western Cape,Suburban,Prepaid,4G Smartphone,Voucher Top-Up,Excellent,None,Minimal / No Impact,Low / Inactive,8.2,206.3
2026-03-28,VP_10268,34,Western Cape,Suburban,Prepaid,4G Smartphone,Debit Order,Fair,None,Severe (Stage 4+),Low / Inactive,11.3,253.23
2026-01-28,VP_10269,55,KwaZulu-Natal,Rural,Prepaid,5G Smartphone,Voucher Top-Up,Excellent,None,Minimal / No Impact,Low / Inactive,11.2,251.71
2026-03-05,VP_10270,41,Gauteng,Suburban,Enterprise Hybrid,5G Smartphone,Voucher Top-Up,Fair,None,Moderate (Stage 1-3),Low / Inactive,29.6,530.23
2026-02-19,VP_10271,22,Western Cape,Urban,Postpaid Contract,5G Smartphone,Mobile App / EFT,Fair,Billing Query,Moderate (Stage 1-3),Moderate,8.6,212.36
2026-02-18,VP_10272,69,Gauteng,Rural,Prepaid,5G Smartphone,Voucher Top-Up,Good,Billing Query,Minimal / No Impact,High Active,15.4,315.29
2026-05-18,VP_10273,51,KwaZulu-Natal,Rural,Prepaid,Legacy Feature Phone,Voucher Top-Up,Excellent,SIM Swap / Technical,Moderate (Stage 1-3),Moderate,21.3,404.59
2026-04-25,VP_10274,23,Limpopo,Urban,Prepaid,4G Smartphone,Debit Order,Excellent,None,Minimal / No Impact,Moderate,17.6,348.59
2026-02-05,VP_10275,39,KwaZulu-Natal,Suburban,Prepaid,5G Smartphone,Voucher Top-Up,Fair,None,Moderate (Stage 1-3),Moderate,5.5,165.44
2026-04-19,VP_10276,28,Eastern Cape,Rural,Prepaid,5G Smartphone,Credit Card,Excellent,None,Moderate (Stage 1-3),Moderate,21.1,401.57
2026-02-16,VP_10277,65,Gauteng,Urban,Enterprise Hybrid,4G Smartphone,Debit Order,Excellent,None,Moderate (Stage 1-3),Low / Inactive,18.6,363.73
2026-03-13,VP_10278,33,Western Cape,Rural,Enterprise Hybrid,4G Smartphone,Debit Order,Good,SIM Swap / Technical,Severe (Stage 4+),High Active,23.9,443.95
2026-04-29,VP_10279,50,Limpopo,Urban,Prepaid,5G Smartphone,Voucher Top-Up,Excellent,None,Moderate (Stage 1-3),High Active,22.7,425.79
2026-03-05,VP_10280,26,Gauteng,Urban,Prepaid,Legacy Feature Phone,Voucher Top-Up,Excellent,None,Minimal / No Impact,Moderate,23.5,437.89
2026-01-20,VP_10281,23,Gauteng,Urban,Prepaid,5G Smartphone,Voucher Top-Up,Good,None,Moderate (Stage 1-3),Low / Inactive,1.4,103.38
2026-04-24,VP_10282,33,KwaZulu-Natal,Suburban,Prepaid,5G Smartphone,Voucher Top-Up,Excellent,None,Moderate (Stage 1-3),Low / Inactive,7.3,192.68
2026-05-21,VP_10283,46,Gauteng,Suburban,Prepaid,5G Smartphone,Voucher Top-Up,Excellent,None,Moderate (Stage 1-3),Moderate,31.8,563.53
2026-01-26,VP_10284,20,Western Cape,Rural,Prepaid,4G Smartphone,Debit Order,Good,None,Moderate (Stage 1-3),High Active,8.4,209.33
2026-01-13,VP_10285,37,Limpopo,Urban,Prepaid,5G Smartphone,Mobile App / EFT,Excellent,None,Severe (Stage 4+),Moderate,33.2,584.72
2026-06-16,VP_10286,53,KwaZulu-Natal,Urban,Postpaid Contract,5G Smartphone,Debit Order,Good,SIM Swap / Technical,Severe (Stage 4+),Low / Inactive,11.1,250.2
2026-05-19,VP_10287,36,Gauteng,Suburban,Postpaid Contract,5G Smartphone,Voucher Top-Up,Excellent,None,Severe (Stage 4+),Moderate,9.4,224.47
2026-01-04,VP_10288,43,KwaZulu-Natal,Suburban,Postpaid Contract,4G Smartphone,Voucher Top-Up,Good,None,Moderate (Stage 1-3),Moderate,11.4,254.74
2026-01-24,VP_10289,20,Western Cape,Urban,Prepaid,5G Smartphone,Mobile App / EFT,Good,None,Minimal / No Impact,High Active,105.5,1679.09
2026-03-02,VP_10290,36,Gauteng,Urban,Enterprise Hybrid,5G Smartphone,Mobile App / EFT,Good,Network Coverage,Severe (Stage 4+),High Active,14.4,300.15
2026-02-12,VP_10291,37,Western Cape,Suburban,Enterprise Hybrid,4G Smartphone,Voucher Top-Up,Excellent,None,Severe (Stage 4+),Moderate,27.6,499.95
2026-04-15,VP_10292,49,Western Cape,Suburban,Prepaid,5G Smartphone,Voucher Top-Up,Excellent,Network Coverage,Moderate (Stage 1-3),Low / Inactive,74.7,1212.89
2026-05-05,VP_10293,24,Western Cape,Urban,Prepaid,4G Smartphone,Debit Order,Fair,None,Severe (Stage 4+),Low / Inactive,21.9,413.68
2026-05-04,VP_10294,69,Gauteng,Urban,Prepaid,5G Smartphone,Debit Order,Excellent,None,Moderate (Stage 1-3),Low / Inactive,51.6,863.23
2026-02-24,VP_10295,58,Western Cape,Rural,Prepaid,5G Smartphone,Mobile App / EFT,Good,None,Severe (Stage 4+),Moderate,31.3,555.96
2026-04-13,VP_10296,50,Gauteng,Suburban,Prepaid,4G Smartphone,Mobile App / EFT,Poor / Frequent Drops,SIM Swap / Technical,Moderate (Stage 1-3),Moderate,24.2,448.49
2026-01-16,VP_10297,57,Gauteng,Urban,Prepaid,5G Smartphone,Credit Card,Good,None,Minimal / No Impact,Low / Inactive,5.3,162.41
2026-02-12,VP_10298,56,Eastern Cape,Urban,Prepaid,5G Smartphone,Debit Order,Excellent,None,Moderate (Stage 1-3),High Active,12.6,272.91
2026-04-08,VP_10299,35,Western Cape,Suburban,Prepaid,4G Smartphone,Voucher Top-Up,Excellent,None,Moderate (Stage 1-3),Low / Inactive,22,415.19
2026-01-01,VP_10300,57,Gauteng,Urban,Prepaid,LTE Router/MiFi,Voucher Top-Up,Poor / Frequent Drops,None,Moderate (Stage 1-3),Moderate,9.6,227.5
2026-04-10,VP_10301,18,Gauteng,Urban,Enterprise Hybrid,4G Smartphone,Voucher Top-Up,Good,None,Moderate (Stage 1-3),Low / Inactive,23.2,433.35
2026-03-09,VP_10302,28,Gauteng,Urban,Prepaid,4G Smartphone,Voucher Top-Up,Good,Billing Query,Minimal / No Impact,Low / Inactive,14,294.1
2026-04-27,VP_10303,45,Gauteng,Urban,Postpaid Contract,LTE Router/MiFi,Mobile App / EFT,Good,Network Coverage,Moderate (Stage 1-3),High Active,7.5,195.71
2026-03-15,VP_10304,74,Gauteng,Suburban,Prepaid,Legacy Feature Phone,Voucher Top-Up,Fair,SIM Swap / Technical,Severe (Stage 4+),High Active,27.6,499.95
2026-04-19,VP_10305,42,Gauteng,Urban,Prepaid,4G Smartphone,Debit Order,Good,None,Severe (Stage 4+),Moderate,20.1,386.43
2026-06-28,VP_10306,67,KwaZulu-Natal,Suburban,Prepaid,4G Smartphone,Debit Order,Excellent,None,Moderate (Stage 1-3),High Active,24.1,446.98
2026-05-23,VP_10307,40,Western Cape,Urban,Prepaid,5G Smartphone,Debit Order,Good,None,Moderate (Stage 1-3),Moderate,17.8,351.62
2026-06-19,VP_10308,48,Western Cape,Urban,Prepaid,5G Smartphone,Voucher Top-Up,Good,None,Moderate (Stage 1-3),Moderate,10.7,244.15
2026-05-05,VP_10309,47,Western Cape,Urban,Prepaid,4G Smartphone,Debit Order,Excellent,Network Coverage,Severe (Stage 4+),Moderate,15.1,310.75
2026-02-09,VP_10310,59,Gauteng,Rural,Prepaid,Legacy Feature Phone,Debit Order,Fair,None,Severe (Stage 4+),High Active,9.8,230.52
2026-02-18,VP_10311,52,Limpopo,Rural,Postpaid Contract,4G Smartphone,Voucher Top-Up,Excellent,Network Coverage,Moderate (Stage 1-3),Low / Inactive,45.8,775.44
2026-03-17,VP_10312,24,Eastern Cape,Urban,Prepaid,4G Smartphone,Mobile App / EFT,Good,Network Coverage,Minimal / No Impact,Moderate,20.5,392.48
2026-02-25,VP_10313,33,Eastern Cape,Suburban,Postpaid Contract,4G Smartphone,Mobile App / EFT,Excellent,None,Moderate (Stage 1-3),Low / Inactive,15.5,316.8
2026-01-15,VP_10314,43,Eastern Cape,Suburban,Prepaid,4G Smartphone,Debit Order,Excellent,None,Severe (Stage 4+),High Active,13.3,283.5
2026-05-29,VP_10315,65,Limpopo,Rural,Postpaid Contract,4G Smartphone,Debit Order,Good,None,Minimal / No Impact,Low / Inactive,7.1,189.65
2026-05-19,VP_10316,74,KwaZulu-Natal,Urban,Prepaid,4G Smartphone,Debit Order,Poor / Frequent Drops,None,Moderate (Stage 1-3),High Active,21.2,403.08
2026-01-16,VP_10317,69,Gauteng,Suburban,Postpaid Contract,5G Smartphone,Credit Card,Good,None,Moderate (Stage 1-3),Moderate,5.8,169.98
2026-03-22,VP_10318,66,Western Cape,Urban,Enterprise Hybrid,4G Smartphone,Voucher Top-Up,Excellent,SIM Swap / Technical,Severe (Stage 4+),Moderate,39.6,681.59
2026-01-15,VP_10319,19,Western Cape,Urban,Enterprise Hybrid,LTE Router/MiFi,Debit Order,Good,None,Moderate (Stage 1-3),Low / Inactive,26.5,483.3
2026-01-13,VP_10320,18,Western Cape,Rural,Prepaid,LTE Router/MiFi,Mobile App / EFT,Excellent,Billing Query,Minimal / No Impact,Moderate,8.3,207.82
2026-05-30,VP_10321,65,KwaZulu-Natal,Urban,Postpaid Contract,5G Smartphone,Voucher Top-Up,Excellent,Billing Query,Moderate (Stage 1-3),High Active,40.2,690.68
2026-05-03,VP_10322,29,Gauteng,Urban,Prepaid,LTE Router/MiFi,Mobile App / EFT,Excellent,Billing Query,Moderate (Stage 1-3),Low / Inactive,14.3,298.64
2026-05-09,VP_10323,22,KwaZulu-Natal,Urban,Enterprise Hybrid,5G Smartphone,Debit Order,Excellent,Billing Query,Moderate (Stage 1-3),Moderate,25.3,465.14
2026-05-16,VP_10324,54,Limpopo,Suburban,Prepaid,5G Smartphone,Voucher Top-Up,Good,None,Severe (Stage 4+),High Active,14.1,295.61
2026-02-10,VP_10325,49,Western Cape,Suburban,Prepaid,4G Smartphone,Voucher Top-Up,Good,Billing Query,Moderate (Stage 1-3),Moderate,14.5,301.67
2026-01-15,VP_10326,72,KwaZulu-Natal,Urban,Prepaid,5G Smartphone,Mobile App / EFT,Excellent,None,Severe (Stage 4+),High Active,33.1,583.21
2026-05-11,VP_10327,26,Gauteng,Rural,Prepaid,5G Smartphone,Mobile App / EFT,Fair,None,Moderate (Stage 1-3),High Active,15.8,321.34
2026-01-21,VP_10328,58,KwaZulu-Natal,Urban,Postpaid Contract,5G Smartphone,Voucher Top-Up,Excellent,None,Minimal / No Impact,Moderate,11.1,250.2
2026-02-17,VP_10329,52,Limpopo,Urban,Enterprise Hybrid,4G Smartphone,Debit Order,Poor / Frequent Drops,None,Minimal / No Impact,High Active,9.4,224.47
2026-01-18,VP_10330,36,Western Cape,Rural,Postpaid Contract,5G Smartphone,Voucher Top-Up,Good,SIM Swap / Technical,Minimal / No Impact,Moderate,13.4,285.01
2026-06-02,VP_10331,65,Eastern Cape,Urban,Postpaid Contract,4G Smartphone,Credit Card,Excellent,None,Moderate (Stage 1-3),Moderate,56.5,937.4
2026-01-18,VP_10332,33,KwaZulu-Natal,Urban,Postpaid Contract,4G Smartphone,Voucher Top-Up,Poor / Frequent Drops,None,Moderate (Stage 1-3),Low / Inactive,20.1,386.43
2026-06-22,VP_10333,20,Western Cape,Urban,Prepaid,4G Smartphone,Mobile App / EFT,Excellent,None,Moderate (Stage 1-3),Low / Inactive,7.8,200.25
2026-03-02,VP_10334,37,Gauteng,Suburban,Prepaid,LTE Router/MiFi,Voucher Top-Up,Good,None,Severe (Stage 4+),High Active,19.7,380.38
2026-04-14,VP_10335,41,Western Cape,Urban,Prepaid,4G Smartphone,Voucher Top-Up,Excellent,None,Severe (Stage 4+),Low / Inactive,39.8,684.62
2026-01-31,VP_10336,71,KwaZulu-Natal,Rural,Prepaid,5G Smartphone,Voucher Top-Up,Good,None,Moderate (Stage 1-3),Low / Inactive,40.6,696.73
2026-05-26,VP_10337,73,KwaZulu-Natal,Suburban,Prepaid,5G Smartphone,Voucher Top-Up,Good,Network Coverage,Severe (Stage 4+),Moderate,22,415.19
2026-03-05,VP_10338,50,Western Cape,Urban,Prepaid,4G Smartphone,Mobile App / EFT,Excellent,None,Minimal / No Impact,Low / Inactive,30.6,545.36
2026-05-29,VP_10339,41,Limpopo,Suburban,Prepaid,4G Smartphone,Voucher Top-Up,Excellent,None,Moderate (Stage 1-3),Moderate,15.7,319.83
2026-06-02,VP_10340,69,Gauteng,Urban,Prepaid,5G Smartphone,Voucher Top-Up,Good,None,Severe (Stage 4+),Low / Inactive,13.1,280.47
2026-01-11,VP_10341,28,Eastern Cape,Urban,Enterprise Hybrid,5G Smartphone,Debit Order,Excellent,None,Moderate (Stage 1-3),Moderate,8.4,209.33
2026-06-08,VP_10342,66,Gauteng,Suburban,Prepaid,4G Smartphone,Debit Order,Excellent,Network Coverage,Minimal / No Impact,Moderate,9.5,225.98
2026-01-21,VP_10343,25,KwaZulu-Natal,Rural,Prepaid,4G Smartphone,Credit Card,Good,None,Minimal / No Impact,Moderate,15.7,319.83
2026-04-18,VP_10344,53,Gauteng,Urban,Prepaid,4G Smartphone,Debit Order,Fair,None,Severe (Stage 4+),Moderate,29,521.15
2026-06-18,VP_10345,55,Gauteng,Urban,Prepaid,4G Smartphone,Mobile App / EFT,Excellent,None,Moderate (Stage 1-3),High Active,16.6,333.45
2026-05-30,VP_10346,57,KwaZulu-Natal,Urban,Prepaid,4G Smartphone,Voucher Top-Up,Excellent,Billing Query,Moderate (Stage 1-3),High Active,9.6,227.5
2026-05-25,VP_10347,37,Gauteng,Urban,Prepaid,4G Smartphone,Mobile App / EFT,Fair,None,Moderate (Stage 1-3),Moderate,34.3,601.37
2026-05-14,VP_10348,52,KwaZulu-Natal,Urban,Prepaid,4G Smartphone,Credit Card,Excellent,None,Moderate (Stage 1-3),Moderate,38,657.38
2026-03-22,VP_10349,65,Limpopo,Urban,Prepaid,Legacy Feature Phone,Voucher Top-Up,Good,None,Severe (Stage 4+),Moderate,10.3,238.09
2026-03-08,VP_10350,42,Gauteng,Suburban,Prepaid,4G Smartphone,Mobile App / EFT,Poor / Frequent Drops,SIM Swap / Technical,Moderate (Stage 1-3),Moderate,14.7,304.69
2026-02-22,VP_10351,52,Eastern Cape,Urban,Prepaid,5G Smartphone,Debit Order,Fair,Network Coverage,Moderate (Stage 1-3),High Active,5.4,163.92
2026-06-21,VP_10352,42,KwaZulu-Natal,Urban,Postpaid Contract,5G Smartphone,Voucher Top-Up,Excellent,None,Severe (Stage 4+),Moderate,29.7,531.74
2026-03-22,VP_10353,46,Western Cape,Suburban,Prepaid,4G Smartphone,Mobile App / EFT,Excellent,Network Coverage,Severe (Stage 4+),Low / Inactive,3.1,129.11
2026-03-03,VP_10354,35,Gauteng,Suburban,Prepaid,LTE Router/MiFi,Debit Order,Excellent,None,Severe (Stage 4+),Low / Inactive,16.3,328.91
2026-03-09,VP_10355,63,Gauteng,Urban,Prepaid,5G Smartphone,Voucher Top-Up,Poor / Frequent Drops,None,Moderate (Stage 1-3),Moderate,19.2,372.81
2026-04-12,VP_10356,35,Gauteng,Urban,Postpaid Contract,5G Smartphone,Mobile App / EFT,Poor / Frequent Drops,None,Severe (Stage 4+),Low / Inactive,10.3,238.09
2026-02-03,VP_10357,19,Gauteng,Suburban,Prepaid,LTE Router/MiFi,Mobile App / EFT,Excellent,Billing Query,Moderate (Stage 1-3),Low / Inactive,9.7,229.01
2026-06-21,VP_10358,71,Gauteng,Urban,Postpaid Contract,LTE Router/MiFi,Debit Order,Good,None,Moderate (Stage 1-3),High Active,25,460.6
2026-06-15,VP_10359,52,Western Cape,Urban,Postpaid Contract,5G Smartphone,Voucher Top-Up,Fair,Billing Query,Minimal / No Impact,Moderate,20.9,398.54
2026-03-18,VP_10360,33,Limpopo,Suburban,Prepaid,5G Smartphone,Debit Order,Excellent,None,Moderate (Stage 1-3),High Active,26,475.74
2026-04-28,VP_10361,58,Eastern Cape,Urban,Prepaid,4G Smartphone,Voucher Top-Up,Excellent,Billing Query,Minimal / No Impact,Moderate,4.4,148.79
2026-03-22,VP_10362,53,Western Cape,Urban,Prepaid,5G Smartphone,Voucher Top-Up,Excellent,None,Severe (Stage 4+),Low / Inactive,41.5,710.35
2026-01-19,VP_10363,50,Gauteng,Urban,Prepaid,LTE Router/MiFi,Voucher Top-Up,Good,None,Moderate (Stage 1-3),High Active,43.6,742.14
2026-01-03,VP_10364,21,Gauteng,Urban,Prepaid,5G Smartphone,Voucher Top-Up,Fair,None,Severe (Stage 4+),Low / Inactive,18.8,366.75
2026-04-28,VP_10365,50,Gauteng,Urban,Prepaid,5G Smartphone,Debit Order,Poor / Frequent Drops,None,Moderate (Stage 1-3),Moderate,12.9,277.45
2026-06-09,VP_10366,31,Gauteng,Rural,Prepaid,5G Smartphone,Debit Order,Excellent,None,Moderate (Stage 1-3),Moderate,15.6,318.32
2026-05-25,VP_10367,38,KwaZulu-Natal,Urban,Prepaid,5G Smartphone,Debit Order,Excellent,None,Moderate (Stage 1-3),High Active,37.8,654.35
2026-01-26,VP_10368,65,KwaZulu-Natal,Urban,Postpaid Contract,5G Smartphone,Voucher Top-Up,Good,SIM Swap / Technical,Moderate (Stage 1-3),High Active,9.5,225.98
2026-01-19,VP_10369,37,KwaZulu-Natal,Urban,Prepaid,5G Smartphone,Mobile App / EFT,Fair,None,Severe (Stage 4+),Moderate,4.2,145.76
2026-05-18,VP_10370,73,KwaZulu-Natal,Rural,Enterprise Hybrid,4G Smartphone,Debit Order,Good,None,Moderate (Stage 1-3),Low / Inactive,25.1,462.11
2026-02-24,VP_10371,25,Eastern Cape,Urban,Enterprise Hybrid,5G Smartphone,Debit Order,Good,None,Minimal / No Impact,Low / Inactive,16.5,331.94
2026-05-10,VP_10372,24,Eastern Cape,Urban,Enterprise Hybrid,LTE Router/MiFi,Voucher Top-Up,Good,None,Severe (Stage 4+),Moderate,36.1,628.62
2026-03-09,VP_10373,20,Gauteng,Rural,Postpaid Contract,5G Smartphone,Voucher Top-Up,Excellent,None,Minimal / No Impact,High Active,17.4,345.56
2026-02-03,VP_10374,34,Limpopo,Urban,Prepaid,4G Smartphone,Debit Order,Good,Billing Query,Severe (Stage 4+),High Active,57.2,948
2026-03-31,VP_10375,50,Limpopo,Urban,Prepaid,5G Smartphone,Debit Order,Poor / Frequent Drops,None,Moderate (Stage 1-3),Low / Inactive,59.6,984.33
2026-01-18,VP_10376,65,Gauteng,Urban,Prepaid,5G Smartphone,Debit Order,Excellent,Billing Query,Minimal / No Impact,High Active,11.4,254.74
2026-03-04,VP_10377,29,KwaZulu-Natal,Urban,Prepaid,4G Smartphone,Voucher Top-Up,Good,None,Severe (Stage 4+),Moderate,2.9,126.08
2026-04-05,VP_10378,68,KwaZulu-Natal,Urban,Postpaid Contract,4G Smartphone,Debit Order,Excellent,SIM Swap / Technical,Moderate (Stage 1-3),Moderate,19.3,374.32
2026-03-14,VP_10379,39,Limpopo,Suburban,Enterprise Hybrid,4G Smartphone,Voucher Top-Up,Good,None,Moderate (Stage 1-3),Moderate,5.3,162.41
2026-02-10,VP_10380,72,Eastern Cape,Urban,Prepaid,4G Smartphone,Voucher Top-Up,Good,None,Moderate (Stage 1-3),Moderate,4.8,154.84
2026-04-23,VP_10381,39,Gauteng,Suburban,Prepaid,4G Smartphone,Voucher Top-Up,Good,None,Moderate (Stage 1-3),Low / Inactive,30.9,549.91
2026-05-20,VP_10382,63,KwaZulu-Natal,Urban,Prepaid,4G Smartphone,Debit Order,Fair,SIM Swap / Technical,Moderate (Stage 1-3),Low / Inactive,21.1,401.57
2026-06-30,VP_10383,47,KwaZulu-Natal,Urban,Prepaid,LTE Router/MiFi,Voucher Top-Up,Excellent,None,Minimal / No Impact,Low / Inactive,9.9,232.04
2026-03-19,VP_10384,55,KwaZulu-Natal,Urban,Prepaid,4G Smartphone,Voucher Top-Up,Good,None,Severe (Stage 4+),Moderate,17.4,345.56
2026-06-06,VP_10385,55,Gauteng,Rural,Prepaid,Legacy Feature Phone,Credit Card,Excellent,None,Moderate (Stage 1-3),High Active,18.4,360.7
2026-06-17,VP_10386,62,Eastern Cape,Urban,Postpaid Contract,4G Smartphone,Debit Order,Fair,Network Coverage,Moderate (Stage 1-3),Low / Inactive,20.7,395.51
2026-05-16,VP_10387,68,Western Cape,Suburban,Prepaid,5G Smartphone,Voucher Top-Up,Excellent,None,Minimal / No Impact,High Active,34.8,608.94
2026-01-03,VP_10388,71,Eastern Cape,Urban,Enterprise Hybrid,5G Smartphone,Voucher Top-Up,Fair,None,Severe (Stage 4+),Moderate,15.9,322.86
2026-06-20,VP_10389,25,Eastern Cape,Urban,Postpaid Contract,4G Smartphone,Debit Order,Excellent,Network Coverage,Minimal / No Impact,High Active,3.3,132.14
2026-05-22,VP_10390,44,Western Cape,Urban,Postpaid Contract,4G Smartphone,Credit Card,Excellent,Network Coverage,Moderate (Stage 1-3),Moderate,44.4,754.25
2026-03-18,VP_10391,44,KwaZulu-Natal,Urban,Prepaid,4G Smartphone,Voucher Top-Up,Excellent,Billing Query,Moderate (Stage 1-3),Moderate,16.4,330.42
2026-06-19,VP_10392,51,Western Cape,Urban,Postpaid Contract,4G Smartphone,Voucher Top-Up,Poor / Frequent Drops,SIM Swap / Technical,Moderate (Stage 1-3),Low / Inactive,9.7,229.01
2026-01-27,VP_10393,38,Gauteng,Urban,Postpaid Contract,5G Smartphone,Debit Order,Excellent,None,Minimal / No Impact,Low / Inactive,5.6,166.95
2026-02-04,VP_10394,47,Western Cape,Suburban,Prepaid,5G Smartphone,Debit Order,Excellent,None,Moderate (Stage 1-3),Moderate,18.3,359.18
2026-03-09,VP_10395,50,Gauteng,Urban,Prepaid,5G Smartphone,Voucher Top-Up,Excellent,Billing Query,Moderate (Stage 1-3),High Active,14.2,297.12
2026-01-30,VP_10396,45,Western Cape,Suburban,Enterprise Hybrid,4G Smartphone,Debit Order,Excellent,Billing Query,Moderate (Stage 1-3),Moderate,8,203.28
2026-01-28,VP_10397,64,Gauteng,Urban,Prepaid,4G Smartphone,Voucher Top-Up,Excellent,Billing Query,Moderate (Stage 1-3),Moderate,31.9,565.04
2026-05-22,VP_10398,50,Gauteng,Urban,Prepaid,5G Smartphone,Voucher Top-Up,Good,Network Coverage,Severe (Stage 4+),Low / Inactive,6.5,180.57
2026-02-09,VP_10399,22,Gauteng,Suburban,Prepaid,4G Smartphone,Voucher Top-Up,Excellent,None,Minimal / No Impact,High Active,6.1,174.52
2026-03-11,VP_10400,65,Gauteng,Urban,Postpaid Contract,5G Smartphone,Voucher Top-Up,Good,None,Severe (Stage 4+),High Active,9.5,225.98
2026-03-14,VP_10401,36,Western Cape,Urban,Postpaid Contract,5G Smartphone,Debit Order,Excellent,None,Minimal / No Impact,Moderate,2.6,121.54
2026-06-04,VP_10402,21,Western Cape,Suburban,Prepaid,4G Smartphone,Voucher Top-Up,Good,Billing Query,Moderate (Stage 1-3),Low / Inactive,3.3,132.14
2026-02-23,VP_10403,52,KwaZulu-Natal,Rural,Prepaid,5G Smartphone,Voucher Top-Up,Good,None,Moderate (Stage 1-3),Moderate,6.7,183.6
2026-03-29,VP_10404,66,Gauteng,Urban,Enterprise Hybrid,4G Smartphone,Debit Order,Excellent,Network Coverage,Moderate (Stage 1-3),High Active,11.3,253.23
2026-02-22,VP_10405,34,Gauteng,Urban,Postpaid Contract,4G Smartphone,Debit Order,Excellent,None,Moderate (Stage 1-3),Moderate,6.7,183.6
2026-06-25,VP_10406,61,Gauteng,Rural,Postpaid Contract,LTE Router/MiFi,Debit Order,Excellent,None,Moderate (Stage 1-3),Moderate,18.4,360.7
2026-06-12,VP_10407,45,Gauteng,Urban,Prepaid,5G Smartphone,Debit Order,Excellent,None,Minimal / No Impact,High Active,7.6,197.22
2026-03-09,VP_10408,47,Limpopo,Suburban,Prepaid,4G Smartphone,Credit Card,Good,Billing Query,Severe (Stage 4+),Low / Inactive,19.5,377.35
2026-05-10,VP_10409,46,Gauteng,Urban,Prepaid,4G Smartphone,Voucher Top-Up,Good,None,Minimal / No Impact,High Active,8.5,210.85
2026-05-06,VP_10410,63,KwaZulu-Natal,Urban,Postpaid Contract,4G Smartphone,Debit Order,Good,Billing Query,Moderate (Stage 1-3),Moderate,17.9,353.13
2026-03-06,VP_10411,70,Gauteng,Suburban,Prepaid,4G Smartphone,Debit Order,Excellent,None,Minimal / No Impact,Moderate,41.8,714.89
2026-01-14,VP_10412,23,Gauteng,Urban,Prepaid,5G Smartphone,Debit Order,Excellent,None,Severe (Stage 4+),High Active,21.1,401.57
2026-01-24,VP_10413,52,KwaZulu-Natal,Urban,Prepaid,5G Smartphone,Voucher Top-Up,Excellent,None,Severe (Stage 4+),Low / Inactive,3,127.59
2026-06-12,VP_10414,58,Western Cape,Urban,Prepaid,4G Smartphone,Debit Order,Good,Billing Query,Moderate (Stage 1-3),Moderate,6.8,185.11
2026-04-19,VP_10415,54,Gauteng,Suburban,Postpaid Contract,4G Smartphone,Voucher Top-Up,Good,None,Moderate (Stage 1-3),High Active,3.8,139.7
2026-03-12,VP_10416,41,Gauteng,Suburban,Prepaid,5G Smartphone,Voucher Top-Up,Excellent,Network Coverage,Minimal / No Impact,Low / Inactive,4.6,151.81
2026-01-12,VP_10417,46,KwaZulu-Natal,Urban,Postpaid Contract,5G Smartphone,Mobile App / EFT,Fair,None,Severe (Stage 4+),Moderate,30.7,546.88
2026-01-01,VP_10418,66,Gauteng,Urban,Enterprise Hybrid,4G Smartphone,Debit Order,Excellent,None,Severe (Stage 4+),Moderate,13.4,285.01
2026-03-27,VP_10419,63,Gauteng,Suburban,Prepaid,5G Smartphone,Voucher Top-Up,Poor / Frequent Drops,None,Severe (Stage 4+),Low / Inactive,14.4,300.15
2026-02-03,VP_10420,70,Limpopo,Suburban,Postpaid Contract,5G Smartphone,Voucher Top-Up,Excellent,None,Severe (Stage 4+),Low / Inactive,30.9,549.91
2026-06-13,VP_10421,48,Western Cape,Suburban,Enterprise Hybrid,5G Smartphone,Voucher Top-Up,Fair,None,Moderate (Stage 1-3),Moderate,7.5,195.71
2026-03-09,VP_10422,52,KwaZulu-Natal,Urban,Enterprise Hybrid,5G Smartphone,Mobile App / EFT,Excellent,None,Moderate (Stage 1-3),High Active,18.3,359.18
2026-02-11,VP_10423,50,KwaZulu-Natal,Suburban,Prepaid,4G Smartphone,Voucher Top-Up,Fair,Billing Query,Moderate (Stage 1-3),High Active,25.2,463.63
2026-04-24,VP_10424,69,KwaZulu-Natal,Suburban,Prepaid,5G Smartphone,Voucher Top-Up,Excellent,None,Severe (Stage 4+),Low / Inactive,12.3,268.36
2026-05-22,VP_10425,38,KwaZulu-Natal,Urban,Prepaid,5G Smartphone,Voucher Top-Up,Excellent,None,Severe (Stage 4+),Low / Inactive,46.1,779.98
2026-06-30,VP_10426,49,Western Cape,Urban,Postpaid Contract,5G Smartphone,Credit Card,Excellent,None,Severe (Stage 4+),High Active,12.9,277.45
2026-04-20,VP_10427,40,Western Cape,Urban,Postpaid Contract,5G Smartphone,Voucher Top-Up,Poor / Frequent Drops,None,Moderate (Stage 1-3),High Active,6,173
2026-05-24,VP_10428,50,Gauteng,Suburban,Postpaid Contract,4G Smartphone,Credit Card,Poor / Frequent Drops,None,Moderate (Stage 1-3),Low / Inactive,8.2,206.3
2026-01-03,VP_10429,20,KwaZulu-Natal,Urban,Prepaid,5G Smartphone,Debit Order,Excellent,SIM Swap / Technical,Moderate (Stage 1-3),Moderate,17.2,342.53
2026-01-29,VP_10430,35,KwaZulu-Natal,Suburban,Prepaid,4G Smartphone,Voucher Top-Up,Good,Billing Query,Minimal / No Impact,High Active,25.7,471.19
2026-01-20,VP_10431,42,Eastern Cape,Rural,Prepaid,5G Smartphone,Credit Card,Good,Billing Query,Minimal / No Impact,High Active,6.5,180.57
2026-06-26,VP_10432,59,Western Cape,Suburban,Prepaid,5G Smartphone,Debit Order,Excellent,None,Moderate (Stage 1-3),Moderate,36.1,628.62
2026-02-08,VP_10433,48,KwaZulu-Natal,Rural,Postpaid Contract,5G Smartphone,Credit Card,Excellent,None,Moderate (Stage 1-3),Low / Inactive,6.1,174.52
2026-05-20,VP_10434,71,Gauteng,Rural,Prepaid,5G Smartphone,Debit Order,Poor / Frequent Drops,None,Minimal / No Impact,Low / Inactive,39.8,684.62
2026-01-10,VP_10435,20,Western Cape,Urban,Prepaid,4G Smartphone,Credit Card,Good,None,Moderate (Stage 1-3),Moderate,9,218.41
2026-04-05,VP_10436,57,Gauteng,Suburban,Prepaid,4G Smartphone,Voucher Top-Up,Excellent,None,Severe (Stage 4+),Low / Inactive,0.9,95.81
2026-05-30,VP_10437,63,Gauteng,Urban,Prepaid,4G Smartphone,Debit Order,Excellent,None,Moderate (Stage 1-3),High Active,23.5,437.89
2026-05-22,VP_10438,41,Gauteng,Rural,Prepaid,5G Smartphone,Mobile App / EFT,Excellent,Network Coverage,Minimal / No Impact,Low / Inactive,2.1,113.97
2026-02-07,VP_10439,67,Western Cape,Urban,Prepaid,5G Smartphone,Debit Order,Good,SIM Swap / Technical,Minimal / No Impact,High Active,98.5,1573.14
2026-04-21,VP_10440,49,Gauteng,Rural,Prepaid,5G Smartphone,Debit Order,Excellent,None,Severe (Stage 4+),Low / Inactive,16.9,337.99
2026-02-02,VP_10441,64,KwaZulu-Natal,Suburban,Prepaid,4G Smartphone,Debit Order,Good,Billing Query,Minimal / No Impact,Moderate,4.8,154.84
2026-01-11,VP_10442,39,Limpopo,Suburban,Prepaid,5G Smartphone,Voucher Top-Up,Excellent,Billing Query,Minimal / No Impact,High Active,11.8,260.8
2026-03-20,VP_10443,40,Gauteng,Urban,Postpaid Contract,4G Smartphone,Credit Card,Excellent,None,Severe (Stage 4+),Low / Inactive,4.2,145.76
2026-04-04,VP_10444,19,KwaZulu-Natal,Urban,Prepaid,5G Smartphone,Debit Order,Excellent,Network Coverage,Minimal / No Impact,High Active,22.5,422.76
2026-01-11,VP_10445,44,KwaZulu-Natal,Suburban,Postpaid Contract,5G Smartphone,Voucher Top-Up,Fair,None,Minimal / No Impact,Low / Inactive,2.9,126.08
2026-04-02,VP_10446,59,Gauteng,Urban,Postpaid Contract,LTE Router/MiFi,Debit Order,Excellent,Billing Query,Severe (Stage 4+),High Active,2.3,117
2026-02-23,VP_10447,19,Eastern Cape,Suburban,Prepaid,4G Smartphone,Voucher Top-Up,Fair,None,Moderate (Stage 1-3),High Active,46.4,784.52
2026-06-24,VP_10448,43,Gauteng,Urban,Enterprise Hybrid,4G Smartphone,Debit Order,Excellent,None,Moderate (Stage 1-3),Low / Inactive,6.4,179.06
2026-03-05,VP_10449,34,KwaZulu-Natal,Suburban,Prepaid,4G Smartphone,Debit Order,Good,None,Moderate (Stage 1-3),Moderate,18.8,366.75
2026-06-20,VP_10450,57,KwaZulu-Natal,Urban,Postpaid Contract,4G Smartphone,Debit Order,Excellent,Network Coverage,Minimal / No Impact,Moderate,13.1,280.47
2026-01-27,VP_10451,50,Western Cape,Suburban,Enterprise Hybrid,5G Smartphone,Voucher Top-Up,Good,None,Moderate (Stage 1-3),High Active,10.1,235.06
2026-04-01,VP_10452,26,Western Cape,Suburban,Postpaid Contract,4G Smartphone,Mobile App / EFT,Fair,None,Moderate (Stage 1-3),Moderate,10.6,242.63
2026-05-24,VP_10453,60,Gauteng,Urban,Prepaid,5G Smartphone,Voucher Top-Up,Excellent,None,Minimal / No Impact,Moderate,25.8,472.71
2026-04-15,VP_10454,71,Gauteng,Urban,Prepaid,4G Smartphone,Debit Order,Excellent,None,Minimal / No Impact,Moderate,13.9,292.58
2026-06-08,VP_10455,65,Western Cape,Urban,Prepaid,4G Smartphone,Voucher Top-Up,Good,Billing Query,Severe (Stage 4+),Moderate,5.4,163.92
2026-02-09,VP_10456,56,KwaZulu-Natal,Suburban,Postpaid Contract,4G Smartphone,Mobile App / EFT,Excellent,Billing Query,Minimal / No Impact,Moderate,4.9,156.35
2026-03-02,VP_10457,46,Eastern Cape,Urban,Postpaid Contract,4G Smartphone,Debit Order,Good,Network Coverage,Severe (Stage 4+),Low / Inactive,36.5,634.67
2026-02-11,VP_10458,59,Eastern Cape,Suburban,Prepaid,4G Smartphone,Debit Order,Excellent,Billing Query,Moderate (Stage 1-3),Moderate,26.9,489.36
2026-02-15,VP_10459,72,Eastern Cape,Urban,Prepaid,5G Smartphone,Debit Order,Good,Network Coverage,Moderate (Stage 1-3),Moderate,45.5,770.9
2026-04-16,VP_10460,43,KwaZulu-Natal,Urban,Postpaid Contract,5G Smartphone,Voucher Top-Up,Good,Billing Query,Moderate (Stage 1-3),Moderate,27.3,495.41
2026-01-07,VP_10461,52,Gauteng,Urban,Prepaid,5G Smartphone,Voucher Top-Up,Excellent,SIM Swap / Technical,Moderate (Stage 1-3),Moderate,6.4,179.06
2026-02-15,VP_10462,67,Eastern Cape,Urban,Postpaid Contract,4G Smartphone,Voucher Top-Up,Good,None,Severe (Stage 4+),High Active,12.5,271.39
2026-03-27,VP_10463,42,KwaZulu-Natal,Urban,Postpaid Contract,Legacy Feature Phone,Debit Order,Good,None,Severe (Stage 4+),Moderate,37,642.24
2026-04-16,VP_10464,41,Gauteng,Rural,Prepaid,5G Smartphone,Debit Order,Excellent,SIM Swap / Technical,Minimal / No Impact,Low / Inactive,5.4,163.92
2026-06-21,VP_10465,30,Eastern Cape,Rural,Postpaid Contract,5G Smartphone,Credit Card,Excellent,Billing Query,Severe (Stage 4+),Low / Inactive,3.2,130.62
2026-03-05,VP_10466,24,Limpopo,Urban,Prepaid,4G Smartphone,Debit Order,Good,Network Coverage,Severe (Stage 4+),Moderate,48.2,811.77
2026-03-10,VP_10467,74,KwaZulu-Natal,Suburban,Prepaid,LTE Router/MiFi,Credit Card,Excellent,None,Minimal / No Impact,Moderate,46.6,787.55
2026-02-10,VP_10468,53,Gauteng,Suburban,Enterprise Hybrid,4G Smartphone,Voucher Top-Up,Poor / Frequent Drops,Network Coverage,Moderate (Stage 1-3),Moderate,38.5,664.94
2026-06-29,VP_10469,62,KwaZulu-Natal,Urban,Postpaid Contract,5G Smartphone,Debit Order,Good,Billing Query,Moderate (Stage 1-3),Moderate,36.4,633.16
2026-01-28,VP_10470,37,Eastern Cape,Urban,Prepaid,Legacy Feature Phone,Voucher Top-Up,Excellent,None,Severe (Stage 4+),Low / Inactive,30,536.28
2026-04-08,VP_10471,18,Limpopo,Urban,Prepaid,4G Smartphone,Credit Card,Fair,None,Minimal / No Impact,Moderate,39,672.51
2026-01-10,VP_10472,25,Gauteng,Urban,Prepaid,5G Smartphone,Voucher Top-Up,Excellent,None,Minimal / No Impact,High Active,7.2,191.17
2026-05-01,VP_10473,63,Gauteng,Rural,Prepaid,LTE Router/MiFi,Mobile App / EFT,Good,Network Coverage,Severe (Stage 4+),Moderate,12.1,265.34
2026-02-26,VP_10474,33,Eastern Cape,Suburban,Prepaid,4G Smartphone,Debit Order,Excellent,Billing Query,Moderate (Stage 1-3),Moderate,9.6,227.5
2026-02-21,VP_10475,31,KwaZulu-Natal,Urban,Prepaid,5G Smartphone,Voucher Top-Up,Good,Network Coverage,Severe (Stage 4+),High Active,21.2,403.08
2026-04-28,VP_10476,29,KwaZulu-Natal,Urban,Prepaid,4G Smartphone,Mobile App / EFT,Good,None,Minimal / No Impact,High Active,3.1,129.11
2026-03-31,VP_10477,68,Limpopo,Suburban,Prepaid,4G Smartphone,Credit Card,Good,SIM Swap / Technical,Moderate (Stage 1-3),Low / Inactive,39,672.51
2026-03-20,VP_10478,40,Gauteng,Suburban,Prepaid,4G Smartphone,Voucher Top-Up,Excellent,None,Moderate (Stage 1-3),Moderate,3.3,132.14
2026-02-28,VP_10479,32,Western Cape,Suburban,Enterprise Hybrid,5G Smartphone,Voucher Top-Up,Excellent,None,Moderate (Stage 1-3),Low / Inactive,30.2,539.31
2026-02-27,VP_10480,45,Gauteng,Suburban,Postpaid Contract,Legacy Feature Phone,Debit Order,Excellent,None,Moderate (Stage 1-3),High Active,8.9,216.9
2026-01-07,VP_10481,51,KwaZulu-Natal,Urban,Prepaid,5G Smartphone,Debit Order,Excellent,SIM Swap / Technical,Minimal / No Impact,High Active,20.8,397.03
2026-06-18,VP_10482,19,Eastern Cape,Suburban,Prepaid,4G Smartphone,Debit Order,Excellent,None,Moderate (Stage 1-3),High Active,17.9,353.13
2026-02-19,VP_10483,49,KwaZulu-Natal,Suburban,Prepaid,4G Smartphone,Debit Order,Good,None,Minimal / No Impact,Moderate,1.9,110.94
2026-04-13,VP_10484,40,Limpopo,Urban,Prepaid,5G Smartphone,Debit Order,Fair,None,Moderate (Stage 1-3),Moderate,18.5,362.21
2026-03-26,VP_10485,39,KwaZulu-Natal,Suburban,Prepaid,5G Smartphone,Debit Order,Excellent,None,Severe (Stage 4+),Low / Inactive,6.1,174.52
2026-03-13,VP_10486,68,Gauteng,Urban,Postpaid Contract,LTE Router/MiFi,Credit Card,Excellent,Network Coverage,Moderate (Stage 1-3),Moderate,2,112.46
2026-01-18,VP_10487,42,Gauteng,Urban,Postpaid Contract,4G Smartphone,Voucher Top-Up,Fair,None,Moderate (Stage 1-3),Low / Inactive,16.5,331.94
2026-03-13,VP_10488,39,KwaZulu-Natal,Urban,Postpaid Contract,4G Smartphone,Voucher Top-Up,Fair,None,Moderate (Stage 1-3),High Active,2.7,123.05
2026-03-31,VP_10489,39,KwaZulu-Natal,Urban,Prepaid,4G Smartphone,Credit Card,Good,SIM Swap / Technical,Minimal / No Impact,High Active,46.1,779.98
2026-06-14,VP_10490,66,Gauteng,Urban,Enterprise Hybrid,4G Smartphone,Debit Order,Excellent,None,Moderate (Stage 1-3),High Active,6.2,176.03
2026-05-11,VP_10491,69,KwaZulu-Natal,Urban,Enterprise Hybrid,4G Smartphone,Voucher Top-Up,Good,Network Coverage,Minimal / No Impact,Moderate,17.4,345.56
2026-04-13,VP_10492,59,KwaZulu-Natal,Urban,Prepaid,5G Smartphone,Voucher Top-Up,Fair,None,Moderate (Stage 1-3),High Active,15.7,319.83
2026-06-23,VP_10493,23,Western Cape,Urban,Prepaid,5G Smartphone,Debit Order,Excellent,SIM Swap / Technical,Severe (Stage 4+),Moderate,30.5,543.85
2026-05-18,VP_10494,32,Western Cape,Urban,Prepaid,LTE Router/MiFi,Voucher Top-Up,Good,None,Severe (Stage 4+),High Active,8.6,212.36
2026-03-26,VP_10495,71,Western Cape,Urban,Prepaid,4G Smartphone,Debit Order,Good,Billing Query,Minimal / No Impact,High Active,9.6,227.5
2026-01-08,VP_10496,60,Gauteng,Suburban,Postpaid Contract,5G Smartphone,Debit Order,Excellent,Billing Query,Severe (Stage 4+),Moderate,16,324.37
2026-01-30,VP_10497,54,Gauteng,Urban,Prepaid,LTE Router/MiFi,Debit Order,Good,None,Severe (Stage 4+),Moderate,6.6,182.09
2026-03-08,VP_10498,50,Western Cape,Urban,Prepaid,4G Smartphone,Credit Card,Good,None,Severe (Stage 4+),Low / Inactive,10.1,235.06
2026-02-15,VP_10499,25,KwaZulu-Natal,Rural,Prepaid,5G Smartphone,Voucher Top-Up,Good,None,Moderate (Stage 1-3),Low / Inactive,7.3,192.68
2026-05-29,VP_10500,70,Gauteng,Suburban,Prepaid,Legacy Feature Phone,Voucher Top-Up,Good,None,Moderate (Stage 1-3),High Active,19.2,372.81
2026-03-09,VP_10501,61,Eastern Cape,Rural,Postpaid Contract,4G Smartphone,Voucher Top-Up,Excellent,None,Severe (Stage 4+),Low / Inactive,25.9,474.22
2026-01-10,VP_10502,61,Eastern Cape,Urban,Prepaid,5G Smartphone,Debit Order,Good,SIM Swap / Technical,Moderate (Stage 1-3),Moderate,33.1,583.21
2026-01-28,VP_10503,22,KwaZulu-Natal,Urban,Postpaid Contract,5G Smartphone,Voucher Top-Up,Good,None,Moderate (Stage 1-3),Moderate,31.5,558.99
2026-06-02,VP_10504,56,Gauteng,Suburban,Prepaid,4G Smartphone,Voucher Top-Up,Poor / Frequent Drops,None,Moderate (Stage 1-3),High Active,21.6,409.13
2026-04-22,VP_10505,21,Eastern Cape,Urban,Prepaid,4G Smartphone,Debit Order,Excellent,None,Minimal / No Impact,Moderate,21.3,404.59
2026-03-30,VP_10506,23,Western Cape,Urban,Prepaid,5G Smartphone,Voucher Top-Up,Excellent,None,Moderate (Stage 1-3),High Active,20.9,398.54
2026-03-22,VP_10507,62,Eastern Cape,Urban,Postpaid Contract,5G Smartphone,Debit Order,Poor / Frequent Drops,None,Moderate (Stage 1-3),High Active,14.1,295.61
2026-04-22,VP_10508,49,Eastern Cape,Suburban,Prepaid,5G Smartphone,Debit Order,Good,SIM Swap / Technical,Severe (Stage 4+),High Active,5.1,159.38
2026-06-05,VP_10509,69,Eastern Cape,Urban,Prepaid,4G Smartphone,Mobile App / EFT,Poor / Frequent Drops,Network Coverage,Minimal / No Impact,Moderate,40.1,689.16
2026-05-11,VP_10510,47,KwaZulu-Natal,Rural,Prepaid,5G Smartphone,Voucher Top-Up,Excellent,None,Moderate (Stage 1-3),Moderate,20.9,398.54
2026-01-30,VP_10511,64,Gauteng,Rural,Prepaid,5G Smartphone,Voucher Top-Up,Excellent,None,Moderate (Stage 1-3),Low / Inactive,26.5,483.3
2026-04-09,VP_10512,52,Western Cape,Urban,Enterprise Hybrid,4G Smartphone,Voucher Top-Up,Excellent,None,Minimal / No Impact,Moderate,9.3,222.95
2026-05-28,VP_10513,72,Western Cape,Suburban,Prepaid,4G Smartphone,Voucher Top-Up,Fair,Billing Query,Minimal / No Impact,Low / Inactive,58.9,973.73
2026-02-18,VP_10514,57,Western Cape,Suburban,Prepaid,4G Smartphone,Voucher Top-Up,Fair,Billing Query,Minimal / No Impact,Low / Inactive,36.5,634.67
2026-03-07,VP_10515,69,Gauteng,Suburban,Prepaid,5G Smartphone,Voucher Top-Up,Good,Billing Query,Minimal / No Impact,High Active,10.8,245.66
2026-01-12,VP_10516,33,Gauteng,Urban,Postpaid Contract,4G Smartphone,Voucher Top-Up,Excellent,None,Minimal / No Impact,Moderate,8.8,215.39
2026-04-22,VP_10517,30,Limpopo,Suburban,Prepaid,5G Smartphone,Credit Card,Excellent,SIM Swap / Technical,Moderate (Stage 1-3),Moderate,26.2,478.76
2026-01-01,VP_10518,67,Western Cape,Urban,Postpaid Contract,Legacy Feature Phone,Credit Card,Good,None,Severe (Stage 4+),Moderate,14.1,295.61
2026-05-14,VP_10519,59,Limpopo,Rural,Postpaid Contract,4G Smartphone,Voucher Top-Up,Good,None,Minimal / No Impact,Moderate,19,369.78
2026-05-18,VP_10520,47,Eastern Cape,Urban,Prepaid,5G Smartphone,Mobile App / EFT,Good,Network Coverage,Minimal / No Impact,Moderate,38.6,666.46
2026-06-25,VP_10521,36,Western Cape,Urban,Prepaid,5G Smartphone,Voucher Top-Up,Excellent,None,Severe (Stage 4+),High Active,18.7,365.24
2026-06-21,VP_10522,34,Western Cape,Suburban,Prepaid,4G Smartphone,Voucher Top-Up,Good,None,Moderate (Stage 1-3),Moderate,13.4,285.01
2026-02-20,VP_10523,73,Limpopo,Suburban,Postpaid Contract,4G Smartphone,Debit Order,Excellent,None,Severe (Stage 4+),High Active,21.7,410.65
2026-04-04,VP_10524,36,Western Cape,Suburban,Prepaid,4G Smartphone,Voucher Top-Up,Good,None,Minimal / No Impact,High Active,3.5,135.16
2026-04-21,VP_10525,45,Western Cape,Urban,Prepaid,4G Smartphone,Credit Card,Good,None,Moderate (Stage 1-3),Moderate,18,354.64
2026-01-18,VP_10526,72,Gauteng,Urban,Postpaid Contract,4G Smartphone,Mobile App / EFT,Poor / Frequent Drops,None,Severe (Stage 4+),Moderate,4.1,144.24
2026-06-20,VP_10527,43,KwaZulu-Natal,Rural,Prepaid,4G Smartphone,Mobile App / EFT,Good,None,Severe (Stage 4+),High Active,24.6,454.54
2026-03-26,VP_10528,54,Western Cape,Suburban,Prepaid,LTE Router/MiFi,Debit Order,Excellent,Network Coverage,Minimal / No Impact,Moderate,13.9,292.58
2026-06-09,VP_10529,43,Gauteng,Suburban,Prepaid,4G Smartphone,Voucher Top-Up,Excellent,None,Moderate (Stage 1-3),Moderate,45.3,767.87
2026-03-22,VP_10530,70,Gauteng,Urban,Prepaid,4G Smartphone,Debit Order,Poor / Frequent Drops,Billing Query,Moderate (Stage 1-3),High Active,34.5,604.4
2026-06-19,VP_10531,40,Gauteng,Urban,Prepaid,Legacy Feature Phone,Debit Order,Excellent,None,Moderate (Stage 1-3),Moderate,18.8,366.75
2026-02-01,VP_10532,26,Gauteng,Suburban,Prepaid,5G Smartphone,Voucher Top-Up,Excellent,None,Severe (Stage 4+),High Active,48.3,813.28
2026-03-18,VP_10533,29,Gauteng,Suburban,Enterprise Hybrid,5G Smartphone,Voucher Top-Up,Poor / Frequent Drops,None,Severe (Stage 4+),Low / Inactive,10.2,236.58
2026-05-10,VP_10534,70,KwaZulu-Natal,Urban,Prepaid,LTE Router/MiFi,Voucher Top-Up,Good,None,Moderate (Stage 1-3),Moderate,6.3,177.55
2026-03-21,VP_10535,18,Limpopo,Rural,Postpaid Contract,4G Smartphone,Voucher Top-Up,Good,Billing Query,Moderate (Stage 1-3),Moderate,13,278.96
2026-06-20,VP_10536,18,KwaZulu-Natal,Urban,Postpaid Contract,LTE Router/MiFi,Debit Order,Excellent,None,Moderate (Stage 1-3),Low / Inactive,12.9,277.45
2026-04-15,VP_10537,64,Gauteng,Urban,Prepaid,5G Smartphone,Debit Order,Fair,Network Coverage,Moderate (Stage 1-3),Low / Inactive,13.6,288.04
2026-03-25,VP_10538,51,Gauteng,Urban,Postpaid Contract,4G Smartphone,Mobile App / EFT,Excellent,Network Coverage,Severe (Stage 4+),Low / Inactive,16.2,327.4
2026-04-14,VP_10539,49,Western Cape,Urban,Prepaid,5G Smartphone,Debit Order,Excellent,None,Minimal / No Impact,High Active,2.8,124.57
2026-06-28,VP_10540,71,KwaZulu-Natal,Urban,Enterprise Hybrid,4G Smartphone,Debit Order,Excellent,None,Severe (Stage 4+),High Active,8,203.28
2026-03-17,VP_10541,65,Eastern Cape,Urban,Postpaid Contract,5G Smartphone,Mobile App / EFT,Excellent,None,Severe (Stage 4+),Moderate,10.1,235.06
2026-05-22,VP_10542,42,Western Cape,Urban,Prepaid,5G Smartphone,Credit Card,Poor / Frequent Drops,None,Severe (Stage 4+),Moderate,47.6,802.69
2026-02-02,VP_10543,57,Eastern Cape,Suburban,Prepaid,5G Smartphone,Voucher Top-Up,Good,None,Severe (Stage 4+),Low / Inactive,10,233.55
2026-02-19,VP_10544,62,Gauteng,Urban,Prepaid,4G Smartphone,Debit Order,Good,SIM Swap / Technical,Severe (Stage 4+),Moderate,10.8,245.66
2026-04-18,VP_10545,70,Western Cape,Urban,Prepaid,5G Smartphone,Debit Order,Poor / Frequent Drops,None,Moderate (Stage 1-3),Moderate,25.6,469.68
2026-06-20,VP_10546,18,Gauteng,Urban,Prepaid,5G Smartphone,Credit Card,Excellent,SIM Swap / Technical,Moderate (Stage 1-3),Moderate,13.2,281.99
2026-04-08,VP_10547,33,Limpopo,Urban,Prepaid,5G Smartphone,Mobile App / EFT,Excellent,Billing Query,Severe (Stage 4+),Low / Inactive,56.1,931.35
2026-06-23,VP_10548,56,Western Cape,Suburban,Postpaid Contract,5G Smartphone,Voucher Top-Up,Good,None,Moderate (Stage 1-3),High Active,27.4,496.93
2026-02-14,VP_10549,22,Gauteng,Urban,Prepaid,LTE Router/MiFi,Debit Order,Good,None,Minimal / No Impact,Low / Inactive,24.5,453.03
2026-06-07,VP_10550,39,Gauteng,Suburban,Postpaid Contract,5G Smartphone,Debit Order,Good,Billing Query,Severe (Stage 4+),Moderate,3.3,132.14
2026-05-26,VP_10551,46,Gauteng,Suburban,Postpaid Contract,5G Smartphone,Debit Order,Excellent,None,Moderate (Stage 1-3),Low / Inactive,19.6,378.86
2026-03-19,VP_10552,72,Western Cape,Urban,Prepaid,4G Smartphone,Voucher Top-Up,Good,None,Severe (Stage 4+),Moderate,17.2,342.53
2026-04-14,VP_10553,20,Gauteng,Urban,Postpaid Contract,4G Smartphone,Debit Order,Excellent,None,Severe (Stage 4+),Low / Inactive,31.3,555.96
2026-05-21,VP_10554,29,Western Cape,Urban,Prepaid,4G Smartphone,Credit Card,Excellent,Network Coverage,Moderate (Stage 1-3),High Active,25,460.6
2026-01-01,VP_10555,43,Gauteng,Urban,Prepaid,4G Smartphone,Debit Order,Excellent,Billing Query,Severe (Stage 4+),Low / Inactive,22.1,416.7
2026-03-19,VP_10556,33,Western Cape,Suburban,Postpaid Contract,LTE Router/MiFi,Voucher Top-Up,Excellent,None,Minimal / No Impact,Moderate,20.3,389.46
2026-03-15,VP_10557,68,Eastern Cape,Suburban,Prepaid,5G Smartphone,Debit Order,Excellent,None,Severe (Stage 4+),Moderate,10,233.55
2026-02-23,VP_10558,54,Eastern Cape,Urban,Prepaid,Legacy Feature Phone,Voucher Top-Up,Excellent,SIM Swap / Technical,Moderate (Stage 1-3),High Active,6.3,177.55
2026-04-21,VP_10559,39,Eastern Cape,Urban,Postpaid Contract,4G Smartphone,Debit Order,Poor / Frequent Drops,Network Coverage,Moderate (Stage 1-3),Moderate,20.8,397.03
2026-05-29,VP_10560,74,Gauteng,Urban,Enterprise Hybrid,4G Smartphone,Mobile App / EFT,Poor / Frequent Drops,None,Severe (Stage 4+),High Active,6.6,182.09
2026-06-05,VP_10561,46,Gauteng,Suburban,Postpaid Contract,4G Smartphone,Voucher Top-Up,Good,Network Coverage,Moderate (Stage 1-3),High Active,16.1,325.88
2026-06-17,VP_10562,31,Western Cape,Urban,Postpaid Contract,4G Smartphone,Debit Order,Poor / Frequent Drops,None,Moderate (Stage 1-3),High Active,42.2,720.95
2026-03-24,VP_10563,45,KwaZulu-Natal,Urban,Prepaid,5G Smartphone,Mobile App / EFT,Poor / Frequent Drops,None,Moderate (Stage 1-3),High Active,48,808.74
2026-04-30,VP_10564,22,KwaZulu-Natal,Urban,Prepaid,5G Smartphone,Voucher Top-Up,Excellent,None,Minimal / No Impact,Moderate,13.1,280.47
2026-04-24,VP_10565,64,Gauteng,Suburban,Postpaid Contract,Legacy Feature Phone,Credit Card,Good,None,Moderate (Stage 1-3),High Active,33.1,583.21
2026-04-24,VP_10566,66,Gauteng,Rural,Prepaid,4G Smartphone,Credit Card,Poor / Frequent Drops,Network Coverage,Moderate (Stage 1-3),High Active,15.9,322.86
2026-06-22,VP_10567,47,Gauteng,Urban,Prepaid,5G Smartphone,Credit Card,Good,None,Severe (Stage 4+),Moderate,6.3,177.55
2026-02-24,VP_10568,63,Eastern Cape,Urban,Prepaid,4G Smartphone,Debit Order,Excellent,None,Severe (Stage 4+),Moderate,16.1,325.88
2026-05-11,VP_10569,69,Gauteng,Rural,Postpaid Contract,4G Smartphone,Debit Order,Good,Network Coverage,Severe (Stage 4+),Moderate,69.7,1137.2
2026-05-02,VP_10570,22,KwaZulu-Natal,Urban,Prepaid,5G Smartphone,Credit Card,Excellent,Network Coverage,Minimal / No Impact,Moderate,23.8,442.44
2026-02-13,VP_10571,29,Gauteng,Suburban,Postpaid Contract,4G Smartphone,Voucher Top-Up,Excellent,None,Moderate (Stage 1-3),Moderate,7.5,195.71
2026-06-18,VP_10572,33,Western Cape,Urban,Prepaid,4G Smartphone,Debit Order,Excellent,None,Severe (Stage 4+),Moderate,20.6,394
2026-01-22,VP_10573,43,Gauteng,Suburban,Prepaid,5G Smartphone,Mobile App / EFT,Excellent,Billing Query,Severe (Stage 4+),Low / Inactive,28.2,509.04
2026-03-14,VP_10574,43,Limpopo,Urban,Prepaid,Legacy Feature Phone,Debit Order,Excellent,Billing Query,Severe (Stage 4+),High Active,32.9,580.18
2026-05-12,VP_10575,65,Limpopo,Rural,Prepaid,5G Smartphone,Voucher Top-Up,Fair,Billing Query,Severe (Stage 4+),Low / Inactive,13,278.96
2026-06-19,VP_10576,38,Gauteng,Suburban,Postpaid Contract,4G Smartphone,Mobile App / EFT,Excellent,None,Moderate (Stage 1-3),High Active,48.9,822.36
2026-06-12,VP_10577,56,Limpopo,Suburban,Prepaid,5G Smartphone,Mobile App / EFT,Excellent,None,Severe (Stage 4+),Moderate,14.7,304.69
2026-06-08,VP_10578,53,Limpopo,Suburban,Prepaid,4G Smartphone,Debit Order,Excellent,Network Coverage,Severe (Stage 4+),Moderate,20.8,397.03
2026-03-27,VP_10579,50,Eastern Cape,Suburban,Prepaid,5G Smartphone,Voucher Top-Up,Good,Network Coverage,Moderate (Stage 1-3),High Active,3.5,135.16
2026-01-24,VP_10580,47,Eastern Cape,Urban,Prepaid,5G Smartphone,Voucher Top-Up,Poor / Frequent Drops,None,Minimal / No Impact,Moderate,39.8,684.62
2026-03-02,VP_10581,54,Gauteng,Rural,Prepaid,4G Smartphone,Voucher Top-Up,Excellent,None,Moderate (Stage 1-3),Low / Inactive,5.2,160.89
2026-06-22,VP_10582,40,Western Cape,Rural,Prepaid,5G Smartphone,Debit Order,Excellent,Network Coverage,Minimal / No Impact,Moderate,26.8,487.85
2026-03-21,VP_10583,27,Gauteng,Urban,Enterprise Hybrid,4G Smartphone,Voucher Top-Up,Good,None,Severe (Stage 4+),Moderate,10.8,245.66
2026-02-27,VP_10584,71,Gauteng,Rural,Postpaid Contract,4G Smartphone,Voucher Top-Up,Good,None,Moderate (Stage 1-3),High Active,5.3,162.41
2026-02-20,VP_10585,22,Limpopo,Suburban,Prepaid,Legacy Feature Phone,Voucher Top-Up,Excellent,None,Severe (Stage 4+),Low / Inactive,11.4,254.74
2026-02-07,VP_10586,53,Gauteng,Urban,Prepaid,4G Smartphone,Mobile App / EFT,Excellent,None,Minimal / No Impact,Low / Inactive,3.3,132.14
2026-01-07,VP_10587,51,Western Cape,Urban,Prepaid,5G Smartphone,Voucher Top-Up,Good,None,Minimal / No Impact,Moderate,8.8,215.39
2026-01-12,VP_10588,69,Eastern Cape,Urban,Prepaid,5G Smartphone,Debit Order,Excellent,None,Moderate (Stage 1-3),Low / Inactive,9.7,229.01
2026-03-04,VP_10589,48,Eastern Cape,Urban,Postpaid Contract,LTE Router/MiFi,Voucher Top-Up,Poor / Frequent Drops,None,Minimal / No Impact,Moderate,5.5,165.44
2026-05-02,VP_10590,27,Limpopo,Urban,Postpaid Contract,4G Smartphone,Mobile App / EFT,Excellent,SIM Swap / Technical,Moderate (Stage 1-3),Moderate,20,384.92
2026-06-06,VP_10591,36,Gauteng,Urban,Prepaid,5G Smartphone,Debit Order,Excellent,SIM Swap / Technical,Severe (Stage 4+),Moderate,15.3,313.77
2026-01-19,VP_10592,49,Gauteng,Urban,Postpaid Contract,4G Smartphone,Voucher Top-Up,Fair,SIM Swap / Technical,Moderate (Stage 1-3),Moderate,19.9,383.4
2026-04-27,VP_10593,18,KwaZulu-Natal,Urban,Prepaid,4G Smartphone,Debit Order,Fair,Network Coverage,Moderate (Stage 1-3),High Active,10,233.55
2026-04-17,VP_10594,73,Gauteng,Rural,Prepaid,Legacy Feature Phone,Debit Order,Excellent,Billing Query,Severe (Stage 4+),Low / Inactive,13.4,285.01
2026-06-11,VP_10595,22,Gauteng,Urban,Prepaid,LTE Router/MiFi,Credit Card,Poor / Frequent Drops,None,Moderate (Stage 1-3),Low / Inactive,4.9,156.35
2026-05-28,VP_10596,62,KwaZulu-Natal,Urban,Prepaid,Legacy Feature Phone,Credit Card,Good,None,Moderate (Stage 1-3),Low / Inactive,9.2,221.44
2026-02-19,VP_10597,21,Eastern Cape,Urban,Enterprise Hybrid,LTE Router/MiFi,Voucher Top-Up,Excellent,None,Severe (Stage 4+),Moderate,5.2,160.89
2026-06-28,VP_10598,33,KwaZulu-Natal,Urban,Prepaid,LTE Router/MiFi,Voucher Top-Up,Good,None,Moderate (Stage 1-3),High Active,12.2,266.85
2026-04-09,VP_10599,41,Gauteng,Suburban,Prepaid,5G Smartphone,Mobile App / EFT,Excellent,None,Moderate (Stage 1-3),Moderate,9.2,221.44
2026-05-07,VP_10600,33,Western Cape,Suburban,Enterprise Hybrid,4G Smartphone,Credit Card,Excellent,SIM Swap / Technical,Severe (Stage 4+),Low / Inactive,26.7,486.33
2026-04-13,VP_10601,72,Gauteng,Suburban,Postpaid Contract,4G Smartphone,Voucher Top-Up,Excellent,None,Moderate (Stage 1-3),Low / Inactive,28.5,513.58
2026-03-04,VP_10602,19,Gauteng,Urban,Postpaid Contract,Legacy Feature Phone,Voucher Top-Up,Good,None,Minimal / No Impact,High Active,18.2,357.67
2026-02-07,VP_10603,66,Eastern Cape,Suburban,Enterprise Hybrid,4G Smartphone,Voucher Top-Up,Fair,Billing Query,Minimal / No Impact,Moderate,27.9,504.5
2026-06-17,VP_10604,45,Western Cape,Urban,Prepaid,5G Smartphone,Debit Order,Excellent,None,Moderate (Stage 1-3),Moderate,19.5,377.35
2026-06-26,VP_10605,49,Eastern Cape,Urban,Postpaid Contract,4G Smartphone,Voucher Top-Up,Excellent,SIM Swap / Technical,Moderate (Stage 1-3),High Active,10.3,238.09
2026-01-02,VP_10606,44,Gauteng,Urban,Postpaid Contract,4G Smartphone,Mobile App / EFT,Good,None,Severe (Stage 4+),Moderate,16.9,337.99
2026-01-28,VP_10607,37,Eastern Cape,Urban,Postpaid Contract,5G Smartphone,Mobile App / EFT,Good,None,Severe (Stage 4+),High Active,43.6,742.14
2026-04-19,VP_10608,41,Western Cape,Urban,Postpaid Contract,5G Smartphone,Mobile App / EFT,Fair,SIM Swap / Technical,Severe (Stage 4+),Moderate,31.4,557.47
2026-02-26,VP_10609,29,KwaZulu-Natal,Urban,Prepaid,4G Smartphone,Debit Order,Excellent,None,Minimal / No Impact,Low / Inactive,16.2,327.4
2026-02-15,VP_10610,67,Western Cape,Rural,Postpaid Contract,5G Smartphone,Voucher Top-Up,Good,None,Minimal / No Impact,Low / Inactive,3.2,130.62
2026-06-28,VP_10611,52,Eastern Cape,Urban,Prepaid,5G Smartphone,Debit Order,Excellent,None,Minimal / No Impact,Moderate,53.3,888.96
2026-05-13,VP_10612,50,Western Cape,Urban,Prepaid,5G Smartphone,Debit Order,Good,Billing Query,Moderate (Stage 1-3),Moderate,14.2,297.12
2026-04-29,VP_10613,50,Western Cape,Urban,Prepaid,LTE Router/MiFi,Credit Card,Excellent,None,Severe (Stage 4+),Moderate,34.3,601.37
2026-01-13,VP_10614,68,Limpopo,Suburban,Enterprise Hybrid,4G Smartphone,Voucher Top-Up,Excellent,Network Coverage,Moderate (Stage 1-3),Low / Inactive,15.7,319.83
2026-05-23,VP_10615,60,Eastern Cape,Urban,Prepaid,5G Smartphone,Mobile App / EFT,Good,SIM Swap / Technical,Moderate (Stage 1-3),Moderate,37.9,655.86
2026-03-05,VP_10616,54,KwaZulu-Natal,Rural,Prepaid,4G Smartphone,Debit Order,Fair,None,Moderate (Stage 1-3),Moderate,19.9,383.4
2026-02-01,VP_10617,29,Western Cape,Rural,Prepaid,4G Smartphone,Voucher Top-Up,Good,Billing Query,Moderate (Stage 1-3),Low / Inactive,3.6,136.68
2026-04-27,VP_10618,20,KwaZulu-Natal,Urban,Enterprise Hybrid,5G Smartphone,Voucher Top-Up,Poor / Frequent Drops,Network Coverage,Moderate (Stage 1-3),Low / Inactive,13,278.96
2026-02-04,VP_10619,18,Gauteng,Urban,Prepaid,5G Smartphone,Debit Order,Excellent,None,Moderate (Stage 1-3),Low / Inactive,20.1,386.43
2026-04-29,VP_10620,50,Western Cape,Urban,Postpaid Contract,4G Smartphone,Debit Order,Good,SIM Swap / Technical,Moderate (Stage 1-3),Low / Inactive,18.3,359.18
2026-06-20,VP_10621,57,Limpopo,Suburban,Postpaid Contract,4G Smartphone,Debit Order,Good,Billing Query,Moderate (Stage 1-3),Moderate,31.4,557.47
2026-05-16,VP_10622,27,Limpopo,Urban,Prepaid,4G Smartphone,Voucher Top-Up,Good,None,Severe (Stage 4+),Low / Inactive,19.9,383.4
2026-05-24,VP_10623,60,Gauteng,Urban,Prepaid,4G Smartphone,Credit Card,Fair,Billing Query,Moderate (Stage 1-3),Moderate,16.5,331.94
2026-06-02,VP_10624,61,KwaZulu-Natal,Urban,Postpaid Contract,5G Smartphone,Mobile App / EFT,Fair,None,Severe (Stage 4+),High Active,6.1,174.52
2026-03-23,VP_10625,46,Gauteng,Suburban,Enterprise Hybrid,Legacy Feature Phone,Credit Card,Good,None,Severe (Stage 4+),Moderate,49.9,837.5
2026-04-24,VP_10626,30,Limpopo,Urban,Postpaid Contract,5G Smartphone,Mobile App / EFT,Good,Billing Query,Severe (Stage 4+),Moderate,12.6,272.91
2026-06-06,VP_10627,29,Limpopo,Urban,Prepaid,4G Smartphone,Mobile App / EFT,Poor / Frequent Drops,None,Severe (Stage 4+),High Active,9.8,230.52
2026-05-10,VP_10628,48,Western Cape,Suburban,Postpaid Contract,5G Smartphone,Voucher Top-Up,Excellent,Billing Query,Minimal / No Impact,Low / Inactive,6.8,185.11
2026-04-20,VP_10629,63,Eastern Cape,Suburban,Prepaid,5G Smartphone,Voucher Top-Up,Fair,None,Moderate (Stage 1-3),High Active,8.9,216.9
2026-05-21,VP_10630,19,Western Cape,Rural,Prepaid,4G Smartphone,Voucher Top-Up,Poor / Frequent Drops,None,Minimal / No Impact,Low / Inactive,29.6,530.23
2026-04-25,VP_10631,68,Western Cape,Urban,Postpaid Contract,5G Smartphone,Mobile App / EFT,Good,Billing Query,Severe (Stage 4+),High Active,4.4,148.79
2026-02-10,VP_10632,67,Gauteng,Suburban,Prepaid,4G Smartphone,Debit Order,Good,SIM Swap / Technical,Severe (Stage 4+),Moderate,11.5,256.26
2026-05-02,VP_10633,52,KwaZulu-Natal,Suburban,Postpaid Contract,5G Smartphone,Debit Order,Excellent,Network Coverage,Moderate (Stage 1-3),Moderate,2.3,117
2026-04-26,VP_10634,40,Western Cape,Urban,Prepaid,4G Smartphone,Credit Card,Excellent,Network Coverage,Moderate (Stage 1-3),Moderate,8,203.28
2026-03-08,VP_10635,34,Western Cape,Suburban,Postpaid Contract,4G Smartphone,Debit Order,Good,None,Moderate (Stage 1-3),High Active,9.5,225.98
2026-03-05,VP_10636,43,KwaZulu-Natal,Urban,Prepaid,5G Smartphone,Credit Card,Excellent,Network Coverage,Moderate (Stage 1-3),Low / Inactive,8.7,213.87
2026-06-13,VP_10637,25,Limpopo,Rural,Prepaid,LTE Router/MiFi,Voucher Top-Up,Good,None,Minimal / No Impact,Moderate,6.8,185.11
2026-03-12,VP_10638,46,Gauteng,Urban,Postpaid Contract,5G Smartphone,Debit Order,Fair,None,Moderate (Stage 1-3),Low / Inactive,40.8,699.76
2026-05-14,VP_10639,43,KwaZulu-Natal,Suburban,Prepaid,5G Smartphone,Voucher Top-Up,Excellent,None,Moderate (Stage 1-3),High Active,9.6,227.5
2026-05-05,VP_10640,27,Western Cape,Urban,Prepaid,4G Smartphone,Mobile App / EFT,Excellent,Network Coverage,Moderate (Stage 1-3),Moderate,28.6,515.09
2026-06-10,VP_10641,43,Western Cape,Rural,Enterprise Hybrid,4G Smartphone,Debit Order,Good,None,Moderate (Stage 1-3),Low / Inactive,10.7,244.15
2026-03-03,VP_10642,51,Western Cape,Urban,Prepaid,4G Smartphone,Mobile App / EFT,Excellent,None,Moderate (Stage 1-3),High Active,5.3,162.41
2026-03-12,VP_10643,68,Gauteng,Rural,Enterprise Hybrid,5G Smartphone,Mobile App / EFT,Good,None,Moderate (Stage 1-3),High Active,25.4,466.65
2026-04-23,VP_10644,58,Gauteng,Rural,Prepaid,4G Smartphone,Debit Order,Good,None,Severe (Stage 4+),Moderate,33.8,593.8
2026-01-20,VP_10645,24,Western Cape,Urban,Prepaid,4G Smartphone,Debit Order,Excellent,Network Coverage,Moderate (Stage 1-3),Low / Inactive,5.2,160.89
2026-03-15,VP_10646,21,Western Cape,Suburban,Postpaid Contract,5G Smartphone,Debit Order,Excellent,None,Minimal / No Impact,Moderate,23.6,439.41
2026-03-02,VP_10647,70,Gauteng,Rural,Postpaid Contract,5G Smartphone,Debit Order,Fair,None,Severe (Stage 4+),Moderate,12.6,272.91
2026-03-11,VP_10648,67,Western Cape,Urban,Prepaid,4G Smartphone,Debit Order,Excellent,None,Moderate (Stage 1-3),Moderate,55.2,917.72
2026-03-27,VP_10649,62,KwaZulu-Natal,Urban,Prepaid,4G Smartphone,Voucher Top-Up,Good,None,Moderate (Stage 1-3),Low / Inactive,31.8,563.53
2026-03-23,VP_10650,28,Western Cape,Urban,Postpaid Contract,5G Smartphone,Voucher Top-Up,Poor / Frequent Drops,None,Moderate (Stage 1-3),High Active,44.5,755.76
2026-05-19,VP_10651,46,Eastern Cape,Urban,Prepaid,5G Smartphone,Mobile App / EFT,Fair,None,Minimal / No Impact,High Active,10.8,245.66
2026-01-21,VP_10652,73,Gauteng,Urban,Prepaid,5G Smartphone,Debit Order,Excellent,None,Moderate (Stage 1-3),High Active,46.3,783.01
2026-02-05,VP_10653,53,Gauteng,Urban,Prepaid,4G Smartphone,Voucher Top-Up,Good,None,Minimal / No Impact,High Active,27.3,495.41
2026-02-08,VP_10654,42,Eastern Cape,Urban,Prepaid,4G Smartphone,Voucher Top-Up,Good,Network Coverage,Moderate (Stage 1-3),Moderate,18,354.64
2026-03-01,VP_10655,38,Western Cape,Urban,Prepaid,4G Smartphone,Mobile App / EFT,Good,SIM Swap / Technical,Severe (Stage 4+),High Active,25.4,466.65
2026-04-09,VP_10656,74,Western Cape,Urban,Prepaid,4G Smartphone,Voucher Top-Up,Fair,None,Moderate (Stage 1-3),Moderate,6.7,183.6
2026-06-27,VP_10657,53,Eastern Cape,Rural,Prepaid,LTE Router/MiFi,Voucher Top-Up,Good,None,Minimal / No Impact,Moderate,18.1,356.16
2026-02-09,VP_10658,27,Eastern Cape,Suburban,Prepaid,4G Smartphone,Mobile App / EFT,Excellent,Billing Query,Minimal / No Impact,Moderate,12.5,271.39
2026-06-30,VP_10659,54,Limpopo,Urban,Prepaid,4G Smartphone,Debit Order,Good,None,Severe (Stage 4+),Low / Inactive,34.1,598.34
2026-02-24,VP_10660,26,KwaZulu-Natal,Suburban,Postpaid Contract,5G Smartphone,Debit Order,Good,None,Moderate (Stage 1-3),High Active,1.7,107.92
2026-01-17,VP_10661,41,KwaZulu-Natal,Suburban,Prepaid,4G Smartphone,Voucher Top-Up,Good,None,Moderate (Stage 1-3),Moderate,17.7,350.1
2026-04-17,VP_10662,52,KwaZulu-Natal,Rural,Postpaid Contract,4G Smartphone,Mobile App / EFT,Excellent,Network Coverage,Moderate (Stage 1-3),High Active,11.3,253.23
2026-04-15,VP_10663,66,Gauteng,Urban,Postpaid Contract,5G Smartphone,Debit Order,Excellent,Billing Query,Severe (Stage 4+),Moderate,49.2,826.9
2026-03-26,VP_10664,52,Western Cape,Urban,Prepaid,Legacy Feature Phone,Voucher Top-Up,Poor / Frequent Drops,None,Severe (Stage 4+),Moderate,14.1,295.61
2026-05-19,VP_10665,65,Gauteng,Rural,Postpaid Contract,LTE Router/MiFi,Voucher Top-Up,Excellent,None,Moderate (Stage 1-3),Low / Inactive,13,278.96
2026-04-30,VP_10666,53,Limpopo,Rural,Prepaid,4G Smartphone,Credit Card,Excellent,None,Moderate (Stage 1-3),Moderate,17.9,353.13
2026-04-17,VP_10667,35,Western Cape,Suburban,Postpaid Contract,4G Smartphone,Debit Order,Fair,None,Minimal / No Impact,Low / Inactive,25.9,474.22
2026-01-16,VP_10668,66,Western Cape,Suburban,Enterprise Hybrid,4G Smartphone,Debit Order,Good,None,Minimal / No Impact,Low / Inactive,3,127.59
2026-02-22,VP_10669,56,KwaZulu-Natal,Urban,Prepaid,5G Smartphone,Voucher Top-Up,Excellent,Network Coverage,Moderate (Stage 1-3),High Active,4.8,154.84
2026-04-18,VP_10670,49,Gauteng,Urban,Postpaid Contract,5G Smartphone,Voucher Top-Up,Good,None,Minimal / No Impact,High Active,49.4,829.93
2026-04-10,VP_10671,41,Gauteng,Urban,Prepaid,4G Smartphone,Voucher Top-Up,Good,None,Moderate (Stage 1-3),Moderate,18.6,363.73
2026-05-30,VP_10672,40,KwaZulu-Natal,Urban,Prepaid,4G Smartphone,Voucher Top-Up,Good,None,Minimal / No Impact,Low / Inactive,73.8,1199.26
2026-06-28,VP_10673,49,Gauteng,Suburban,Postpaid Contract,LTE Router/MiFi,Mobile App / EFT,Poor / Frequent Drops,None,Severe (Stage 4+),Moderate,7.4,194.2
2026-01-06,VP_10674,54,Western Cape,Urban,Prepaid,5G Smartphone,Mobile App / EFT,Excellent,SIM Swap / Technical,Severe (Stage 4+),High Active,23.7,440.92
2026-05-28,VP_10675,29,Limpopo,Urban,Prepaid,4G Smartphone,Credit Card,Good,None,Moderate (Stage 1-3),Low / Inactive,18.8,366.75
2026-04-08,VP_10676,66,Limpopo,Rural,Prepaid,4G Smartphone,Voucher Top-Up,Excellent,None,Minimal / No Impact,High Active,40.2,690.68
2026-05-03,VP_10677,72,Western Cape,Urban,Postpaid Contract,4G Smartphone,Credit Card,Excellent,None,Minimal / No Impact,Moderate,4,142.73
2026-01-02,VP_10678,30,Gauteng,Rural,Prepaid,LTE Router/MiFi,Debit Order,Good,None,Moderate (Stage 1-3),High Active,49.6,832.96
2026-04-01,VP_10679,40,Eastern Cape,Rural,Enterprise Hybrid,Legacy Feature Phone,Voucher Top-Up,Excellent,SIM Swap / Technical,Moderate (Stage 1-3),High Active,17.5,347.07
2026-03-18,VP_10680,42,Limpopo,Suburban,Prepaid,5G Smartphone,Voucher Top-Up,Good,None,Moderate (Stage 1-3),Moderate,15,309.23
2026-04-10,VP_10681,52,Gauteng,Urban,Prepaid,5G Smartphone,Mobile App / EFT,Excellent,None,Minimal / No Impact,Moderate,23.4,436.38
2026-04-18,VP_10682,58,Western Cape,Urban,Postpaid Contract,5G Smartphone,Voucher Top-Up,Excellent,None,Moderate (Stage 1-3),High Active,14.5,301.67
2026-05-18,VP_10683,47,Gauteng,Urban,Prepaid,4G Smartphone,Mobile App / EFT,Good,Billing Query,Moderate (Stage 1-3),Low / Inactive,17.9,353.13
2026-05-20,VP_10684,34,Eastern Cape,Urban,Postpaid Contract,5G Smartphone,Credit Card,Good,None,Severe (Stage 4+),High Active,36.5,634.67
2026-06-04,VP_10685,66,Limpopo,Urban,Prepaid,4G Smartphone,Voucher Top-Up,Excellent,Billing Query,Moderate (Stage 1-3),Moderate,6.6,182.09
2026-02-26,VP_10686,37,Gauteng,Rural,Prepaid,4G Smartphone,Mobile App / EFT,Poor / Frequent Drops,None,Moderate (Stage 1-3),Moderate,22.8,427.3
2026-05-05,VP_10687,65,Limpopo,Urban,Prepaid,4G Smartphone,Debit Order,Excellent,Network Coverage,Minimal / No Impact,Low / Inactive,23.4,436.38
2026-02-26,VP_10688,42,Western Cape,Suburban,Enterprise Hybrid,4G Smartphone,Debit Order,Excellent,None,Moderate (Stage 1-3),Low / Inactive,51.5,861.72
2026-03-11,VP_10689,39,Limpopo,Urban,Prepaid,4G Smartphone,Credit Card,Excellent,None,Moderate (Stage 1-3),High Active,12.2,266.85
2026-04-22,VP_10690,30,KwaZulu-Natal,Suburban,Postpaid Contract,4G Smartphone,Voucher Top-Up,Excellent,Billing Query,Minimal / No Impact,High Active,0.7,92.78
2026-05-05,VP_10691,36,Eastern Cape,Rural,Prepaid,5G Smartphone,Voucher Top-Up,Excellent,None,Severe (Stage 4+),Low / Inactive,10.8,245.66
2026-01-08,VP_10692,66,Gauteng,Urban,Prepaid,4G Smartphone,Voucher Top-Up,Fair,None,Severe (Stage 4+),Moderate,8.5,210.85
2026-04-10,VP_10693,53,Gauteng,Urban,Prepaid,4G Smartphone,Debit Order,Good,None,Moderate (Stage 1-3),Moderate,45.4,769.39
2026-03-28,VP_10694,29,Gauteng,Suburban,Enterprise Hybrid,4G Smartphone,Voucher Top-Up,Excellent,None,Moderate (Stage 1-3),High Active,0.5,89.75
2026-06-21,VP_10695,58,Limpopo,Suburban,Postpaid Contract,LTE Router/MiFi,Voucher Top-Up,Poor / Frequent Drops,None,Moderate (Stage 1-3),Low / Inactive,32.9,580.18
2026-06-23,VP_10696,36,Eastern Cape,Suburban,Postpaid Contract,LTE Router/MiFi,Debit Order,Excellent,None,Minimal / No Impact,Low / Inactive,20.9,398.54
2026-04-14,VP_10697,29,Eastern Cape,Urban,Prepaid,4G Smartphone,Debit Order,Excellent,None,Moderate (Stage 1-3),High Active,5,157.87
2026-02-12,VP_10698,26,Limpopo,Urban,Prepaid,5G Smartphone,Voucher Top-Up,Excellent,None,Severe (Stage 4+),Moderate,21.9,413.68
2026-04-30,VP_10699,24,Gauteng,Rural,Prepaid,4G Smartphone,Voucher Top-Up,Excellent,Network Coverage,Moderate (Stage 1-3),Low / Inactive,2.5,120.03
2026-02-02,VP_10700,45,KwaZulu-Natal,Rural,Enterprise Hybrid,5G Smartphone,Debit Order,Good,None,Severe (Stage 4+),Moderate,26.8,487.85
2026-06-09,VP_10701,31,Gauteng,Urban,Prepaid,5G Smartphone,Voucher Top-Up,Excellent,None,Moderate (Stage 1-3),Moderate,14.7,304.69
2026-05-17,VP_10702,48,Gauteng,Suburban,Prepaid,5G Smartphone,Credit Card,Good,Network Coverage,Severe (Stage 4+),Moderate,1.4,103.38
2026-01-07,VP_10703,69,Gauteng,Urban,Prepaid,5G Smartphone,Voucher Top-Up,Good,Billing Query,Minimal / No Impact,High Active,4.6,151.81
2026-04-11,VP_10704,36,KwaZulu-Natal,Urban,Prepaid,5G Smartphone,Mobile App / EFT,Fair,None,Moderate (Stage 1-3),Low / Inactive,27.4,496.93
2026-06-01,VP_10705,64,Gauteng,Urban,Prepaid,4G Smartphone,Credit Card,Good,None,Severe (Stage 4+),Moderate,53.1,885.94
2026-05-25,VP_10706,33,Gauteng,Urban,Postpaid Contract,Legacy Feature Phone,Debit Order,Excellent,Billing Query,Moderate (Stage 1-3),Moderate,54.1,901.07
2026-06-19,VP_10707,70,Gauteng,Urban,Prepaid,5G Smartphone,Debit Order,Excellent,None,Moderate (Stage 1-3),High Active,33.9,595.31
2026-01-07,VP_10708,22,Gauteng,Urban,Postpaid Contract,LTE Router/MiFi,Voucher Top-Up,Good,None,Moderate (Stage 1-3),Low / Inactive,3.5,135.16
2026-01-22,VP_10709,52,Limpopo,Urban,Postpaid Contract,5G Smartphone,Voucher Top-Up,Excellent,None,Moderate (Stage 1-3),Low / Inactive,37.7,652.83
2026-06-14,VP_10710,29,Eastern Cape,Suburban,Prepaid,5G Smartphone,Voucher Top-Up,Excellent,Billing Query,Minimal / No Impact,Moderate,58.7,970.7
2026-04-20,VP_10711,42,Limpopo,Suburban,Prepaid,4G Smartphone,Debit Order,Good,None,Moderate (Stage 1-3),Low / Inactive,45.1,764.84
2026-02-04,VP_10712,69,KwaZulu-Natal,Suburban,Prepaid,4G Smartphone,Voucher Top-Up,Excellent,Billing Query,Moderate (Stage 1-3),High Active,21,400.05
2026-04-29,VP_10713,38,Gauteng,Rural,Enterprise Hybrid,5G Smartphone,Debit Order,Fair,SIM Swap / Technical,Minimal / No Impact,Low / Inactive,5.9,171.49
2026-02-16,VP_10714,53,Eastern Cape,Urban,Prepaid,5G Smartphone,Credit Card,Excellent,None,Moderate (Stage 1-3),Moderate,36.4,633.16
2026-01-13,VP_10715,70,Gauteng,Suburban,Prepaid,4G Smartphone,Debit Order,Poor / Frequent Drops,Billing Query,Severe (Stage 4+),High Active,15.7,319.83
2026-03-08,VP_10716,40,Gauteng,Suburban,Prepaid,5G Smartphone,Credit Card,Fair,None,Severe (Stage 4+),High Active,15.6,318.32
2026-04-08,VP_10717,33,Gauteng,Urban,Prepaid,4G Smartphone,Debit Order,Excellent,None,Minimal / No Impact,Moderate,16.4,330.42
2026-03-25,VP_10718,74,Gauteng,Urban,Prepaid,4G Smartphone,Debit Order,Good,SIM Swap / Technical,Minimal / No Impact,Low / Inactive,16.6,333.45
2026-02-24,VP_10719,56,Gauteng,Urban,Prepaid,5G Smartphone,Debit Order,Good,None,Severe (Stage 4+),Low / Inactive,5.4,163.92
2026-04-27,VP_10720,62,KwaZulu-Natal,Rural,Postpaid Contract,LTE Router/MiFi,Credit Card,Good,None,Moderate (Stage 1-3),Moderate,12.1,265.34
2026-03-25,VP_10721,70,Western Cape,Urban,Postpaid Contract,5G Smartphone,Debit Order,Good,None,Severe (Stage 4+),High Active,49.5,831.45
2026-03-28,VP_10722,59,Gauteng,Rural,Prepaid,4G Smartphone,Voucher Top-Up,Good,None,Moderate (Stage 1-3),Low / Inactive,16.1,325.88
2026-04-08,VP_10723,56,Gauteng,Suburban,Prepaid,4G Smartphone,Mobile App / EFT,Excellent,None,Severe (Stage 4+),Moderate,11.4,254.74
2026-03-13,VP_10724,31,Eastern Cape,Suburban,Postpaid Contract,Legacy Feature Phone,Voucher Top-Up,Excellent,None,Severe (Stage 4+),Moderate,7.4,194.2
2026-04-18,VP_10725,48,Gauteng,Suburban,Prepaid,4G Smartphone,Voucher Top-Up,Poor / Frequent Drops,None,Minimal / No Impact,Low / Inactive,7,188.14
2026-03-06,VP_10726,22,Gauteng,Suburban,Postpaid Contract,4G Smartphone,Credit Card,Excellent,None,Moderate (Stage 1-3),High Active,27.5,498.44
2026-01-21,VP_10727,52,Eastern Cape,Urban,Prepaid,5G Smartphone,Mobile App / EFT,Excellent,None,Severe (Stage 4+),Moderate,20.6,394
2026-05-01,VP_10728,40,Gauteng,Urban,Postpaid Contract,4G Smartphone,Voucher Top-Up,Excellent,None,Minimal / No Impact,High Active,19,369.78
2026-01-05,VP_10729,46,Gauteng,Suburban,Prepaid,4G Smartphone,Voucher Top-Up,Fair,None,Moderate (Stage 1-3),High Active,26.8,487.85
2026-05-19,VP_10730,60,KwaZulu-Natal,Urban,Prepaid,4G Smartphone,Credit Card,Good,None,Moderate (Stage 1-3),Moderate,33,581.69
2026-01-14,VP_10731,28,Gauteng,Urban,Postpaid Contract,LTE Router/MiFi,Credit Card,Fair,None,Minimal / No Impact,High Active,17,339.51
2026-03-31,VP_10732,35,KwaZulu-Natal,Urban,Prepaid,5G Smartphone,Voucher Top-Up,Fair,Billing Query,Moderate (Stage 1-3),Moderate,29.8,533.25
2026-02-27,VP_10733,64,Eastern Cape,Rural,Prepaid,LTE Router/MiFi,Mobile App / EFT,Fair,None,Severe (Stage 4+),High Active,9.6,227.5
2026-06-16,VP_10734,29,Gauteng,Urban,Prepaid,LTE Router/MiFi,Debit Order,Good,None,Severe (Stage 4+),Moderate,36.4,633.16
2026-01-18,VP_10735,26,Western Cape,Suburban,Postpaid Contract,4G Smartphone,Voucher Top-Up,Excellent,Billing Query,Moderate (Stage 1-3),High Active,14.2,297.12
2026-06-16,VP_10736,27,KwaZulu-Natal,Urban,Prepaid,4G Smartphone,Debit Order,Excellent,None,Severe (Stage 4+),Low / Inactive,53.8,896.53
2026-01-11,VP_10737,61,Gauteng,Urban,Postpaid Contract,5G Smartphone,Debit Order,Good,None,Moderate (Stage 1-3),High Active,15.8,321.34
2026-01-08,VP_10738,34,Western Cape,Suburban,Prepaid,Legacy Feature Phone,Voucher Top-Up,Excellent,None,Severe (Stage 4+),Low / Inactive,6,173
2026-03-05,VP_10739,55,Gauteng,Urban,Prepaid,5G Smartphone,Voucher Top-Up,Good,None,Moderate (Stage 1-3),Moderate,20.8,397.03
2026-02-21,VP_10740,24,KwaZulu-Natal,Suburban,Postpaid Contract,4G Smartphone,Debit Order,Good,None,Severe (Stage 4+),Moderate,15,309.23
2026-01-06,VP_10741,63,Gauteng,Suburban,Prepaid,4G Smartphone,Voucher Top-Up,Good,SIM Swap / Technical,Moderate (Stage 1-3),Low / Inactive,4.6,151.81
2026-06-09,VP_10742,30,KwaZulu-Natal,Suburban,Prepaid,LTE Router/MiFi,Voucher Top-Up,Excellent,None,Moderate (Stage 1-3),High Active,55.5,922.27
2026-02-09,VP_10743,57,Gauteng,Urban,Prepaid,4G Smartphone,Credit Card,Excellent,None,Moderate (Stage 1-3),High Active,14.4,300.15
2026-03-03,VP_10744,59,Eastern Cape,Rural,Prepaid,4G Smartphone,Mobile App / EFT,Good,Network Coverage,Moderate (Stage 1-3),High Active,4.5,150.3
2026-02-02,VP_10745,26,Gauteng,Suburban,Postpaid Contract,5G Smartphone,Voucher Top-Up,Excellent,None,Minimal / No Impact,Moderate,14.8,306.21
2026-05-02,VP_10746,67,KwaZulu-Natal,Rural,Prepaid,5G Smartphone,Credit Card,Good,None,Moderate (Stage 1-3),Low / Inactive,9.8,230.52
2026-06-21,VP_10747,44,KwaZulu-Natal,Urban,Prepaid,5G Smartphone,Debit Order,Good,None,Moderate (Stage 1-3),High Active,11.1,250.2
2026-01-30,VP_10748,19,Western Cape,Urban,Prepaid,LTE Router/MiFi,Voucher Top-Up,Poor / Frequent Drops,None,Moderate (Stage 1-3),Low / Inactive,22.4,421.24
2026-05-25,VP_10749,22,Western Cape,Rural,Prepaid,4G Smartphone,Credit Card,Fair,Network Coverage,Moderate (Stage 1-3),Moderate,8.5,210.85
2026-02-25,VP_10750,46,Western Cape,Rural,Prepaid,4G Smartphone,Voucher Top-Up,Good,None,Severe (Stage 4+),High Active,32.8,578.66
2026-04-30,VP_10751,54,Eastern Cape,Urban,Enterprise Hybrid,4G Smartphone,Voucher Top-Up,Good,Network Coverage,Severe (Stage 4+),Low / Inactive,9.5,225.98
2026-06-29,VP_10752,55,Eastern Cape,Urban,Postpaid Contract,4G Smartphone,Debit Order,Excellent,None,Moderate (Stage 1-3),Low / Inactive,7.1,189.65
2026-03-07,VP_10753,36,Gauteng,Urban,Prepaid,5G Smartphone,Debit Order,Excellent,Network Coverage,Moderate (Stage 1-3),Low / Inactive,18,354.64
2026-04-05,VP_10754,25,KwaZulu-Natal,Urban,Prepaid,5G Smartphone,Voucher Top-Up,Good,None,Severe (Stage 4+),Moderate,3.3,132.14
2026-02-12,VP_10755,65,Eastern Cape,Urban,Enterprise Hybrid,5G Smartphone,Credit Card,Good,Network Coverage,Severe (Stage 4+),High Active,14.8,306.21
2026-06-05,VP_10756,62,Limpopo,Urban,Prepaid,4G Smartphone,Voucher Top-Up,Good,None,Severe (Stage 4+),Moderate,13.2,281.99
2026-06-05,VP_10757,18,Limpopo,Rural,Prepaid,5G Smartphone,Credit Card,Excellent,Billing Query,Minimal / No Impact,Moderate,12,263.82
2026-01-30,VP_10758,39,KwaZulu-Natal,Urban,Postpaid Contract,4G Smartphone,Credit Card,Fair,None,Severe (Stage 4+),Moderate,5.5,165.44
2026-02-11,VP_10759,69,Gauteng,Suburban,Prepaid,4G Smartphone,Debit Order,Excellent,Billing Query,Severe (Stage 4+),Moderate,8.5,210.85
2026-03-21,VP_10760,34,KwaZulu-Natal,Urban,Prepaid,4G Smartphone,Voucher Top-Up,Fair,None,Moderate (Stage 1-3),Low / Inactive,33,581.69
2026-01-28,VP_10761,24,Western Cape,Urban,Enterprise Hybrid,5G Smartphone,Voucher Top-Up,Good,None,Moderate (Stage 1-3),High Active,7.1,189.65
2026-05-29,VP_10762,42,KwaZulu-Natal,Urban,Postpaid Contract,5G Smartphone,Voucher Top-Up,Excellent,None,Moderate (Stage 1-3),Moderate,37.4,648.29
2026-01-07,VP_10763,62,KwaZulu-Natal,Urban,Prepaid,5G Smartphone,Debit Order,Excellent,None,Moderate (Stage 1-3),Low / Inactive,28.3,510.55
2026-03-21,VP_10764,21,Eastern Cape,Suburban,Prepaid,4G Smartphone,Credit Card,Excellent,None,Moderate (Stage 1-3),High Active,13.4,285.01
2026-05-28,VP_10765,53,KwaZulu-Natal,Rural,Prepaid,5G Smartphone,Mobile App / EFT,Fair,Billing Query,Moderate (Stage 1-3),Moderate,38.1,658.89
2026-06-23,VP_10766,23,Eastern Cape,Urban,Postpaid Contract,4G Smartphone,Voucher Top-Up,Fair,None,Severe (Stage 4+),High Active,23.1,431.84
2026-04-07,VP_10767,48,KwaZulu-Natal,Urban,Prepaid,4G Smartphone,Voucher Top-Up,Good,None,Moderate (Stage 1-3),Moderate,13.8,291.07
2026-04-12,VP_10768,36,Gauteng,Urban,Prepaid,5G Smartphone,Debit Order,Good,None,Minimal / No Impact,Moderate,7.8,200.25
2026-02-20,VP_10769,61,KwaZulu-Natal,Rural,Enterprise Hybrid,4G Smartphone,Voucher Top-Up,Good,None,Severe (Stage 4+),High Active,15.5,316.8
2026-01-20,VP_10770,71,Eastern Cape,Suburban,Prepaid,4G Smartphone,Credit Card,Good,SIM Swap / Technical,Severe (Stage 4+),High Active,46.8,790.58
2026-06-01,VP_10771,56,Gauteng,Urban,Prepaid,4G Smartphone,Mobile App / EFT,Good,None,Severe (Stage 4+),Moderate,15.3,313.77
2026-06-26,VP_10772,44,Gauteng,Suburban,Prepaid,5G Smartphone,Debit Order,Excellent,None,Severe (Stage 4+),Moderate,55,914.7
2026-06-10,VP_10773,27,Limpopo,Suburban,Prepaid,5G Smartphone,Voucher Top-Up,Fair,None,Severe (Stage 4+),High Active,11,248.69
2026-03-04,VP_10774,43,Gauteng,Urban,Prepaid,5G Smartphone,Voucher Top-Up,Good,None,Severe (Stage 4+),Low / Inactive,31,551.42
2026-01-27,VP_10775,36,KwaZulu-Natal,Urban,Enterprise Hybrid,5G Smartphone,Debit Order,Excellent,None,Severe (Stage 4+),Moderate,46.3,783.01
2026-06-28,VP_10776,56,Western Cape,Rural,Postpaid Contract,4G Smartphone,Debit Order,Fair,None,Moderate (Stage 1-3),High Active,12.5,271.39
2026-03-19,VP_10777,20,KwaZulu-Natal,Suburban,Prepaid,4G Smartphone,Voucher Top-Up,Good,None,Severe (Stage 4+),Low / Inactive,7.9,201.76
2026-06-25,VP_10778,62,Western Cape,Urban,Prepaid,LTE Router/MiFi,Voucher Top-Up,Excellent,None,Moderate (Stage 1-3),High Active,0.9,95.81
2026-06-03,VP_10779,30,Gauteng,Urban,Prepaid,5G Smartphone,Debit Order,Excellent,None,Moderate (Stage 1-3),High Active,13.9,292.58
2026-01-31,VP_10780,67,KwaZulu-Natal,Urban,Prepaid,5G Smartphone,Debit Order,Good,None,Moderate (Stage 1-3),Low / Inactive,26.5,483.3
2026-05-25,VP_10781,45,KwaZulu-Natal,Urban,Prepaid,4G Smartphone,Debit Order,Fair,None,Minimal / No Impact,High Active,7.6,197.22
2026-01-11,VP_10782,37,Western Cape,Suburban,Enterprise Hybrid,5G Smartphone,Debit Order,Fair,SIM Swap / Technical,Moderate (Stage 1-3),Low / Inactive,10.3,238.09
2026-03-30,VP_10783,45,Gauteng,Urban,Prepaid,5G Smartphone,Voucher Top-Up,Good,SIM Swap / Technical,Moderate (Stage 1-3),Low / Inactive,20.6,394
2026-05-17,VP_10784,25,Western Cape,Suburban,Prepaid,4G Smartphone,Debit Order,Excellent,Network Coverage,Severe (Stage 4+),Moderate,29.8,533.25
2026-04-20,VP_10785,58,Gauteng,Rural,Prepaid,5G Smartphone,Debit Order,Excellent,Network Coverage,Minimal / No Impact,High Active,20.3,389.46
2026-06-19,VP_10786,56,Gauteng,Urban,Prepaid,4G Smartphone,Mobile App / EFT,Excellent,None,Minimal / No Impact,High Active,7.2,191.17
2026-04-05,VP_10787,18,Gauteng,Urban,Prepaid,5G Smartphone,Debit Order,Fair,None,Severe (Stage 4+),High Active,10.3,238.09
2026-01-18,VP_10788,20,Gauteng,Urban,Prepaid,4G Smartphone,Voucher Top-Up,Poor / Frequent Drops,None,Moderate (Stage 1-3),Low / Inactive,7.8,200.25
2026-05-10,VP_10789,30,Eastern Cape,Suburban,Prepaid,4G Smartphone,Credit Card,Excellent,None,Moderate (Stage 1-3),Moderate,19.1,371.29
2026-06-15,VP_10790,45,Gauteng,Urban,Postpaid Contract,5G Smartphone,Voucher Top-Up,Fair,Network Coverage,Moderate (Stage 1-3),High Active,9.4,224.47
2026-03-29,VP_10791,74,Limpopo,Suburban,Prepaid,LTE Router/MiFi,Voucher Top-Up,Good,None,Moderate (Stage 1-3),Moderate,8.1,204.79
2026-01-04,VP_10792,66,Limpopo,Rural,Prepaid,4G Smartphone,Voucher Top-Up,Excellent,None,Severe (Stage 4+),High Active,7.8,200.25
2026-04-18,VP_10793,42,Western Cape,Urban,Prepaid,LTE Router/MiFi,Debit Order,Good,None,Severe (Stage 4+),High Active,51.4,860.21
2026-05-06,VP_10794,73,Gauteng,Rural,Postpaid Contract,5G Smartphone,Voucher Top-Up,Fair,None,Severe (Stage 4+),High Active,20,384.92
2026-01-28,VP_10795,50,KwaZulu-Natal,Rural,Prepaid,4G Smartphone,Voucher Top-Up,Excellent,None,Moderate (Stage 1-3),Low / Inactive,39.8,684.62
2026-04-21,VP_10796,55,Eastern Cape,Urban,Prepaid,4G Smartphone,Debit Order,Fair,None,Moderate (Stage 1-3),High Active,37.5,649.81
2026-04-03,VP_10797,70,KwaZulu-Natal,Urban,Prepaid,4G Smartphone,Voucher Top-Up,Excellent,SIM Swap / Technical,Minimal / No Impact,Moderate,38.5,664.94
2026-06-12,VP_10798,23,Gauteng,Rural,Postpaid Contract,4G Smartphone,Credit Card,Excellent,None,Moderate (Stage 1-3),High Active,33.5,589.26
2026-04-28,VP_10799,61,KwaZulu-Natal,Rural,Prepaid,4G Smartphone,Debit Order,Excellent,None,Severe (Stage 4+),Moderate,55.6,923.78
2026-02-09,VP_10800,62,Eastern Cape,Urban,Prepaid,LTE Router/MiFi,Voucher Top-Up,Fair,None,Severe (Stage 4+),Moderate,19.5,377.35
2026-04-22,VP_10801,49,Eastern Cape,Urban,Prepaid,5G Smartphone,Voucher Top-Up,Good,None,Minimal / No Impact,High Active,19.9,383.4
2026-02-15,VP_10802,62,Gauteng,Urban,Prepaid,5G Smartphone,Mobile App / EFT,Fair,None,Moderate (Stage 1-3),Moderate,20.4,390.97
2026-05-14,VP_10803,64,Western Cape,Rural,Prepaid,4G Smartphone,Mobile App / EFT,Good,None,Moderate (Stage 1-3),Moderate,3.5,135.16
2026-06-16,VP_10804,38,Gauteng,Urban,Prepaid,4G Smartphone,Mobile App / EFT,Good,None,Severe (Stage 4+),High Active,10.2,236.58
2026-03-11,VP_10805,33,Gauteng,Urban,Postpaid Contract,4G Smartphone,Voucher Top-Up,Fair,None,Moderate (Stage 1-3),Low / Inactive,34.5,604.4
2026-06-07,VP_10806,71,Eastern Cape,Suburban,Postpaid Contract,4G Smartphone,Debit Order,Good,None,Moderate (Stage 1-3),Moderate,14.1,295.61
2026-05-18,VP_10807,38,Gauteng,Urban,Prepaid,Legacy Feature Phone,Debit Order,Fair,None,Severe (Stage 4+),Moderate,34,596.83
2026-05-04,VP_10808,28,Gauteng,Suburban,Prepaid,4G Smartphone,Voucher Top-Up,Excellent,Network Coverage,Moderate (Stage 1-3),Moderate,15.3,313.77
2026-04-30,VP_10809,54,Gauteng,Urban,Prepaid,5G Smartphone,Voucher Top-Up,Good,None,Moderate (Stage 1-3),Low / Inactive,46.4,784.52
2026-04-22,VP_10810,53,Eastern Cape,Rural,Prepaid,5G Smartphone,Credit Card,Good,None,Moderate (Stage 1-3),Moderate,40.8,699.76
2026-06-01,VP_10811,52,Eastern Cape,Urban,Postpaid Contract,Legacy Feature Phone,Voucher Top-Up,Fair,Network Coverage,Minimal / No Impact,High Active,7.4,194.2
2026-03-10,VP_10812,36,Western Cape,Suburban,Enterprise Hybrid,4G Smartphone,Voucher Top-Up,Excellent,None,Moderate (Stage 1-3),Low / Inactive,3.9,141.22
2026-03-24,VP_10813,37,Eastern Cape,Suburban,Prepaid,LTE Router/MiFi,Voucher Top-Up,Good,None,Severe (Stage 4+),Low / Inactive,5.1,159.38
2026-03-04,VP_10814,74,Gauteng,Urban,Prepaid,5G Smartphone,Debit Order,Good,None,Minimal / No Impact,Low / Inactive,3.8,139.7
2026-01-23,VP_10815,35,KwaZulu-Natal,Urban,Prepaid,4G Smartphone,Voucher Top-Up,Excellent,Network Coverage,Severe (Stage 4+),High Active,23,430.33
2026-03-13,VP_10816,64,KwaZulu-Natal,Urban,Postpaid Contract,4G Smartphone,Voucher Top-Up,Excellent,Network Coverage,Minimal / No Impact,Moderate,21.6,409.13
2026-04-26,VP_10817,58,Gauteng,Urban,Postpaid Contract,5G Smartphone,Credit Card,Excellent,None,Minimal / No Impact,Moderate,21.9,413.68
2026-03-04,VP_10818,66,KwaZulu-Natal,Suburban,Postpaid Contract,4G Smartphone,Voucher Top-Up,Fair,Billing Query,Severe (Stage 4+),Moderate,19.3,374.32
2026-04-29,VP_10819,31,Limpopo,Suburban,Postpaid Contract,4G Smartphone,Credit Card,Good,None,Moderate (Stage 1-3),Low / Inactive,25,460.6
2026-05-26,VP_10820,32,Gauteng,Urban,Prepaid,4G Smartphone,Voucher Top-Up,Excellent,Network Coverage,Severe (Stage 4+),Moderate,7.1,189.65
2026-06-06,VP_10821,48,Gauteng,Suburban,Postpaid Contract,4G Smartphone,Debit Order,Fair,None,Moderate (Stage 1-3),Moderate,50.6,848.1
2026-06-21,VP_10822,18,Gauteng,Suburban,Postpaid Contract,4G Smartphone,Debit Order,Excellent,Network Coverage,Moderate (Stage 1-3),Moderate,26.2,478.76
2026-04-08,VP_10823,70,Gauteng,Suburban,Prepaid,LTE Router/MiFi,Debit Order,Good,None,Severe (Stage 4+),High Active,6.2,176.03
2026-03-28,VP_10824,71,Limpopo,Urban,Prepaid,4G Smartphone,Voucher Top-Up,Fair,None,Severe (Stage 4+),Moderate,9.2,221.44
2026-01-08,VP_10825,71,KwaZulu-Natal,Urban,Postpaid Contract,4G Smartphone,Debit Order,Fair,None,Moderate (Stage 1-3),High Active,23.1,431.84
2026-05-07,VP_10826,20,KwaZulu-Natal,Urban,Prepaid,5G Smartphone,Voucher Top-Up,Excellent,Billing Query,Moderate (Stage 1-3),High Active,43.5,740.63
2026-03-25,VP_10827,33,Eastern Cape,Urban,Postpaid Contract,4G Smartphone,Credit Card,Good,Billing Query,Moderate (Stage 1-3),High Active,9.1,219.93
2026-02-16,VP_10828,40,Gauteng,Urban,Postpaid Contract,4G Smartphone,Voucher Top-Up,Good,None,Moderate (Stage 1-3),Moderate,7.3,192.68
2026-05-05,VP_10829,74,KwaZulu-Natal,Urban,Postpaid Contract,5G Smartphone,Mobile App / EFT,Fair,Billing Query,Moderate (Stage 1-3),Moderate,32.2,569.58
2026-02-24,VP_10830,28,KwaZulu-Natal,Urban,Postpaid Contract,4G Smartphone,Debit Order,Good,None,Minimal / No Impact,Low / Inactive,33.4,587.75
2026-04-01,VP_10831,29,Western Cape,Suburban,Prepaid,5G Smartphone,Voucher Top-Up,Fair,Billing Query,Severe (Stage 4+),Moderate,14.4,300.15
2026-03-08,VP_10832,27,Limpopo,Urban,Postpaid Contract,4G Smartphone,Debit Order,Excellent,None,Moderate (Stage 1-3),Moderate,7.7,198.74
2026-03-29,VP_10833,49,Eastern Cape,Urban,Prepaid,5G Smartphone,Mobile App / EFT,Good,None,Moderate (Stage 1-3),High Active,11,248.69
2026-03-13,VP_10834,33,KwaZulu-Natal,Urban,Prepaid,5G Smartphone,Debit Order,Good,None,Minimal / No Impact,Low / Inactive,55.8,926.81
2026-06-02,VP_10835,25,Eastern Cape,Urban,Prepaid,Legacy Feature Phone,Voucher Top-Up,Good,None,Moderate (Stage 1-3),High Active,31.6,560.5
2026-06-29,VP_10836,55,Gauteng,Suburban,Prepaid,4G Smartphone,Voucher Top-Up,Good,Billing Query,Minimal / No Impact,Low / Inactive,25.6,469.68
2026-03-12,VP_10837,29,Gauteng,Urban,Prepaid,4G Smartphone,Voucher Top-Up,Poor / Frequent Drops,Billing Query,Moderate (Stage 1-3),Moderate,14.6,303.18
2026-05-23,VP_10838,41,Gauteng,Urban,Enterprise Hybrid,4G Smartphone,Mobile App / EFT,Fair,Billing Query,Moderate (Stage 1-3),High Active,35.9,625.59
2026-01-03,VP_10839,45,Gauteng,Urban,Prepaid,4G Smartphone,Debit Order,Excellent,None,Moderate (Stage 1-3),Moderate,9,218.41
2026-05-13,VP_10840,70,KwaZulu-Natal,Urban,Prepaid,4G Smartphone,Voucher Top-Up,Fair,Billing Query,Moderate (Stage 1-3),High Active,12.6,272.91
2026-02-18,VP_10841,25,Western Cape,Urban,Prepaid,4G Smartphone,Mobile App / EFT,Excellent,None,Moderate (Stage 1-3),High Active,11.4,254.74
2026-01-22,VP_10842,45,Limpopo,Rural,Prepaid,Legacy Feature Phone,Voucher Top-Up,Good,SIM Swap / Technical,Severe (Stage 4+),Moderate,11.2,251.71
2026-03-03,VP_10843,53,KwaZulu-Natal,Urban,Postpaid Contract,5G Smartphone,Voucher Top-Up,Fair,None,Minimal / No Impact,Moderate,4.8,154.84
2026-04-15,VP_10844,43,KwaZulu-Natal,Urban,Prepaid,LTE Router/MiFi,Debit Order,Excellent,None,Moderate (Stage 1-3),High Active,2.7,123.05
2026-05-06,VP_10845,25,Gauteng,Urban,Postpaid Contract,4G Smartphone,Mobile App / EFT,Fair,Billing Query,Minimal / No Impact,Moderate,14.7,304.69
2026-05-23,VP_10846,67,Gauteng,Urban,Postpaid Contract,4G Smartphone,Credit Card,Fair,Network Coverage,Moderate (Stage 1-3),Low / Inactive,43.6,742.14
2026-03-03,VP_10847,45,KwaZulu-Natal,Suburban,Prepaid,5G Smartphone,Voucher Top-Up,Good,None,Severe (Stage 4+),Moderate,34.8,608.94
2026-06-26,VP_10848,45,KwaZulu-Natal,Suburban,Postpaid Contract,4G Smartphone,Mobile App / EFT,Excellent,None,Moderate (Stage 1-3),High Active,21.8,412.16
2026-05-02,VP_10849,54,Eastern Cape,Suburban,Prepaid,4G Smartphone,Voucher Top-Up,Good,None,Moderate (Stage 1-3),High Active,16.4,330.42
2026-06-15,VP_10850,58,Gauteng,Urban,Prepaid,Legacy Feature Phone,Debit Order,Poor / Frequent Drops,None,Minimal / No Impact,High Active,58.1,961.62
2026-05-06,VP_10851,53,Gauteng,Urban,Postpaid Contract,Legacy Feature Phone,Debit Order,Excellent,Billing Query,Moderate (Stage 1-3),Moderate,24,445.46
2026-04-25,VP_10852,44,KwaZulu-Natal,Suburban,Postpaid Contract,Legacy Feature Phone,Voucher Top-Up,Good,SIM Swap / Technical,Severe (Stage 4+),Moderate,10.6,242.63
2026-01-05,VP_10853,71,Gauteng,Rural,Prepaid,5G Smartphone,Voucher Top-Up,Excellent,None,Moderate (Stage 1-3),Moderate,16.9,337.99
2026-01-24,VP_10854,34,Gauteng,Urban,Prepaid,Legacy Feature Phone,Mobile App / EFT,Excellent,None,Moderate (Stage 1-3),High Active,40.7,698.24
2026-03-17,VP_10855,26,Western Cape,Urban,Prepaid,4G Smartphone,Voucher Top-Up,Fair,Network Coverage,Moderate (Stage 1-3),High Active,2.6,121.54
2026-02-26,VP_10856,50,Gauteng,Urban,Prepaid,LTE Router/MiFi,Credit Card,Excellent,None,Moderate (Stage 1-3),Low / Inactive,37,642.24
2026-04-14,VP_10857,70,Western Cape,Urban,Enterprise Hybrid,5G Smartphone,Voucher Top-Up,Poor / Frequent Drops,None,Severe (Stage 4+),Moderate,16.5,331.94
2026-06-27,VP_10858,37,Gauteng,Urban,Prepaid,4G Smartphone,Voucher Top-Up,Good,Network Coverage,Severe (Stage 4+),Low / Inactive,14.3,298.64
2026-03-04,VP_10859,30,Gauteng,Urban,Prepaid,Legacy Feature Phone,Debit Order,Good,Network Coverage,Moderate (Stage 1-3),Low / Inactive,8.9,216.9
2026-03-20,VP_10860,45,KwaZulu-Natal,Suburban,Postpaid Contract,LTE Router/MiFi,Voucher Top-Up,Excellent,None,Severe (Stage 4+),Low / Inactive,21.4,406.11
2026-06-19,VP_10861,65,Eastern Cape,Urban,Prepaid,4G Smartphone,Mobile App / EFT,Poor / Frequent Drops,None,Moderate (Stage 1-3),High Active,22.6,424.27
2026-05-29,VP_10862,46,KwaZulu-Natal,Urban,Prepaid,4G Smartphone,Debit Order,Excellent,None,Moderate (Stage 1-3),High Active,17.4,345.56
2026-04-05,VP_10863,30,Eastern Cape,Urban,Enterprise Hybrid,5G Smartphone,Credit Card,Good,None,Minimal / No Impact,High Active,9.6,227.5
2026-05-02,VP_10864,63,Gauteng,Suburban,Postpaid Contract,4G Smartphone,Credit Card,Excellent,None,Minimal / No Impact,Low / Inactive,25.7,471.19
2026-05-22,VP_10865,52,Eastern Cape,Urban,Postpaid Contract,4G Smartphone,Voucher Top-Up,Good,None,Moderate (Stage 1-3),Moderate,44.7,758.79
2026-05-16,VP_10866,23,Gauteng,Suburban,Prepaid,5G Smartphone,Debit Order,Good,Billing Query,Moderate (Stage 1-3),Moderate,43.1,734.57
2026-03-30,VP_10867,35,Western Cape,Urban,Postpaid Contract,5G Smartphone,Debit Order,Good,Billing Query,Moderate (Stage 1-3),Low / Inactive,10.5,241.12
2026-04-19,VP_10868,68,KwaZulu-Natal,Suburban,Prepaid,5G Smartphone,Debit Order,Excellent,Network Coverage,Severe (Stage 4+),Low / Inactive,9.9,232.04
2026-05-21,VP_10869,22,Limpopo,Urban,Prepaid,4G Smartphone,Debit Order,Good,None,Severe (Stage 4+),Moderate,18.5,362.21
2026-03-26,VP_10870,64,KwaZulu-Natal,Urban,Enterprise Hybrid,5G Smartphone,Voucher Top-Up,Fair,None,Moderate (Stage 1-3),High Active,5.7,168.46
2026-04-01,VP_10871,42,Gauteng,Urban,Prepaid,4G Smartphone,Debit Order,Good,Network Coverage,Minimal / No Impact,High Active,23.7,440.92
2026-06-29,VP_10872,19,Gauteng,Urban,Postpaid Contract,5G Smartphone,Voucher Top-Up,Excellent,Billing Query,Severe (Stage 4+),Moderate,10.4,239.61
2026-04-27,VP_10873,27,Eastern Cape,Urban,Prepaid,4G Smartphone,Voucher Top-Up,Excellent,Network Coverage,Moderate (Stage 1-3),Low / Inactive,9,218.41
2026-03-11,VP_10874,73,KwaZulu-Natal,Suburban,Prepaid,4G Smartphone,Debit Order,Excellent,SIM Swap / Technical,Moderate (Stage 1-3),Low / Inactive,35.3,616.51
2026-03-20,VP_10875,47,Eastern Cape,Urban,Postpaid Contract,4G Smartphone,Voucher Top-Up,Excellent,Network Coverage,Minimal / No Impact,High Active,6.3,177.55
2026-03-06,VP_10876,67,Gauteng,Urban,Prepaid,4G Smartphone,Credit Card,Excellent,None,Severe (Stage 4+),High Active,26.4,481.79
2026-03-01,VP_10877,62,Gauteng,Urban,Postpaid Contract,4G Smartphone,Voucher Top-Up,Good,None,Severe (Stage 4+),Moderate,2.5,120.03
2026-01-31,VP_10878,22,Gauteng,Suburban,Prepaid,5G Smartphone,Voucher Top-Up,Excellent,None,Minimal / No Impact,Moderate,48.7,819.34
2026-02-19,VP_10879,72,Limpopo,Rural,Enterprise Hybrid,LTE Router/MiFi,Mobile App / EFT,Good,None,Severe (Stage 4+),High Active,17.1,341.02
2026-03-22,VP_10880,73,Western Cape,Suburban,Prepaid,5G Smartphone,Voucher Top-Up,Poor / Frequent Drops,None,Moderate (Stage 1-3),Moderate,4.3,147.27
2026-01-31,VP_10881,50,Limpopo,Urban,Prepaid,5G Smartphone,Mobile App / EFT,Poor / Frequent Drops,Billing Query,Moderate (Stage 1-3),Low / Inactive,16.5,331.94
2026-05-18,VP_10882,71,Gauteng,Suburban,Prepaid,4G Smartphone,Debit Order,Fair,None,Moderate (Stage 1-3),Low / Inactive,53.5,891.99
2026-06-26,VP_10883,18,Western Cape,Rural,Enterprise Hybrid,5G Smartphone,Mobile App / EFT,Excellent,Billing Query,Moderate (Stage 1-3),Moderate,5.7,168.46
2026-02-17,VP_10884,35,Western Cape,Suburban,Postpaid Contract,4G Smartphone,Debit Order,Excellent,None,Minimal / No Impact,Moderate,26.6,484.82
2026-02-19,VP_10885,49,Gauteng,Urban,Postpaid Contract,5G Smartphone,Credit Card,Fair,None,Severe (Stage 4+),High Active,20.3,389.46
2026-02-25,VP_10886,64,Eastern Cape,Urban,Prepaid,4G Smartphone,Debit Order,Excellent,Network Coverage,Severe (Stage 4+),Moderate,10.2,236.58
2026-05-04,VP_10887,66,Limpopo,Urban,Prepaid,5G Smartphone,Credit Card,Excellent,None,Moderate (Stage 1-3),High Active,17.3,344.05
2026-03-12,VP_10888,28,Limpopo,Urban,Prepaid,5G Smartphone,Credit Card,Good,None,Moderate (Stage 1-3),High Active,17.3,344.05
2026-05-31,VP_10889,38,Western Cape,Suburban,Prepaid,5G Smartphone,Debit Order,Excellent,None,Moderate (Stage 1-3),High Active,2.1,113.97
2026-05-15,VP_10890,43,Gauteng,Urban,Prepaid,4G Smartphone,Credit Card,Fair,Network Coverage,Minimal / No Impact,Moderate,8,203.28
2026-06-02,VP_10891,42,Gauteng,Urban,Enterprise Hybrid,Legacy Feature Phone,Debit Order,Fair,Network Coverage,Minimal / No Impact,Low / Inactive,11.6,257.77
2026-03-14,VP_10892,39,Limpopo,Suburban,Postpaid Contract,4G Smartphone,Debit Order,Fair,SIM Swap / Technical,Severe (Stage 4+),Low / Inactive,42.7,728.52
2026-01-26,VP_10893,44,Gauteng,Suburban,Prepaid,4G Smartphone,Voucher Top-Up,Fair,Network Coverage,Moderate (Stage 1-3),Moderate,65.3,1070.6
2026-02-19,VP_10894,66,Western Cape,Urban,Prepaid,4G Smartphone,Credit Card,Excellent,Billing Query,Severe (Stage 4+),Moderate,4.3,147.27
2026-03-17,VP_10895,30,Western Cape,Suburban,Postpaid Contract,Legacy Feature Phone,Voucher Top-Up,Good,None,Minimal / No Impact,High Active,29.3,525.69
2026-02-28,VP_10896,50,Western Cape,Urban,Prepaid,4G Smartphone,Voucher Top-Up,Excellent,None,Moderate (Stage 1-3),Moderate,3.9,141.22
2026-04-03,VP_10897,51,Limpopo,Rural,Prepaid,5G Smartphone,Voucher Top-Up,Good,None,Moderate (Stage 1-3),Moderate,56.4,935.89
2026-02-15,VP_10898,58,Gauteng,Suburban,Prepaid,4G Smartphone,Credit Card,Excellent,None,Minimal / No Impact,Moderate,22.1,416.7
2026-03-19,VP_10899,52,Gauteng,Urban,Prepaid,4G Smartphone,Mobile App / EFT,Good,Billing Query,Moderate (Stage 1-3),High Active,14.1,295.61
2026-01-04,VP_10900,18,Gauteng,Suburban,Postpaid Contract,5G Smartphone,Debit Order,Poor / Frequent Drops,None,Severe (Stage 4+),Moderate,11.5,256.26
2026-05-17,VP_10901,38,KwaZulu-Natal,Rural,Prepaid,5G Smartphone,Debit Order,Excellent,None,Moderate (Stage 1-3),High Active,16.2,327.4
2026-02-02,VP_10902,65,Gauteng,Urban,Prepaid,LTE Router/MiFi,Debit Order,Excellent,None,Moderate (Stage 1-3),High Active,8.9,216.9
2026-03-12,VP_10903,72,Gauteng,Urban,Prepaid,LTE Router/MiFi,Voucher Top-Up,Excellent,None,Moderate (Stage 1-3),Moderate,12.8,275.93
2026-01-12,VP_10904,23,Eastern Cape,Suburban,Postpaid Contract,4G Smartphone,Debit Order,Good,Billing Query,Moderate (Stage 1-3),High Active,5.7,168.46
2026-01-14,VP_10905,45,Limpopo,Urban,Prepaid,Legacy Feature Phone,Debit Order,Excellent,None,Severe (Stage 4+),Moderate,24.3,450
2026-05-22,VP_10906,34,Gauteng,Urban,Prepaid,4G Smartphone,Mobile App / EFT,Fair,Billing Query,Moderate (Stage 1-3),Moderate,11.8,260.8
2026-03-16,VP_10907,22,KwaZulu-Natal,Rural,Enterprise Hybrid,5G Smartphone,Debit Order,Good,None,Moderate (Stage 1-3),High Active,18.2,357.67
2026-06-28,VP_10908,48,Limpopo,Suburban,Enterprise Hybrid,5G Smartphone,Voucher Top-Up,Good,SIM Swap / Technical,Minimal / No Impact,Low / Inactive,38.9,671
2026-02-02,VP_10909,22,Gauteng,Urban,Enterprise Hybrid,5G Smartphone,Voucher Top-Up,Good,None,Severe (Stage 4+),Low / Inactive,26.6,484.82
2026-06-13,VP_10910,55,Gauteng,Urban,Postpaid Contract,5G Smartphone,Debit Order,Excellent,None,Severe (Stage 4+),High Active,7.7,198.74
2026-05-06,VP_10911,20,Gauteng,Urban,Prepaid,5G Smartphone,Voucher Top-Up,Excellent,Billing Query,Moderate (Stage 1-3),Moderate,24.9,459.09
2026-01-27,VP_10912,70,Western Cape,Urban,Prepaid,4G Smartphone,Voucher Top-Up,Fair,None,Moderate (Stage 1-3),Moderate,19,369.78
2026-01-04,VP_10913,40,Gauteng,Urban,Prepaid,4G Smartphone,Mobile App / EFT,Fair,None,Severe (Stage 4+),Low / Inactive,2,112.46
2026-05-27,VP_10914,54,Limpopo,Suburban,Prepaid,LTE Router/MiFi,Debit Order,Excellent,None,Moderate (Stage 1-3),Low / Inactive,25.2,463.63
2026-03-14,VP_10915,70,KwaZulu-Natal,Urban,Enterprise Hybrid,4G Smartphone,Voucher Top-Up,Excellent,None,Minimal / No Impact,High Active,17,339.51
2026-05-01,VP_10916,54,KwaZulu-Natal,Urban,Postpaid Contract,LTE Router/MiFi,Mobile App / EFT,Excellent,Network Coverage,Moderate (Stage 1-3),Moderate,11,248.69
2026-05-03,VP_10917,27,Gauteng,Urban,Postpaid Contract,4G Smartphone,Mobile App / EFT,Excellent,None,Moderate (Stage 1-3),Low / Inactive,27.2,493.9
2026-04-23,VP_10918,27,KwaZulu-Natal,Rural,Prepaid,LTE Router/MiFi,Mobile App / EFT,Excellent,None,Minimal / No Impact,Moderate,8.7,213.87
2026-03-29,VP_10919,36,Western Cape,Urban,Enterprise Hybrid,4G Smartphone,Credit Card,Good,None,Severe (Stage 4+),High Active,25.5,468.17
2026-02-17,VP_10920,34,Eastern Cape,Urban,Postpaid Contract,5G Smartphone,Mobile App / EFT,Fair,None,Moderate (Stage 1-3),High Active,40.1,689.16
2026-01-14,VP_10921,38,Eastern Cape,Urban,Prepaid,LTE Router/MiFi,Voucher Top-Up,Excellent,None,Moderate (Stage 1-3),High Active,6.4,179.06
2026-03-06,VP_10922,31,Western Cape,Suburban,Postpaid Contract,5G Smartphone,Mobile App / EFT,Good,Network Coverage,Moderate (Stage 1-3),High Active,24.5,453.03
2026-05-03,VP_10923,26,Limpopo,Suburban,Prepaid,4G Smartphone,Voucher Top-Up,Excellent,None,Minimal / No Impact,Moderate,0.7,92.78
2026-01-30,VP_10924,63,Eastern Cape,Urban,Prepaid,5G Smartphone,Debit Order,Good,SIM Swap / Technical,Severe (Stage 4+),High Active,14.8,306.21
2026-01-17,VP_10925,18,Eastern Cape,Urban,Postpaid Contract,4G Smartphone,Debit Order,Good,None,Severe (Stage 4+),High Active,19.6,378.86
2026-04-13,VP_10926,68,Gauteng,Urban,Postpaid Contract,Legacy Feature Phone,Debit Order,Fair,Billing Query,Minimal / No Impact,Moderate,10.6,242.63
2026-05-06,VP_10927,62,Gauteng,Urban,Prepaid,5G Smartphone,Debit Order,Excellent,SIM Swap / Technical,Severe (Stage 4+),Low / Inactive,15.9,322.86
2026-01-19,VP_10928,30,Gauteng,Urban,Prepaid,LTE Router/MiFi,Debit Order,Excellent,None,Moderate (Stage 1-3),Low / Inactive,10.8,245.66
2026-05-28,VP_10929,21,Western Cape,Urban,Enterprise Hybrid,5G Smartphone,Debit Order,Good,Billing Query,Moderate (Stage 1-3),High Active,6.7,183.6
2026-06-11,VP_10930,18,KwaZulu-Natal,Urban,Postpaid Contract,5G Smartphone,Mobile App / EFT,Excellent,None,Minimal / No Impact,Low / Inactive,30,536.28
2026-06-25,VP_10931,66,KwaZulu-Natal,Urban,Postpaid Contract,5G Smartphone,Credit Card,Excellent,None,Moderate (Stage 1-3),Low / Inactive,4,142.73
2026-01-14,VP_10932,57,Limpopo,Urban,Prepaid,4G Smartphone,Voucher Top-Up,Excellent,None,Moderate (Stage 1-3),Low / Inactive,22.1,416.7
2026-02-08,VP_10933,49,Limpopo,Suburban,Prepaid,5G Smartphone,Mobile App / EFT,Good,Network Coverage,Moderate (Stage 1-3),Low / Inactive,12.1,265.34
2026-02-08,VP_10934,51,Limpopo,Urban,Prepaid,4G Smartphone,Debit Order,Excellent,None,Minimal / No Impact,Low / Inactive,15.8,321.34
2026-05-25,VP_10935,45,Gauteng,Urban,Prepaid,5G Smartphone,Credit Card,Poor / Frequent Drops,None,Minimal / No Impact,High Active,21.3,404.59
2026-03-19,VP_10936,48,Western Cape,Urban,Prepaid,5G Smartphone,Voucher Top-Up,Good,SIM Swap / Technical,Severe (Stage 4+),High Active,36,627.1
2026-01-22,VP_10937,25,Gauteng,Rural,Prepaid,4G Smartphone,Debit Order,Excellent,None,Minimal / No Impact,Moderate,10.7,244.15
2026-03-05,VP_10938,56,Gauteng,Rural,Prepaid,5G Smartphone,Debit Order,Good,None,Minimal / No Impact,High Active,5.8,169.98
2026-01-31,VP_10939,43,Gauteng,Urban,Prepaid,5G Smartphone,Debit Order,Excellent,SIM Swap / Technical,Moderate (Stage 1-3),Low / Inactive,16.7,334.97
2026-05-23,VP_10940,51,Gauteng,Urban,Postpaid Contract,5G Smartphone,Debit Order,Good,None,Moderate (Stage 1-3),Moderate,16.8,336.48
2026-04-17,VP_10941,71,KwaZulu-Natal,Urban,Prepaid,4G Smartphone,Debit Order,Good,None,Moderate (Stage 1-3),Low / Inactive,46.7,789.06
2026-06-05,VP_10942,71,Eastern Cape,Urban,Prepaid,4G Smartphone,Debit Order,Good,Network Coverage,Moderate (Stage 1-3),Low / Inactive,6.1,174.52
2026-06-02,VP_10943,20,Gauteng,Urban,Prepaid,5G Smartphone,Debit Order,Fair,None,Moderate (Stage 1-3),Moderate,26.5,483.3
2026-06-08,VP_10944,67,Western Cape,Suburban,Prepaid,5G Smartphone,Debit Order,Excellent,None,Severe (Stage 4+),High Active,20.1,386.43
2026-02-27,VP_10945,29,KwaZulu-Natal,Urban,Prepaid,4G Smartphone,Credit Card,Poor / Frequent Drops,None,Severe (Stage 4+),High Active,34.1,598.34
2026-05-14,VP_10946,18,Gauteng,Rural,Enterprise Hybrid,5G Smartphone,Debit Order,Fair,Billing Query,Severe (Stage 4+),Moderate,5.8,169.98
2026-04-08,VP_10947,71,KwaZulu-Natal,Urban,Postpaid Contract,LTE Router/MiFi,Debit Order,Excellent,None,Minimal / No Impact,Low / Inactive,15.4,315.29
2026-04-26,VP_10948,61,Gauteng,Suburban,Prepaid,4G Smartphone,Voucher Top-Up,Excellent,None,Moderate (Stage 1-3),Low / Inactive,38.1,658.89
2026-04-24,VP_10949,22,Western Cape,Suburban,Prepaid,4G Smartphone,Mobile App / EFT,Excellent,None,Moderate (Stage 1-3),High Active,1.7,107.92
2026-03-18,VP_10950,47,KwaZulu-Natal,Urban,Prepaid,5G Smartphone,Voucher Top-Up,Excellent,None,Minimal / No Impact,High Active,4.9,156.35
2026-05-31,VP_10951,47,Gauteng,Urban,Postpaid Contract,4G Smartphone,Mobile App / EFT,Good,Billing Query,Moderate (Stage 1-3),High Active,25.4,466.65
2026-04-20,VP_10952,74,Gauteng,Urban,Prepaid,4G Smartphone,Debit Order,Excellent,None,Minimal / No Impact,High Active,4.3,147.27
2026-03-20,VP_10953,34,KwaZulu-Natal,Urban,Prepaid,4G Smartphone,Debit Order,Poor / Frequent Drops,None,Severe (Stage 4+),Low / Inactive,16.3,328.91
2026-05-26,VP_10954,65,Limpopo,Urban,Postpaid Contract,4G Smartphone,Debit Order,Excellent,None,Moderate (Stage 1-3),High Active,7.6,197.22
2026-06-08,VP_10955,64,Gauteng,Suburban,Postpaid Contract,4G Smartphone,Voucher Top-Up,Excellent,None,Moderate (Stage 1-3),Moderate,19.6,378.86
2026-01-16,VP_10956,40,Western Cape,Urban,Postpaid Contract,4G Smartphone,Voucher Top-Up,Excellent,None,Severe (Stage 4+),Moderate,53.4,890.48
2026-06-06,VP_10957,32,Western Cape,Rural,Postpaid Contract,5G Smartphone,Voucher Top-Up,Excellent,None,Moderate (Stage 1-3),Moderate,9.2,221.44
2026-01-26,VP_10958,54,Limpopo,Urban,Enterprise Hybrid,4G Smartphone,Debit Order,Fair,None,Moderate (Stage 1-3),Moderate,8.2,206.3
2026-02-23,VP_10959,38,Eastern Cape,Rural,Prepaid,5G Smartphone,Voucher Top-Up,Good,None,Moderate (Stage 1-3),Moderate,36.3,631.64
2026-06-10,VP_10960,31,KwaZulu-Natal,Urban,Prepaid,4G Smartphone,Debit Order,Excellent,Billing Query,Moderate (Stage 1-3),Moderate,6.2,176.03
2026-02-24,VP_10961,19,Western Cape,Suburban,Postpaid Contract,4G Smartphone,Voucher Top-Up,Fair,None,Moderate (Stage 1-3),Moderate,4.5,150.3
2026-03-09,VP_10962,28,Limpopo,Urban,Postpaid Contract,4G Smartphone,Voucher Top-Up,Fair,None,Moderate (Stage 1-3),High Active,7.3,192.68
2026-06-19,VP_10963,68,KwaZulu-Natal,Urban,Enterprise Hybrid,4G Smartphone,Voucher Top-Up,Fair,SIM Swap / Technical,Severe (Stage 4+),Moderate,23.4,436.38
2026-01-21,VP_10964,56,Gauteng,Rural,Prepaid,5G Smartphone,Debit Order,Fair,None,Minimal / No Impact,Low / Inactive,7.7,198.74
2026-02-10,VP_10965,55,Gauteng,Urban,Prepaid,5G Smartphone,Mobile App / EFT,Good,None,Moderate (Stage 1-3),Moderate,20.5,392.48
2026-03-03,VP_10966,51,Eastern Cape,Suburban,Prepaid,4G Smartphone,Voucher Top-Up,Good,Billing Query,Moderate (Stage 1-3),Moderate,25.7,471.19
2026-02-14,VP_10967,55,Eastern Cape,Suburban,Prepaid,LTE Router/MiFi,Debit Order,Excellent,None,Severe (Stage 4+),Moderate,12.5,271.39
2026-05-22,VP_10968,67,Gauteng,Urban,Prepaid,4G Smartphone,Credit Card,Excellent,Billing Query,Moderate (Stage 1-3),Low / Inactive,11.8,260.8
2026-01-20,VP_10969,51,Western Cape,Urban,Postpaid Contract,5G Smartphone,Voucher Top-Up,Good,SIM Swap / Technical,Minimal / No Impact,Moderate,15.5,316.8
2026-02-10,VP_10970,35,KwaZulu-Natal,Suburban,Prepaid,LTE Router/MiFi,Voucher Top-Up,Fair,None,Minimal / No Impact,Moderate,55.2,917.72
2026-01-01,VP_10971,47,Gauteng,Urban,Postpaid Contract,Legacy Feature Phone,Debit Order,Good,Network Coverage,Moderate (Stage 1-3),Moderate,10.6,242.63
2026-04-15,VP_10972,32,Limpopo,Suburban,Postpaid Contract,4G Smartphone,Voucher Top-Up,Poor / Frequent Drops,None,Severe (Stage 4+),Low / Inactive,16.2,327.4
2026-04-26,VP_10973,44,Gauteng,Rural,Prepaid,4G Smartphone,Debit Order,Excellent,None,Moderate (Stage 1-3),High Active,46.3,783.01
2026-06-26,VP_10974,68,Gauteng,Urban,Prepaid,4G Smartphone,Voucher Top-Up,Good,None,Moderate (Stage 1-3),Low / Inactive,49,823.88
2026-06-02,VP_10975,51,Western Cape,Urban,Postpaid Contract,4G Smartphone,Voucher Top-Up,Good,None,Moderate (Stage 1-3),Moderate,9.8,230.52
2026-05-01,VP_10976,69,Western Cape,Suburban,Postpaid Contract,Legacy Feature Phone,Voucher Top-Up,Good,None,Moderate (Stage 1-3),Moderate,6.2,176.03
2026-03-16,VP_10977,74,Gauteng,Urban,Postpaid Contract,5G Smartphone,Debit Order,Good,None,Moderate (Stage 1-3),Moderate,30.5,543.85
2026-01-09,VP_10978,55,Western Cape,Urban,Postpaid Contract,4G Smartphone,Mobile App / EFT,Excellent,Billing Query,Moderate (Stage 1-3),Moderate,15.1,310.75
2026-03-01,VP_10979,50,KwaZulu-Natal,Urban,Enterprise Hybrid,4G Smartphone,Debit Order,Excellent,None,Severe (Stage 4+),High Active,45.4,769.39
2026-03-15,VP_10980,41,Gauteng,Urban,Prepaid,LTE Router/MiFi,Voucher Top-Up,Poor / Frequent Drops,None,Moderate (Stage 1-3),High Active,3.6,136.68
2026-06-30,VP_10981,32,Gauteng,Urban,Enterprise Hybrid,LTE Router/MiFi,Mobile App / EFT,Excellent,None,Minimal / No Impact,Moderate,6.2,176.03
2026-03-14,VP_10982,47,KwaZulu-Natal,Urban,Postpaid Contract,Legacy Feature Phone,Voucher Top-Up,Good,None,Moderate (Stage 1-3),Moderate,16.4,330.42
2026-06-29,VP_10983,72,Gauteng,Suburban,Postpaid Contract,4G Smartphone,Debit Order,Good,None,Minimal / No Impact,Moderate,17.9,353.13
2026-04-27,VP_10984,59,Limpopo,Urban,Prepaid,4G Smartphone,Voucher Top-Up,Excellent,Billing Query,Moderate (Stage 1-3),High Active,8.5,210.85
2026-01-19,VP_10985,68,Eastern Cape,Urban,Enterprise Hybrid,4G Smartphone,Debit Order,Fair,None,Moderate (Stage 1-3),Moderate,18.8,366.75
2026-06-25,VP_10986,34,Limpopo,Rural,Prepaid,4G Smartphone,Voucher Top-Up,Good,None,Minimal / No Impact,High Active,32,566.56
2026-03-01,VP_10987,22,Gauteng,Suburban,Postpaid Contract,5G Smartphone,Debit Order,Poor / Frequent Drops,None,Moderate (Stage 1-3),High Active,17.1,341.02
2026-03-09,VP_10988,46,Limpopo,Suburban,Prepaid,4G Smartphone,Voucher Top-Up,Excellent,Billing Query,Moderate (Stage 1-3),High Active,31.6,560.5
2026-06-10,VP_10989,21,KwaZulu-Natal,Urban,Prepaid,Legacy Feature Phone,Voucher Top-Up,Good,None,Moderate (Stage 1-3),Moderate,12.3,268.36
2026-05-31,VP_10990,27,Gauteng,Suburban,Prepaid,5G Smartphone,Debit Order,Fair,None,Minimal / No Impact,High Active,34.7,607.42
2026-06-19,VP_10991,73,Gauteng,Urban,Prepaid,5G Smartphone,Debit Order,Poor / Frequent Drops,Billing Query,Severe (Stage 4+),High Active,22.8,427.3
2026-02-20,VP_10992,34,Gauteng,Urban,Prepaid,4G Smartphone,Debit Order,Poor / Frequent Drops,None,Moderate (Stage 1-3),Moderate,7.1,189.65
2026-04-19,VP_10993,27,Western Cape,Urban,Postpaid Contract,4G Smartphone,Voucher Top-Up,Good,Network Coverage,Moderate (Stage 1-3),High Active,22.4,421.24
2026-01-30,VP_10994,34,KwaZulu-Natal,Urban,Prepaid,Legacy Feature Phone,Voucher Top-Up,Excellent,Billing Query,Moderate (Stage 1-3),Moderate,16.3,328.91
2026-05-20,VP_10995,37,Gauteng,Suburban,Prepaid,5G Smartphone,Voucher Top-Up,Excellent,None,Moderate (Stage 1-3),Moderate,18.7,365.24
2026-02-27,VP_10996,41,Western Cape,Urban,Prepaid,5G Smartphone,Mobile App / EFT,Fair,Network Coverage,Moderate (Stage 1-3),Low / Inactive,16.2,327.4
2026-06-15,VP_10997,22,Gauteng,Suburban,Prepaid,4G Smartphone,Debit Order,Fair,Network Coverage,Severe (Stage 4+),Low / Inactive,10,233.55
2026-02-08,VP_10998,51,Western Cape,Suburban,Prepaid,5G Smartphone,Credit Card,Good,None,Minimal / No Impact,Low / Inactive,20.4,390.97
2026-03-10,VP_10999,23,KwaZulu-Natal,Suburban,Prepaid,5G Smartphone,Debit Order,Excellent,None,Moderate (Stage 1-3),Moderate,17.1,341.02
2026-02-06,VP_11000,70,Eastern Cape,Urban,Prepaid,5G Smartphone,Debit Order,Good,None,Minimal / No Impact,Moderate,5.3,162.41
2026-01-19,VP_11001,19,Eastern Cape,Suburban,Postpaid Contract,5G Smartphone,Voucher Top-Up,Excellent,None,Severe (Stage 4+),Low / Inactive,24.5,453.03
2026-01-16,VP_11002,30,KwaZulu-Natal,Urban,Prepaid,5G Smartphone,Mobile App / EFT,Good,None,Moderate (Stage 1-3),Moderate,2.6,121.54
2026-02-12,VP_11003,60,KwaZulu-Natal,Urban,Prepaid,Legacy Feature Phone,Voucher Top-Up,Excellent,None,Moderate (Stage 1-3),Moderate,26.7,486.33
2026-03-20,VP_11004,60,KwaZulu-Natal,Rural,Prepaid,5G Smartphone,Voucher Top-Up,Poor / Frequent Drops,None,Moderate (Stage 1-3),Moderate,6.1,174.52
2026-06-02,VP_11005,65,Eastern Cape,Urban,Enterprise Hybrid,4G Smartphone,Mobile App / EFT,Excellent,Billing Query,Minimal / No Impact,Moderate,6.4,179.06
2026-05-26,VP_11006,28,Gauteng,Urban,Prepaid,LTE Router/MiFi,Mobile App / EFT,Good,Billing Query,Severe (Stage 4+),High Active,4.4,148.79
2026-03-15,VP_11007,68,Gauteng,Rural,Prepaid,4G Smartphone,Debit Order,Excellent,None,Moderate (Stage 1-3),Low / Inactive,65,1066.06
2026-04-23,VP_11008,64,Gauteng,Urban,Prepaid,4G Smartphone,Mobile App / EFT,Good,None,Moderate (Stage 1-3),Low / Inactive,39.8,684.62
2026-02-01,VP_11009,74,KwaZulu-Natal,Suburban,Prepaid,4G Smartphone,Mobile App / EFT,Good,None,Moderate (Stage 1-3),High Active,10.2,236.58
2026-04-30,VP_11010,40,KwaZulu-Natal,Urban,Prepaid,4G Smartphone,Voucher Top-Up,Poor / Frequent Drops,None,Moderate (Stage 1-3),Low / Inactive,18.1,356.16
2026-06-26,VP_11011,72,Eastern Cape,Urban,Prepaid,LTE Router/MiFi,Mobile App / EFT,Excellent,Billing Query,Severe (Stage 4+),High Active,23.8,442.44
2026-03-19,VP_11012,33,Gauteng,Urban,Prepaid,4G Smartphone,Credit Card,Excellent,None,Moderate (Stage 1-3),High Active,6.7,183.6
2026-06-29,VP_11013,48,KwaZulu-Natal,Urban,Prepaid,LTE Router/MiFi,Voucher Top-Up,Fair,None,Moderate (Stage 1-3),Moderate,0.8,94.29
2026-04-14,VP_11014,28,Eastern Cape,Urban,Prepaid,4G Smartphone,Debit Order,Excellent,None,Moderate (Stage 1-3),High Active,10.2,236.58
2026-03-11,VP_11015,71,Eastern Cape,Suburban,Postpaid Contract,5G Smartphone,Voucher Top-Up,Excellent,None,Moderate (Stage 1-3),Moderate,5.2,160.89
2026-05-09,VP_11016,33,KwaZulu-Natal,Urban,Enterprise Hybrid,LTE Router/MiFi,Debit Order,Good,None,Moderate (Stage 1-3),High Active,9.7,229.01
2026-05-19,VP_11017,25,KwaZulu-Natal,Rural,Prepaid,4G Smartphone,Debit Order,Good,None,Moderate (Stage 1-3),Moderate,18,354.64
2026-05-07,VP_11018,21,Gauteng,Urban,Postpaid Contract,LTE Router/MiFi,Voucher Top-Up,Excellent,None,Minimal / No Impact,Moderate,2.6,121.54
2026-04-23,VP_11019,57,Limpopo,Urban,Enterprise Hybrid,5G Smartphone,Debit Order,Excellent,None,Moderate (Stage 1-3),Low / Inactive,13.7,289.56
2026-01-21,VP_11020,21,Gauteng,Suburban,Postpaid Contract,5G Smartphone,Voucher Top-Up,Fair,None,Moderate (Stage 1-3),Moderate,14.6,303.18
2026-06-03,VP_11021,73,Limpopo,Rural,Prepaid,LTE Router/MiFi,Mobile App / EFT,Good,None,Moderate (Stage 1-3),High Active,22,415.19
2026-01-11,VP_11022,42,Western Cape,Urban,Postpaid Contract,5G Smartphone,Voucher Top-Up,Excellent,Network Coverage,Moderate (Stage 1-3),Moderate,17.5,347.07
2026-04-21,VP_11023,20,KwaZulu-Natal,Suburban,Prepaid,LTE Router/MiFi,Credit Card,Excellent,None,Moderate (Stage 1-3),Low / Inactive,19.1,371.29
2026-03-24,VP_11024,49,Gauteng,Rural,Prepaid,Legacy Feature Phone,Debit Order,Good,None,Moderate (Stage 1-3),Moderate,15.6,318.32
2026-06-04,VP_11025,20,KwaZulu-Natal,Urban,Prepaid,LTE Router/MiFi,Mobile App / EFT,Excellent,Billing Query,Moderate (Stage 1-3),Moderate,24.1,446.98
2026-03-06,VP_11026,44,KwaZulu-Natal,Rural,Prepaid,4G Smartphone,Mobile App / EFT,Fair,Network Coverage,Severe (Stage 4+),Moderate,21.5,407.62
2026-01-07,VP_11027,46,Gauteng,Urban,Prepaid,4G Smartphone,Debit Order,Good,None,Severe (Stage 4+),Moderate,4.4,148.79
2026-01-24,VP_11028,49,Western Cape,Suburban,Prepaid,LTE Router/MiFi,Debit Order,Good,None,Severe (Stage 4+),Moderate,30.8,548.39
2026-02-28,VP_11029,67,Limpopo,Rural,Postpaid Contract,4G Smartphone,Debit Order,Poor / Frequent Drops,None,Moderate (Stage 1-3),Low / Inactive,13.4,285.01
2026-06-22,VP_11030,68,KwaZulu-Natal,Suburban,Prepaid,4G Smartphone,Mobile App / EFT,Excellent,None,Severe (Stage 4+),High Active,33,581.69
2026-05-28,VP_11031,36,Western Cape,Urban,Prepaid,Legacy Feature Phone,Mobile App / EFT,Excellent,None,Moderate (Stage 1-3),Low / Inactive,18.6,363.73
2026-05-31,VP_11032,38,Gauteng,Urban,Prepaid,4G Smartphone,Debit Order,Good,SIM Swap / Technical,Severe (Stage 4+),High Active,33.4,587.75
2026-01-06,VP_11033,22,KwaZulu-Natal,Rural,Prepaid,Legacy Feature Phone,Voucher Top-Up,Good,Billing Query,Moderate (Stage 1-3),Moderate,28.5,513.58
2026-06-22,VP_11034,35,Gauteng,Urban,Prepaid,5G Smartphone,Debit Order,Excellent,SIM Swap / Technical,Severe (Stage 4+),High Active,7.3,192.68
2026-03-10,VP_11035,45,Western Cape,Urban,Enterprise Hybrid,5G Smartphone,Voucher Top-Up,Excellent,None,Moderate (Stage 1-3),Moderate,8.5,210.85
2026-05-28,VP_11036,59,Limpopo,Suburban,Prepaid,4G Smartphone,Credit Card,Excellent,Network Coverage,Minimal / No Impact,Moderate,36.9,640.72
2026-01-11,VP_11037,39,Western Cape,Urban,Prepaid,5G Smartphone,Debit Order,Excellent,None,Moderate (Stage 1-3),High Active,25.8,472.71
2026-02-14,VP_11038,38,Gauteng,Urban,Postpaid Contract,4G Smartphone,Credit Card,Good,None,Moderate (Stage 1-3),Low / Inactive,38.4,663.43
2026-05-01,VP_11039,23,KwaZulu-Natal,Urban,Prepaid,5G Smartphone,Mobile App / EFT,Good,Billing Query,Moderate (Stage 1-3),Moderate,6.4,179.06
2026-05-13,VP_11040,18,KwaZulu-Natal,Urban,Postpaid Contract,Legacy Feature Phone,Credit Card,Good,None,Severe (Stage 4+),Moderate,11,248.69
2026-06-16,VP_11041,22,KwaZulu-Natal,Suburban,Prepaid,5G Smartphone,Debit Order,Excellent,None,Severe (Stage 4+),Moderate,13.5,286.53
2026-04-24,VP_11042,58,Eastern Cape,Suburban,Prepaid,4G Smartphone,Debit Order,Excellent,Billing Query,Severe (Stage 4+),High Active,22.2,418.22
2026-03-13,VP_11043,29,Eastern Cape,Urban,Prepaid,5G Smartphone,Debit Order,Excellent,None,Severe (Stage 4+),Moderate,9.1,219.93
2026-02-16,VP_11044,43,Western Cape,Suburban,Prepaid,4G Smartphone,Voucher Top-Up,Excellent,None,Severe (Stage 4+),Moderate,30.5,543.85
2026-05-30,VP_11045,63,KwaZulu-Natal,Rural,Prepaid,5G Smartphone,Voucher Top-Up,Excellent,None,Moderate (Stage 1-3),Moderate,19.6,378.86
2026-04-22,VP_11046,51,Gauteng,Suburban,Postpaid Contract,5G Smartphone,Debit Order,Excellent,Billing Query,Severe (Stage 4+),Low / Inactive,19.6,378.86
2026-06-12,VP_11047,66,Gauteng,Urban,Postpaid Contract,4G Smartphone,Mobile App / EFT,Good,None,Minimal / No Impact,High Active,20,384.92
2026-05-06,VP_11048,31,KwaZulu-Natal,Suburban,Postpaid Contract,5G Smartphone,Debit Order,Fair,None,Minimal / No Impact,Moderate,13.4,285.01
2026-01-24,VP_11049,43,KwaZulu-Natal,Urban,Postpaid Contract,5G Smartphone,Debit Order,Excellent,None,Minimal / No Impact,High Active,20.8,397.03
2026-05-01,VP_11050,62,Western Cape,Suburban,Prepaid,4G Smartphone,Voucher Top-Up,Poor / Frequent Drops,Billing Query,Severe (Stage 4+),Moderate,24.9,459.09
2026-03-31,VP_11051,44,Western Cape,Suburban,Postpaid Contract,5G Smartphone,Debit Order,Fair,None,Minimal / No Impact,Moderate,11.5,256.26
2026-04-15,VP_11052,26,Gauteng,Urban,Prepaid,4G Smartphone,Debit Order,Poor / Frequent Drops,None,Minimal / No Impact,High Active,9.1,219.93
2026-03-27,VP_11053,43,KwaZulu-Natal,Rural,Postpaid Contract,5G Smartphone,Voucher Top-Up,Fair,None,Minimal / No Impact,Moderate,14.8,306.21
2026-03-24,VP_11054,74,Gauteng,Urban,Prepaid,5G Smartphone,Mobile App / EFT,Good,None,Moderate (Stage 1-3),Moderate,14.9,307.72
2026-06-21,VP_11055,64,Gauteng,Suburban,Postpaid Contract,4G Smartphone,Mobile App / EFT,Good,None,Moderate (Stage 1-3),Low / Inactive,28,506.01
2026-01-27,VP_11056,74,Eastern Cape,Urban,Postpaid Contract,5G Smartphone,Voucher Top-Up,Excellent,None,Severe (Stage 4+),Moderate,11.9,262.31
2026-02-11,VP_11057,39,Gauteng,Rural,Prepaid,LTE Router/MiFi,Voucher Top-Up,Good,None,Severe (Stage 4+),High Active,29.8,533.25
2026-03-26,VP_11058,64,KwaZulu-Natal,Urban,Prepaid,LTE Router/MiFi,Voucher Top-Up,Good,Billing Query,Severe (Stage 4+),High Active,34.1,598.34
2026-04-16,VP_11059,73,Gauteng,Urban,Prepaid,5G Smartphone,Debit Order,Good,Network Coverage,Minimal / No Impact,High Active,15.6,318.32
2026-06-27,VP_11060,47,Eastern Cape,Urban,Prepaid,Legacy Feature Phone,Voucher Top-Up,Good,None,Severe (Stage 4+),High Active,19.2,372.81
2026-05-07,VP_11061,60,KwaZulu-Natal,Urban,Postpaid Contract,5G Smartphone,Voucher Top-Up,Good,None,Severe (Stage 4+),Moderate,29.4,527.2
2026-03-15,VP_11062,65,Gauteng,Urban,Enterprise Hybrid,5G Smartphone,Voucher Top-Up,Good,None,Minimal / No Impact,Low / Inactive,37.7,652.83
2026-06-19,VP_11063,34,KwaZulu-Natal,Suburban,Prepaid,5G Smartphone,Voucher Top-Up,Excellent,None,Severe (Stage 4+),High Active,17.8,351.62
2026-04-13,VP_11064,43,Western Cape,Urban,Prepaid,4G Smartphone,Voucher Top-Up,Good,None,Minimal / No Impact,Moderate,9.6,227.5
2026-05-21,VP_11065,53,Limpopo,Urban,Postpaid Contract,4G Smartphone,Voucher Top-Up,Fair,None,Moderate (Stage 1-3),Moderate,29,521.15
2026-01-10,VP_11066,18,Gauteng,Urban,Prepaid,5G Smartphone,Mobile App / EFT,Fair,None,Severe (Stage 4+),Moderate,15.8,321.34
2026-04-27,VP_11067,25,Limpopo,Suburban,Prepaid,4G Smartphone,Debit Order,Fair,None,Severe (Stage 4+),High Active,8.5,210.85
2026-01-23,VP_11068,66,Limpopo,Suburban,Enterprise Hybrid,4G Smartphone,Mobile App / EFT,Excellent,None,Moderate (Stage 1-3),Low / Inactive,37.8,654.35
2026-03-22,VP_11069,52,Limpopo,Suburban,Postpaid Contract,5G Smartphone,Debit Order,Poor / Frequent Drops,None,Minimal / No Impact,Moderate,20,384.92
2026-03-06,VP_11070,69,Western Cape,Suburban,Prepaid,4G Smartphone,Debit Order,Excellent,None,Minimal / No Impact,Low / Inactive,40.4,693.7
2026-03-24,VP_11071,32,Western Cape,Urban,Prepaid,LTE Router/MiFi,Voucher Top-Up,Fair,None,Moderate (Stage 1-3),High Active,27.4,496.93
2026-01-30,VP_11072,64,KwaZulu-Natal,Urban,Postpaid Contract,5G Smartphone,Voucher Top-Up,Excellent,Network Coverage,Moderate (Stage 1-3),Moderate,16.1,325.88
2026-04-14,VP_11073,73,Eastern Cape,Urban,Postpaid Contract,5G Smartphone,Mobile App / EFT,Good,None,Moderate (Stage 1-3),Moderate,31.9,565.04
2026-05-12,VP_11074,39,KwaZulu-Natal,Suburban,Postpaid Contract,4G Smartphone,Voucher Top-Up,Good,None,Moderate (Stage 1-3),Moderate,29.2,524.17
2026-01-01,VP_11075,31,Western Cape,Rural,Prepaid,4G Smartphone,Voucher Top-Up,Good,Billing Query,Moderate (Stage 1-3),High Active,7.6,197.22
2026-06-18,VP_11076,43,KwaZulu-Natal,Urban,Enterprise Hybrid,4G Smartphone,Debit Order,Good,Network Coverage,Severe (Stage 4+),Low / Inactive,27,490.87
2026-05-19,VP_11077,45,Western Cape,Urban,Prepaid,5G Smartphone,Debit Order,Good,Billing Query,Moderate (Stage 1-3),Low / Inactive,51.6,863.23
2026-04-29,VP_11078,40,Eastern Cape,Urban,Postpaid Contract,4G Smartphone,Voucher Top-Up,Good,None,Moderate (Stage 1-3),High Active,16.4,330.42
2026-04-16,VP_11079,31,Gauteng,Urban,Prepaid,4G Smartphone,Voucher Top-Up,Excellent,Network Coverage,Severe (Stage 4+),Moderate,29,521.15
2026-01-14,VP_11080,41,Eastern Cape,Suburban,Prepaid,4G Smartphone,Voucher Top-Up,Good,Billing Query,Moderate (Stage 1-3),Moderate,59.2,978.27
2026-02-18,VP_11081,19,KwaZulu-Natal,Urban,Enterprise Hybrid,5G Smartphone,Voucher Top-Up,Excellent,Billing Query,Moderate (Stage 1-3),Low / Inactive,13.8,291.07
2026-05-13,VP_11082,62,Eastern Cape,Rural,Prepaid,4G Smartphone,Credit Card,Good,None,Moderate (Stage 1-3),Moderate,21.2,403.08
2026-04-03,VP_11083,43,KwaZulu-Natal,Urban,Prepaid,5G Smartphone,Voucher Top-Up,Excellent,None,Moderate (Stage 1-3),High Active,20.3,389.46
2026-06-09,VP_11084,31,KwaZulu-Natal,Rural,Postpaid Contract,4G Smartphone,Credit Card,Good,Billing Query,Moderate (Stage 1-3),High Active,18.4,360.7
2026-05-08,VP_11085,73,Limpopo,Suburban,Postpaid Contract,LTE Router/MiFi,Debit Order,Good,SIM Swap / Technical,Moderate (Stage 1-3),High Active,58.6,969.19
2026-06-10,VP_11086,68,Gauteng,Suburban,Postpaid Contract,4G Smartphone,Debit Order,Excellent,Billing Query,Minimal / No Impact,High Active,5,157.87
2026-04-24,VP_11087,24,Eastern Cape,Suburban,Prepaid,5G Smartphone,Debit Order,Good,Network Coverage,Moderate (Stage 1-3),High Active,16.7,334.97
2026-01-14,VP_11088,20,KwaZulu-Natal,Suburban,Prepaid,4G Smartphone,Debit Order,Good,None,Moderate (Stage 1-3),Moderate,15.5,316.8
2026-02-22,VP_11089,64,KwaZulu-Natal,Suburban,Enterprise Hybrid,4G Smartphone,Voucher Top-Up,Poor / Frequent Drops,None,Moderate (Stage 1-3),Moderate,15.8,321.34
2026-03-10,VP_11090,40,Gauteng,Suburban,Prepaid,4G Smartphone,Voucher Top-Up,Fair,Billing Query,Moderate (Stage 1-3),Moderate,7.8,200.25
2026-05-21,VP_11091,63,Western Cape,Suburban,Postpaid Contract,4G Smartphone,Voucher Top-Up,Good,Billing Query,Severe (Stage 4+),Moderate,35,611.97
2026-02-03,VP_11092,60,Gauteng,Rural,Prepaid,5G Smartphone,Voucher Top-Up,Good,Billing Query,Moderate (Stage 1-3),High Active,27,490.87
2026-03-15,VP_11093,64,Gauteng,Suburban,Postpaid Contract,4G Smartphone,Credit Card,Excellent,SIM Swap / Technical,Moderate (Stage 1-3),Moderate,10.1,235.06
2026-04-23,VP_11094,62,Gauteng,Suburban,Prepaid,4G Smartphone,Mobile App / EFT,Excellent,None,Moderate (Stage 1-3),Moderate,12,263.82
2026-06-28,VP_11095,35,Gauteng,Rural,Prepaid,Legacy Feature Phone,Debit Order,Excellent,None,Moderate (Stage 1-3),Moderate,6.9,186.63
2026-05-05,VP_11096,55,Limpopo,Urban,Postpaid Contract,4G Smartphone,Debit Order,Fair,Network Coverage,Moderate (Stage 1-3),Moderate,13.1,280.47
2026-02-01,VP_11097,52,Limpopo,Urban,Prepaid,4G Smartphone,Debit Order,Excellent,None,Severe (Stage 4+),High Active,21,400.05
2026-01-08,VP_11098,68,KwaZulu-Natal,Urban,Postpaid Contract,4G Smartphone,Debit Order,Good,Billing Query,Moderate (Stage 1-3),Moderate,5.5,165.44
2026-06-11,VP_11099,32,Western Cape,Urban,Postpaid Contract,5G Smartphone,Voucher Top-Up,Excellent,Network Coverage,Moderate (Stage 1-3),Low / Inactive,14.3,298.64
2026-06-05,VP_11100,42,Gauteng,Suburban,Postpaid Contract,4G Smartphone,Voucher Top-Up,Excellent,None,Moderate (Stage 1-3),Moderate,3.8,139.7
2026-03-03,VP_11101,72,Western Cape,Urban,Enterprise Hybrid,4G Smartphone,Debit Order,Excellent,Network Coverage,Moderate (Stage 1-3),High Active,10.9,247.17
2026-02-10,VP_11102,54,Eastern Cape,Suburban,Prepaid,Legacy Feature Phone,Voucher Top-Up,Good,None,Severe (Stage 4+),Low / Inactive,21.9,413.68
2026-03-21,VP_11103,45,Limpopo,Urban,Prepaid,4G Smartphone,Voucher Top-Up,Good,Billing Query,Moderate (Stage 1-3),High Active,13.7,289.56
2026-05-22,VP_11104,27,KwaZulu-Natal,Urban,Prepaid,5G Smartphone,Debit Order,Good,None,Moderate (Stage 1-3),Moderate,5.3,162.41
2026-01-04,VP_11105,56,Eastern Cape,Suburban,Prepaid,4G Smartphone,Voucher Top-Up,Good,Billing Query,Moderate (Stage 1-3),High Active,21,400.05
2026-05-22,VP_11106,74,Gauteng,Suburban,Prepaid,5G Smartphone,Mobile App / EFT,Fair,Billing Query,Moderate (Stage 1-3),Low / Inactive,15.7,319.83
2026-04-15,VP_11107,34,Limpopo,Urban,Prepaid,5G Smartphone,Voucher Top-Up,Fair,None,Moderate (Stage 1-3),Moderate,10.8,245.66
2026-01-24,VP_11108,56,Gauteng,Suburban,Prepaid,5G Smartphone,Debit Order,Fair,Billing Query,Moderate (Stage 1-3),Moderate,13.3,283.5
2026-02-27,VP_11109,39,Western Cape,Suburban,Prepaid,4G Smartphone,Debit Order,Good,SIM Swap / Technical,Moderate (Stage 1-3),Moderate,13.5,286.53
2026-01-30,VP_11110,43,Western Cape,Urban,Prepaid,4G Smartphone,Debit Order,Excellent,Billing Query,Severe (Stage 4+),Moderate,8.6,212.36
2026-04-29,VP_11111,61,Western Cape,Urban,Postpaid Contract,5G Smartphone,Debit Order,Poor / Frequent Drops,SIM Swap / Technical,Severe (Stage 4+),High Active,36.3,631.64
2026-01-31,VP_11112,42,Gauteng,Rural,Prepaid,4G Smartphone,Mobile App / EFT,Excellent,None,Severe (Stage 4+),Moderate,39.4,678.57
2026-06-15,VP_11113,34,Limpopo,Urban,Prepaid,4G Smartphone,Debit Order,Excellent,None,Minimal / No Impact,Moderate,1.5,104.89
2026-02-09,VP_11114,30,Gauteng,Urban,Postpaid Contract,LTE Router/MiFi,Debit Order,Good,None,Minimal / No Impact,Moderate,16.8,336.48
2026-05-08,VP_11115,37,Western Cape,Urban,Prepaid,4G Smartphone,Debit Order,Good,SIM Swap / Technical,Severe (Stage 4+),High Active,44.1,749.71
2026-03-16,VP_11116,42,Gauteng,Suburban,Enterprise Hybrid,4G Smartphone,Mobile App / EFT,Excellent,None,Moderate (Stage 1-3),High Active,12.4,269.88
2026-05-11,VP_11117,21,Gauteng,Suburban,Postpaid Contract,5G Smartphone,Debit Order,Good,None,Minimal / No Impact,Moderate,32.1,568.07
2026-06-30,VP_11118,27,KwaZulu-Natal,Suburban,Prepaid,4G Smartphone,Debit Order,Good,None,Moderate (Stage 1-3),Moderate,27.9,504.5
2026-03-11,VP_11119,20,KwaZulu-Natal,Urban,Postpaid Contract,4G Smartphone,Voucher Top-Up,Good,None,Moderate (Stage 1-3),High Active,8.4,209.33
2026-04-17,VP_11120,58,Gauteng,Rural,Postpaid Contract,LTE Router/MiFi,Voucher Top-Up,Good,Network Coverage,Severe (Stage 4+),High Active,16,324.37
2026-05-04,VP_11121,62,Gauteng,Urban,Prepaid,5G Smartphone,Debit Order,Good,None,Severe (Stage 4+),Moderate,17.3,344.05
2026-05-01,VP_11122,35,KwaZulu-Natal,Urban,Postpaid Contract,4G Smartphone,Debit Order,Excellent,Network Coverage,Moderate (Stage 1-3),High Active,11.2,251.71
2026-03-04,VP_11123,64,Eastern Cape,Urban,Prepaid,4G Smartphone,Mobile App / EFT,Excellent,None,Moderate (Stage 1-3),Moderate,23.9,443.95
2026-04-27,VP_11124,53,Limpopo,Urban,Prepaid,5G Smartphone,Credit Card,Excellent,Network Coverage,Moderate (Stage 1-3),Moderate,28.2,509.04
2026-05-22,VP_11125,64,Gauteng,Rural,Prepaid,4G Smartphone,Debit Order,Good,None,Severe (Stage 4+),Moderate,19,369.78
2026-02-07,VP_11126,39,KwaZulu-Natal,Rural,Prepaid,LTE Router/MiFi,Debit Order,Good,None,Minimal / No Impact,Low / Inactive,30.1,537.8
2026-04-09,VP_11127,51,Gauteng,Urban,Prepaid,4G Smartphone,Debit Order,Good,None,Minimal / No Impact,High Active,19.4,375.83
2026-02-18,VP_11128,64,Gauteng,Rural,Enterprise Hybrid,Legacy Feature Phone,Mobile App / EFT,Good,None,Severe (Stage 4+),Low / Inactive,17.1,341.02
2026-06-03,VP_11129,25,Western Cape,Suburban,Prepaid,5G Smartphone,Voucher Top-Up,Good,None,Severe (Stage 4+),Moderate,3.1,129.11
2026-05-11,VP_11130,57,Western Cape,Rural,Prepaid,4G Smartphone,Mobile App / EFT,Excellent,None,Moderate (Stage 1-3),Moderate,5.8,169.98
2026-02-04,VP_11131,66,Gauteng,Urban,Prepaid,4G Smartphone,Voucher Top-Up,Excellent,None,Severe (Stage 4+),Low / Inactive,49.3,828.42
2026-01-18,VP_11132,61,Gauteng,Suburban,Postpaid Contract,4G Smartphone,Credit Card,Fair,None,Severe (Stage 4+),Moderate,25.7,471.19
2026-03-12,VP_11133,36,Gauteng,Urban,Enterprise Hybrid,Legacy Feature Phone,Mobile App / EFT,Good,None,Severe (Stage 4+),Low / Inactive,43.3,737.6
2026-04-17,VP_11134,59,Eastern Cape,Suburban,Postpaid Contract,5G Smartphone,Mobile App / EFT,Good,None,Minimal / No Impact,Moderate,15.2,312.26
2026-03-29,VP_11135,58,Limpopo,Urban,Enterprise Hybrid,LTE Router/MiFi,Voucher Top-Up,Good,Billing Query,Minimal / No Impact,Moderate,70.8,1153.86
2026-05-10,VP_11136,54,Gauteng,Suburban,Postpaid Contract,4G Smartphone,Debit Order,Fair,SIM Swap / Technical,Severe (Stage 4+),Moderate,16.4,330.42
2026-03-10,VP_11137,23,Gauteng,Urban,Enterprise Hybrid,5G Smartphone,Voucher Top-Up,Good,None,Minimal / No Impact,High Active,15.3,313.77
2026-01-01,VP_11138,69,Eastern Cape,Urban,Postpaid Contract,LTE Router/MiFi,Voucher Top-Up,Excellent,None,Moderate (Stage 1-3),Low / Inactive,3.6,136.68
2026-03-14,VP_11139,43,Limpopo,Suburban,Prepaid,4G Smartphone,Voucher Top-Up,Fair,None,Moderate (Stage 1-3),Moderate,30.5,543.85
2026-03-18,VP_11140,51,KwaZulu-Natal,Rural,Prepaid,4G Smartphone,Debit Order,Excellent,None,Minimal / No Impact,Moderate,42.8,730.03
2026-05-31,VP_11141,73,Gauteng,Suburban,Postpaid Contract,5G Smartphone,Voucher Top-Up,Excellent,Billing Query,Moderate (Stage 1-3),Low / Inactive,57,944.97
2026-05-29,VP_11142,62,Gauteng,Rural,Prepaid,LTE Router/MiFi,Voucher Top-Up,Excellent,None,Minimal / No Impact,Low / Inactive,17.8,351.62
2026-06-18,VP_11143,23,Western Cape,Urban,Prepaid,4G Smartphone,Voucher Top-Up,Good,None,Moderate (Stage 1-3),High Active,9.8,230.52
2026-05-06,VP_11144,54,KwaZulu-Natal,Urban,Prepaid,5G Smartphone,Debit Order,Good,None,Moderate (Stage 1-3),Moderate,16,324.37
2026-02-08,VP_11145,74,Gauteng,Urban,Enterprise Hybrid,4G Smartphone,Voucher Top-Up,Good,Network Coverage,Severe (Stage 4+),Moderate,25.3,465.14
2026-04-25,VP_11146,50,Western Cape,Urban,Prepaid,5G Smartphone,Debit Order,Poor / Frequent Drops,None,Moderate (Stage 1-3),Moderate,13.8,291.07
2026-05-18,VP_11147,70,Gauteng,Suburban,Postpaid Contract,4G Smartphone,Mobile App / EFT,Excellent,SIM Swap / Technical,Moderate (Stage 1-3),Low / Inactive,15.5,316.8
2026-05-04,VP_11148,39,Eastern Cape,Suburban,Postpaid Contract,5G Smartphone,Voucher Top-Up,Good,Network Coverage,Minimal / No Impact,Low / Inactive,17.2,342.53
2026-03-30,VP_11149,38,Gauteng,Suburban,Enterprise Hybrid,5G Smartphone,Debit Order,Good,None,Moderate (Stage 1-3),Moderate,18.1,356.16
2026-03-27,VP_11150,23,Gauteng,Suburban,Enterprise Hybrid,5G Smartphone,Debit Order,Poor / Frequent Drops,None,Severe (Stage 4+),Moderate,6,173
2026-05-22,VP_11151,23,Western Cape,Suburban,Postpaid Contract,4G Smartphone,Voucher Top-Up,Excellent,None,Severe (Stage 4+),Moderate,20.9,398.54
2026-05-20,VP_11152,72,KwaZulu-Natal,Urban,Prepaid,4G Smartphone,Debit Order,Poor / Frequent Drops,None,Minimal / No Impact,Moderate,9,218.41
2026-04-07,VP_11153,65,Limpopo,Urban,Prepaid,4G Smartphone,Credit Card,Excellent,None,Moderate (Stage 1-3),High Active,19.3,374.32
2026-04-27,VP_11154,21,KwaZulu-Natal,Suburban,Prepaid,5G Smartphone,Voucher Top-Up,Fair,None,Moderate (Stage 1-3),Moderate,4.2,145.76
2026-03-24,VP_11155,47,Gauteng,Urban,Postpaid Contract,4G Smartphone,Debit Order,Good,None,Minimal / No Impact,High Active,37.6,651.32
2026-02-18,VP_11156,28,Western Cape,Urban,Postpaid Contract,4G Smartphone,Voucher Top-Up,Fair,None,Minimal / No Impact,Moderate,17.5,347.07
2026-06-28,VP_11157,47,Gauteng,Urban,Postpaid Contract,5G Smartphone,Debit Order,Excellent,Network Coverage,Moderate (Stage 1-3),Moderate,15,309.23
2026-03-03,VP_11158,48,Limpopo,Suburban,Prepaid,LTE Router/MiFi,Mobile App / EFT,Excellent,SIM Swap / Technical,Severe (Stage 4+),High Active,34.7,607.42
2026-05-27,VP_11159,41,KwaZulu-Natal,Urban,Prepaid,4G Smartphone,Debit Order,Excellent,None,Moderate (Stage 1-3),Low / Inactive,25.3,465.14
2026-04-09,VP_11160,72,KwaZulu-Natal,Suburban,Prepaid,4G Smartphone,Credit Card,Good,None,Moderate (Stage 1-3),High Active,13.8,291.07
2026-03-01,VP_11161,26,Gauteng,Suburban,Prepaid,5G Smartphone,Voucher Top-Up,Good,None,Minimal / No Impact,Moderate,40.5,695.22
2026-04-16,VP_11162,72,KwaZulu-Natal,Urban,Prepaid,5G Smartphone,Mobile App / EFT,Poor / Frequent Drops,Network Coverage,Minimal / No Impact,Moderate,17.6,348.59
2026-01-12,VP_11163,20,Eastern Cape,Suburban,Prepaid,LTE Router/MiFi,Debit Order,Good,SIM Swap / Technical,Moderate (Stage 1-3),Low / Inactive,16.7,334.97
2026-03-23,VP_11164,68,Eastern Cape,Suburban,Postpaid Contract,4G Smartphone,Debit Order,Excellent,None,Minimal / No Impact,Low / Inactive,19.7,380.38
2026-05-02,VP_11165,48,Gauteng,Suburban,Prepaid,5G Smartphone,Voucher Top-Up,Excellent,None,Severe (Stage 4+),Moderate,60,990.38
2026-06-30,VP_11166,57,Gauteng,Suburban,Prepaid,5G Smartphone,Voucher Top-Up,Excellent,None,Severe (Stage 4+),High Active,3.8,139.7
2026-04-08,VP_11167,54,Eastern Cape,Urban,Enterprise Hybrid,4G Smartphone,Debit Order,Fair,None,Moderate (Stage 1-3),Moderate,63.3,1040.33
2026-04-09,VP_11168,53,Limpopo,Suburban,Prepaid,4G Smartphone,Voucher Top-Up,Fair,Billing Query,Minimal / No Impact,Moderate,33.9,595.31
2026-06-19,VP_11169,41,Gauteng,Urban,Prepaid,LTE Router/MiFi,Debit Order,Poor / Frequent Drops,None,Severe (Stage 4+),Moderate,14.1,295.61
2026-06-16,VP_11170,48,KwaZulu-Natal,Rural,Prepaid,5G Smartphone,Voucher Top-Up,Good,SIM Swap / Technical,Moderate (Stage 1-3),High Active,12.4,269.88
2026-02-08,VP_11171,23,Gauteng,Suburban,Prepaid,4G Smartphone,Debit Order,Excellent,None,Minimal / No Impact,High Active,21.6,409.13
2026-05-07,VP_11172,19,Eastern Cape,Suburban,Prepaid,5G Smartphone,Debit Order,Excellent,Billing Query,Moderate (Stage 1-3),High Active,24.7,456.06
2026-01-10,VP_11173,37,Gauteng,Urban,Prepaid,5G Smartphone,Debit Order,Good,None,Severe (Stage 4+),Moderate,38.6,666.46
2026-02-02,VP_11174,45,Gauteng,Urban,Prepaid,5G Smartphone,Voucher Top-Up,Poor / Frequent Drops,None,Moderate (Stage 1-3),Moderate,16.7,334.97
2026-05-09,VP_11175,28,Eastern Cape,Urban,Prepaid,LTE Router/MiFi,Debit Order,Excellent,Billing Query,Moderate (Stage 1-3),Moderate,16.7,334.97
2026-06-01,VP_11176,21,Gauteng,Urban,Prepaid,4G Smartphone,Credit Card,Excellent,SIM Swap / Technical,Moderate (Stage 1-3),Moderate,2,112.46
2026-03-26,VP_11177,32,KwaZulu-Natal,Urban,Postpaid Contract,4G Smartphone,Debit Order,Good,Billing Query,Minimal / No Impact,Low / Inactive,11.8,260.8
2026-01-26,VP_11178,23,KwaZulu-Natal,Urban,Prepaid,5G Smartphone,Credit Card,Good,Billing Query,Severe (Stage 4+),Moderate,49.8,835.99
2026-04-23,VP_11179,71,Gauteng,Urban,Enterprise Hybrid,5G Smartphone,Voucher Top-Up,Excellent,Billing Query,Minimal / No Impact,Moderate,26,475.74
2026-01-26,VP_11180,66,KwaZulu-Natal,Rural,Prepaid,5G Smartphone,Voucher Top-Up,Fair,None,Moderate (Stage 1-3),High Active,25.6,469.68
2026-05-15,VP_11181,47,KwaZulu-Natal,Urban,Prepaid,5G Smartphone,Debit Order,Excellent,Billing Query,Moderate (Stage 1-3),Moderate,12.8,275.93
2026-04-27,VP_11182,73,Gauteng,Rural,Postpaid Contract,4G Smartphone,Voucher Top-Up,Poor / Frequent Drops,Billing Query,Minimal / No Impact,Moderate,11.5,256.26
2026-01-04,VP_11183,55,Western Cape,Rural,Prepaid,5G Smartphone,Voucher Top-Up,Excellent,None,Severe (Stage 4+),Moderate,26.1,477.25
2026-02-06,VP_11184,68,Eastern Cape,Urban,Prepaid,5G Smartphone,Voucher Top-Up,Excellent,None,Severe (Stage 4+),Low / Inactive,22.2,418.22
2026-04-15,VP_11185,74,Eastern Cape,Suburban,Postpaid Contract,5G Smartphone,Debit Order,Excellent,Billing Query,Minimal / No Impact,Low / Inactive,26.2,478.76
2026-06-17,VP_11186,19,Gauteng,Urban,Prepaid,5G Smartphone,Credit Card,Excellent,Network Coverage,Severe (Stage 4+),Low / Inactive,19.3,374.32
2026-02-09,VP_11187,32,Gauteng,Suburban,Postpaid Contract,4G Smartphone,Credit Card,Good,None,Severe (Stage 4+),High Active,22.2,418.22
2026-01-20,VP_11188,28,Gauteng,Urban,Enterprise Hybrid,4G Smartphone,Voucher Top-Up,Good,Network Coverage,Moderate (Stage 1-3),Moderate,5.8,169.98
2026-05-01,VP_11189,25,KwaZulu-Natal,Urban,Prepaid,4G Smartphone,Voucher Top-Up,Good,Network Coverage,Severe (Stage 4+),Moderate,54.1,901.07
2026-03-09,VP_11190,43,KwaZulu-Natal,Suburban,Prepaid,4G Smartphone,Voucher Top-Up,Good,None,Minimal / No Impact,Moderate,13.2,281.99
2026-03-28,VP_11191,68,Western Cape,Urban,Prepaid,5G Smartphone,Debit Order,Excellent,Billing Query,Minimal / No Impact,Moderate,19.8,381.89
2026-06-09,VP_11192,62,Gauteng,Suburban,Enterprise Hybrid,5G Smartphone,Debit Order,Excellent,None,Moderate (Stage 1-3),Low / Inactive,2.2,115.49
2026-06-27,VP_11193,61,Gauteng,Urban,Postpaid Contract,4G Smartphone,Voucher Top-Up,Poor / Frequent Drops,None,Moderate (Stage 1-3),Moderate,11.3,253.23
2026-04-12,VP_11194,22,KwaZulu-Natal,Urban,Enterprise Hybrid,4G Smartphone,Mobile App / EFT,Fair,None,Moderate (Stage 1-3),High Active,18.8,366.75
2026-06-16,VP_11195,23,Western Cape,Urban,Prepaid,5G Smartphone,Debit Order,Excellent,Network Coverage,Severe (Stage 4+),High Active,25.2,463.63
2026-01-21,VP_11196,43,Gauteng,Urban,Postpaid Contract,5G Smartphone,Voucher Top-Up,Good,None,Severe (Stage 4+),High Active,3,127.59
2026-03-26,VP_11197,71,Western Cape,Urban,Prepaid,5G Smartphone,Mobile App / EFT,Good,Network Coverage,Severe (Stage 4+),High Active,18.8,366.75
2026-06-22,VP_11198,21,Gauteng,Urban,Prepaid,5G Smartphone,Debit Order,Excellent,None,Moderate (Stage 1-3),High Active,38.7,667.97
2026-05-17,VP_11199,36,Limpopo,Urban,Enterprise Hybrid,5G Smartphone,Debit Order,Good,Network Coverage,Moderate (Stage 1-3),High Active,23.4,436.38
2026-04-08,VP_11200,37,Limpopo,Suburban,Prepaid,5G Smartphone,Mobile App / EFT,Good,Network Coverage,Minimal / No Impact,Moderate,41.2,705.81
2026-03-23,VP_11201,50,Gauteng,Urban,Enterprise Hybrid,4G Smartphone,Debit Order,Excellent,Network Coverage,Moderate (Stage 1-3),Moderate,25.2,463.63
2026-06-10,VP_11202,37,Gauteng,Suburban,Prepaid,5G Smartphone,Debit Order,Excellent,Billing Query,Moderate (Stage 1-3),High Active,12.4,269.88
2026-05-05,VP_11203,66,KwaZulu-Natal,Urban,Postpaid Contract,5G Smartphone,Voucher Top-Up,Fair,Network Coverage,Moderate (Stage 1-3),Moderate,15.8,321.34
2026-05-19,VP_11204,29,Gauteng,Rural,Prepaid,LTE Router/MiFi,Voucher Top-Up,Excellent,None,Minimal / No Impact,Low / Inactive,20.2,387.94
2026-01-10,VP_11205,64,Western Cape,Urban,Prepaid,4G Smartphone,Mobile App / EFT,Excellent,None,Minimal / No Impact,Moderate,27,490.87
2026-06-08,VP_11206,18,Eastern Cape,Urban,Prepaid,LTE Router/MiFi,Voucher Top-Up,Good,None,Minimal / No Impact,Low / Inactive,28.2,509.04
2026-01-18,VP_11207,43,Western Cape,Urban,Prepaid,5G Smartphone,Voucher Top-Up,Good,Billing Query,Severe (Stage 4+),Moderate,13.7,289.56
2026-03-02,VP_11208,31,Eastern Cape,Urban,Prepaid,4G Smartphone,Voucher Top-Up,Excellent,None,Moderate (Stage 1-3),Low / Inactive,13.4,285.01
2026-06-11,VP_11209,55,KwaZulu-Natal,Suburban,Postpaid Contract,5G Smartphone,Credit Card,Fair,None,Moderate (Stage 1-3),High Active,11.8,260.8
2026-06-25,VP_11210,54,Gauteng,Urban,Prepaid,4G Smartphone,Debit Order,Good,Network Coverage,Severe (Stage 4+),High Active,4.9,156.35
2026-03-15,VP_11211,28,Western Cape,Rural,Prepaid,5G Smartphone,Debit Order,Excellent,Billing Query,Minimal / No Impact,Moderate,32.8,578.66
2026-02-28,VP_11212,53,KwaZulu-Natal,Urban,Prepaid,5G Smartphone,Credit Card,Good,Network Coverage,Severe (Stage 4+),Low / Inactive,13.8,291.07
2026-01-24,VP_11213,30,Western Cape,Urban,Prepaid,LTE Router/MiFi,Credit Card,Good,None,Severe (Stage 4+),Low / Inactive,7.3,192.68
2026-04-22,VP_11214,60,Gauteng,Suburban,Postpaid Contract,4G Smartphone,Debit Order,Excellent,None,Moderate (Stage 1-3),Moderate,25,460.6
2026-01-26,VP_11215,20,Gauteng,Urban,Postpaid Contract,LTE Router/MiFi,Debit Order,Good,None,Moderate (Stage 1-3),High Active,26.7,486.33
2026-06-12,VP_11216,50,Limpopo,Suburban,Prepaid,5G Smartphone,Voucher Top-Up,Good,None,Minimal / No Impact,Moderate,6.1,174.52
2026-06-30,VP_11217,23,Gauteng,Urban,Prepaid,5G Smartphone,Debit Order,Good,None,Moderate (Stage 1-3),High Active,38.1,658.89
2026-01-26,VP_11218,67,Limpopo,Suburban,Postpaid Contract,4G Smartphone,Voucher Top-Up,Good,None,Moderate (Stage 1-3),Moderate,34.7,607.42
2026-04-24,VP_11219,73,Limpopo,Urban,Prepaid,4G Smartphone,Debit Order,Good,None,Moderate (Stage 1-3),High Active,19.7,380.38
2026-02-12,VP_11220,27,Eastern Cape,Suburban,Prepaid,4G Smartphone,Debit Order,Excellent,None,Severe (Stage 4+),Moderate,19.2,372.81
2026-06-27,VP_11221,22,Western Cape,Suburban,Prepaid,LTE Router/MiFi,Voucher Top-Up,Good,None,Moderate (Stage 1-3),Low / Inactive,32.5,574.12
2026-03-18,VP_11222,40,Western Cape,Urban,Prepaid,5G Smartphone,Credit Card,Good,None,Moderate (Stage 1-3),High Active,13,278.96
2026-01-08,VP_11223,27,Eastern Cape,Urban,Prepaid,4G Smartphone,Voucher Top-Up,Fair,Billing Query,Moderate (Stage 1-3),Moderate,38.4,663.43
2026-01-12,VP_11224,61,Gauteng,Urban,Prepaid,5G Smartphone,Voucher Top-Up,Good,Billing Query,Minimal / No Impact,High Active,3.1,129.11
2026-03-25,VP_11225,19,KwaZulu-Natal,Rural,Postpaid Contract,5G Smartphone,Credit Card,Good,Network Coverage,Moderate (Stage 1-3),High Active,21.2,403.08
2026-01-15,VP_11226,30,Western Cape,Urban,Prepaid,4G Smartphone,Voucher Top-Up,Poor / Frequent Drops,None,Moderate (Stage 1-3),Moderate,17,339.51
2026-03-17,VP_11227,57,KwaZulu-Natal,Urban,Prepaid,4G Smartphone,Voucher Top-Up,Excellent,SIM Swap / Technical,Minimal / No Impact,High Active,5.8,169.98
2026-04-02,VP_11228,19,KwaZulu-Natal,Urban,Prepaid,5G Smartphone,Voucher Top-Up,Excellent,Network Coverage,Moderate (Stage 1-3),Low / Inactive,33.2,584.72
2026-04-06,VP_11229,37,Gauteng,Urban,Prepaid,5G Smartphone,Debit Order,Excellent,None,Moderate (Stage 1-3),Moderate,11.6,257.77
2026-04-21,VP_11230,18,KwaZulu-Natal,Suburban,Prepaid,4G Smartphone,Voucher Top-Up,Excellent,None,Severe (Stage 4+),High Active,30.3,540.82
2026-02-07,VP_11231,54,Eastern Cape,Rural,Enterprise Hybrid,4G Smartphone,Voucher Top-Up,Good,None,Moderate (Stage 1-3),Moderate,26,475.74
2026-03-04,VP_11232,26,Gauteng,Urban,Prepaid,5G Smartphone,Debit Order,Excellent,Billing Query,Minimal / No Impact,High Active,9.2,221.44
2026-05-16,VP_11233,34,Limpopo,Suburban,Postpaid Contract,5G Smartphone,Debit Order,Excellent,None,Moderate (Stage 1-3),High Active,3.3,132.14
2026-04-16,VP_11234,26,Western Cape,Urban,Prepaid,5G Smartphone,Debit Order,Excellent,SIM Swap / Technical,Moderate (Stage 1-3),High Active,23.2,433.35
2026-05-25,VP_11235,28,Eastern Cape,Urban,Postpaid Contract,Legacy Feature Phone,Voucher Top-Up,Good,None,Moderate (Stage 1-3),High Active,26.7,486.33
2026-06-24,VP_11236,32,KwaZulu-Natal,Urban,Prepaid,LTE Router/MiFi,Debit Order,Fair,SIM Swap / Technical,Moderate (Stage 1-3),Moderate,21.5,407.62
2026-02-16,VP_11237,41,Eastern Cape,Suburban,Prepaid,4G Smartphone,Debit Order,Fair,Network Coverage,Severe (Stage 4+),Low / Inactive,9.3,222.95
2026-02-13,VP_11238,55,Gauteng,Rural,Postpaid Contract,Legacy Feature Phone,Credit Card,Excellent,SIM Swap / Technical,Minimal / No Impact,Moderate,59.3,979.78
2026-02-14,VP_11239,72,Eastern Cape,Rural,Prepaid,4G Smartphone,Voucher Top-Up,Good,None,Minimal / No Impact,Moderate,17.2,342.53
2026-01-21,VP_11240,52,Gauteng,Urban,Postpaid Contract,5G Smartphone,Debit Order,Excellent,None,Moderate (Stage 1-3),Moderate,3.8,139.7
2026-06-06,VP_11241,47,Limpopo,Urban,Prepaid,5G Smartphone,Voucher Top-Up,Excellent,Billing Query,Severe (Stage 4+),High Active,33.6,590.77
2026-04-08,VP_11242,48,Limpopo,Urban,Enterprise Hybrid,LTE Router/MiFi,Debit Order,Fair,Billing Query,Moderate (Stage 1-3),Moderate,10.1,235.06
2026-06-08,VP_11243,66,Gauteng,Rural,Postpaid Contract,4G Smartphone,Voucher Top-Up,Good,None,Severe (Stage 4+),Moderate,27.5,498.44
2026-06-24,VP_11244,22,Gauteng,Rural,Enterprise Hybrid,4G Smartphone,Voucher Top-Up,Excellent,Billing Query,Moderate (Stage 1-3),High Active,8.8,215.39
2026-03-03,VP_11245,61,Eastern Cape,Suburban,Prepaid,LTE Router/MiFi,Voucher Top-Up,Good,None,Severe (Stage 4+),Moderate,17.6,348.59
2026-05-08,VP_11246,67,Gauteng,Urban,Prepaid,4G Smartphone,Voucher Top-Up,Excellent,None,Moderate (Stage 1-3),Moderate,6.7,183.6
2026-05-30,VP_11247,31,Eastern Cape,Urban,Postpaid Contract,5G Smartphone,Debit Order,Excellent,None,Moderate (Stage 1-3),Low / Inactive,16.5,331.94
2026-02-06,VP_11248,70,Gauteng,Urban,Postpaid Contract,5G Smartphone,Voucher Top-Up,Good,SIM Swap / Technical,Minimal / No Impact,High Active,9.6,227.5
2026-03-01,VP_11249,73,Gauteng,Urban,Enterprise Hybrid,5G Smartphone,Debit Order,Excellent,None,Moderate (Stage 1-3),High Active,14.6,303.18
2026-04-29,VP_11250,28,Limpopo,Urban,Prepaid,5G Smartphone,Debit Order,Poor / Frequent Drops,Billing Query,Minimal / No Impact,High Active,11.7,259.28
2026-06-13,VP_11251,26,Western Cape,Urban,Postpaid Contract,4G Smartphone,Credit Card,Good,None,Severe (Stage 4+),Low / Inactive,34.4,602.88
2026-03-07,VP_11252,51,Eastern Cape,Urban,Prepaid,5G Smartphone,Voucher Top-Up,Fair,Billing Query,Severe (Stage 4+),Low / Inactive,42.8,730.03
2026-04-28,VP_11253,29,Gauteng,Rural,Prepaid,5G Smartphone,Credit Card,Fair,SIM Swap / Technical,Moderate (Stage 1-3),Low / Inactive,11.3,253.23
2026-03-07,VP_11254,52,Western Cape,Suburban,Prepaid,4G Smartphone,Debit Order,Good,None,Severe (Stage 4+),Moderate,36.8,639.21
2026-06-20,VP_11255,52,Western Cape,Urban,Prepaid,5G Smartphone,Voucher Top-Up,Good,None,Severe (Stage 4+),Moderate,57.4,951.02
2026-01-03,VP_11256,18,Western Cape,Urban,Enterprise Hybrid,4G Smartphone,Debit Order,Excellent,None,Moderate (Stage 1-3),High Active,6.2,176.03
2026-04-30,VP_11257,57,Western Cape,Urban,Prepaid,4G Smartphone,Voucher Top-Up,Good,Network Coverage,Moderate (Stage 1-3),Low / Inactive,15.7,319.83
2026-03-15,VP_11258,39,Western Cape,Suburban,Postpaid Contract,4G Smartphone,Debit Order,Excellent,None,Severe (Stage 4+),Low / Inactive,12.8,275.93
2026-06-23,VP_11259,46,KwaZulu-Natal,Suburban,Prepaid,LTE Router/MiFi,Debit Order,Excellent,None,Moderate (Stage 1-3),Moderate,55.9,928.32
2026-05-20,VP_11260,25,Gauteng,Suburban,Prepaid,5G Smartphone,Debit Order,Good,None,Moderate (Stage 1-3),Moderate,20.9,398.54
2026-02-10,VP_11261,28,Eastern Cape,Suburban,Prepaid,5G Smartphone,Voucher Top-Up,Good,None,Severe (Stage 4+),Moderate,57.4,951.02
2026-01-19,VP_11262,58,Gauteng,Urban,Prepaid,LTE Router/MiFi,Debit Order,Poor / Frequent Drops,None,Minimal / No Impact,High Active,29.5,528.71
2026-04-24,VP_11263,54,Western Cape,Urban,Prepaid,4G Smartphone,Mobile App / EFT,Excellent,SIM Swap / Technical,Severe (Stage 4+),Low / Inactive,32,566.56
2026-03-30,VP_11264,31,Gauteng,Urban,Postpaid Contract,4G Smartphone,Debit Order,Good,None,Severe (Stage 4+),Moderate,17.3,344.05
2026-05-31,VP_11265,47,Western Cape,Urban,Enterprise Hybrid,5G Smartphone,Debit Order,Fair,None,Severe (Stage 4+),Moderate,25.1,462.11
2026-03-18,VP_11266,52,Western Cape,Suburban,Prepaid,4G Smartphone,Voucher Top-Up,Excellent,Network Coverage,Severe (Stage 4+),Moderate,23.6,439.41
2026-06-13,VP_11267,38,Gauteng,Urban,Prepaid,LTE Router/MiFi,Credit Card,Excellent,None,Minimal / No Impact,Moderate,25.6,469.68
2026-04-19,VP_11268,54,Gauteng,Urban,Prepaid,4G Smartphone,Debit Order,Excellent,Billing Query,Severe (Stage 4+),High Active,2.8,124.57
2026-06-26,VP_11269,22,Gauteng,Urban,Postpaid Contract,5G Smartphone,Debit Order,Fair,Billing Query,Moderate (Stage 1-3),Low / Inactive,49.2,826.9
2026-03-06,VP_11270,36,Western Cape,Rural,Prepaid,LTE Router/MiFi,Mobile App / EFT,Excellent,None,Moderate (Stage 1-3),Low / Inactive,26.2,478.76
2026-04-27,VP_11271,31,Eastern Cape,Urban,Prepaid,4G Smartphone,Debit Order,Excellent,None,Moderate (Stage 1-3),Moderate,15.6,318.32
2026-03-19,VP_11272,43,Gauteng,Suburban,Prepaid,4G Smartphone,Voucher Top-Up,Good,None,Minimal / No Impact,Moderate,32.7,577.15
2026-02-20,VP_11273,21,Western Cape,Urban,Enterprise Hybrid,5G Smartphone,Debit Order,Fair,None,Minimal / No Impact,Moderate,16.2,327.4
2026-04-09,VP_11274,42,Gauteng,Urban,Prepaid,4G Smartphone,Voucher Top-Up,Poor / Frequent Drops,None,Severe (Stage 4+),Moderate,37.3,646.78
2026-05-04,VP_11275,62,KwaZulu-Natal,Urban,Prepaid,5G Smartphone,Debit Order,Good,SIM Swap / Technical,Minimal / No Impact,Low / Inactive,11.4,254.74
2026-01-28,VP_11276,59,Limpopo,Suburban,Enterprise Hybrid,5G Smartphone,Voucher Top-Up,Poor / Frequent Drops,None,Moderate (Stage 1-3),High Active,50.5,846.58
2026-03-02,VP_11277,42,Gauteng,Urban,Postpaid Contract,4G Smartphone,Mobile App / EFT,Excellent,Network Coverage,Moderate (Stage 1-3),High Active,20.8,397.03
2026-04-08,VP_11278,35,KwaZulu-Natal,Rural,Postpaid Contract,5G Smartphone,Mobile App / EFT,Excellent,None,Moderate (Stage 1-3),Low / Inactive,50.1,840.53
2026-05-27,VP_11279,57,Gauteng,Urban,Prepaid,4G Smartphone,Voucher Top-Up,Poor / Frequent Drops,SIM Swap / Technical,Minimal / No Impact,High Active,63.2,1038.82
2026-04-02,VP_11280,25,Gauteng,Urban,Enterprise Hybrid,4G Smartphone,Credit Card,Good,Billing Query,Severe (Stage 4+),Moderate,12.8,275.93
2026-05-28,VP_11281,56,Gauteng,Rural,Postpaid Contract,5G Smartphone,Debit Order,Excellent,Network Coverage,Moderate (Stage 1-3),High Active,1,97.32
2026-03-17,VP_11282,57,Gauteng,Urban,Postpaid Contract,4G Smartphone,Debit Order,Good,None,Severe (Stage 4+),Low / Inactive,0.7,92.78
2026-06-29,VP_11283,31,Western Cape,Suburban,Postpaid Contract,LTE Router/MiFi,Voucher Top-Up,Fair,None,Moderate (Stage 1-3),Low / Inactive,6.4,179.06
2026-03-17,VP_11284,49,KwaZulu-Natal,Suburban,Postpaid Contract,5G Smartphone,Voucher Top-Up,Fair,None,Minimal / No Impact,Low / Inactive,5.4,163.92
2026-01-06,VP_11285,68,KwaZulu-Natal,Urban,Prepaid,4G Smartphone,Debit Order,Fair,Billing Query,Moderate (Stage 1-3),Low / Inactive,12.6,272.91
2026-06-18,VP_11286,55,Gauteng,Suburban,Prepaid,5G Smartphone,Voucher Top-Up,Good,Network Coverage,Severe (Stage 4+),High Active,36.5,634.67
2026-04-12,VP_11287,50,Gauteng,Urban,Postpaid Contract,4G Smartphone,Voucher Top-Up,Fair,None,Moderate (Stage 1-3),Moderate,14.4,300.15
2026-03-12,VP_11288,40,Western Cape,Urban,Prepaid,5G Smartphone,Voucher Top-Up,Good,Network Coverage,Moderate (Stage 1-3),Moderate,23.5,437.89
2026-01-03,VP_11289,32,Limpopo,Urban,Prepaid,5G Smartphone,Mobile App / EFT,Good,SIM Swap / Technical,Moderate (Stage 1-3),Low / Inactive,30.4,542.34
2026-05-25,VP_11290,50,Gauteng,Suburban,Prepaid,5G Smartphone,Voucher Top-Up,Fair,None,Severe (Stage 4+),High Active,28.3,510.55
2026-06-25,VP_11291,42,Limpopo,Urban,Postpaid Contract,Legacy Feature Phone,Debit Order,Good,None,Moderate (Stage 1-3),Low / Inactive,6,173
2026-01-13,VP_11292,34,Western Cape,Suburban,Prepaid,4G Smartphone,Voucher Top-Up,Excellent,Network Coverage,Minimal / No Impact,High Active,7.8,200.25
2026-06-05,VP_11293,50,KwaZulu-Natal,Rural,Postpaid Contract,4G Smartphone,Voucher Top-Up,Excellent,None,Moderate (Stage 1-3),Low / Inactive,9.3,222.95
2026-05-08,VP_11294,64,KwaZulu-Natal,Urban,Postpaid Contract,5G Smartphone,Debit Order,Good,Network Coverage,Moderate (Stage 1-3),Moderate,8.6,212.36
2026-03-15,VP_11295,72,Gauteng,Urban,Prepaid,4G Smartphone,Voucher Top-Up,Excellent,Network Coverage,Moderate (Stage 1-3),Moderate,19.7,380.38
2026-02-28,VP_11296,19,Gauteng,Urban,Prepaid,5G Smartphone,Credit Card,Excellent,None,Severe (Stage 4+),Moderate,9.2,221.44
2026-06-05,VP_11297,31,Western Cape,Urban,Prepaid,5G Smartphone,Debit Order,Excellent,None,Moderate (Stage 1-3),High Active,14.5,301.67
2026-04-01,VP_11298,70,Gauteng,Urban,Prepaid,4G Smartphone,Debit Order,Excellent,None,Moderate (Stage 1-3),Moderate,21.4,406.11
2026-02-26,VP_11299,57,Limpopo,Suburban,Prepaid,5G Smartphone,Debit Order,Good,SIM Swap / Technical,Severe (Stage 4+),Moderate,1.5,104.89
2026-06-12,VP_11300,57,KwaZulu-Natal,Rural,Prepaid,5G Smartphone,Voucher Top-Up,Excellent,None,Severe (Stage 4+),Moderate,10.5,241.12
2026-02-18,VP_11301,68,Gauteng,Rural,Enterprise Hybrid,4G Smartphone,Credit Card,Excellent,None,Moderate (Stage 1-3),Moderate,9,218.41
2026-06-08,VP_11302,56,Western Cape,Rural,Prepaid,4G Smartphone,Voucher Top-Up,Good,Network Coverage,Severe (Stage 4+),Moderate,17.3,344.05
2026-03-06,VP_11303,68,Gauteng,Rural,Postpaid Contract,5G Smartphone,Debit Order,Fair,None,Moderate (Stage 1-3),Moderate,19.8,381.89
2026-06-23,VP_11304,23,KwaZulu-Natal,Urban,Prepaid,5G Smartphone,Voucher Top-Up,Excellent,Billing Query,Severe (Stage 4+),Low / Inactive,38.2,660.4
2026-06-18,VP_11305,23,Western Cape,Suburban,Postpaid Contract,5G Smartphone,Voucher Top-Up,Excellent,None,Severe (Stage 4+),Low / Inactive,33.5,589.26
2026-06-24,VP_11306,20,Limpopo,Rural,Prepaid,Legacy Feature Phone,Voucher Top-Up,Poor / Frequent Drops,None,Moderate (Stage 1-3),High Active,11.3,253.23
2026-02-05,VP_11307,24,Eastern Cape,Urban,Postpaid Contract,4G Smartphone,Debit Order,Excellent,None,Moderate (Stage 1-3),Low / Inactive,13.5,286.53
2026-06-10,VP_11308,68,Western Cape,Rural,Postpaid Contract,4G Smartphone,Voucher Top-Up,Poor / Frequent Drops,None,Severe (Stage 4+),Low / Inactive,14.4,300.15
2026-01-25,VP_11309,25,Western Cape,Urban,Postpaid Contract,LTE Router/MiFi,Voucher Top-Up,Excellent,SIM Swap / Technical,Severe (Stage 4+),Low / Inactive,29.9,534.77
2026-06-10,VP_11310,59,Limpopo,Suburban,Prepaid,4G Smartphone,Debit Order,Excellent,None,Moderate (Stage 1-3),Low / Inactive,41.2,705.81
2026-06-15,VP_11311,69,Gauteng,Suburban,Postpaid Contract,Legacy Feature Phone,Voucher Top-Up,Excellent,None,Moderate (Stage 1-3),Moderate,25.3,465.14
2026-01-11,VP_11312,32,Gauteng,Rural,Prepaid,5G Smartphone,Credit Card,Excellent,None,Moderate (Stage 1-3),High Active,20.2,387.94
2026-03-21,VP_11313,64,Gauteng,Urban,Prepaid,5G Smartphone,Debit Order,Fair,None,Severe (Stage 4+),Moderate,4.3,147.27
2026-04-23,VP_11314,46,Gauteng,Suburban,Prepaid,4G Smartphone,Credit Card,Poor / Frequent Drops,None,Minimal / No Impact,Moderate,16.3,328.91
2026-01-09,VP_11315,50,Western Cape,Urban,Prepaid,5G Smartphone,Debit Order,Poor / Frequent Drops,None,Moderate (Stage 1-3),High Active,32.5,574.12
2026-05-29,VP_11316,69,Western Cape,Urban,Prepaid,4G Smartphone,Voucher Top-Up,Fair,SIM Swap / Technical,Moderate (Stage 1-3),High Active,16.6,333.45
2026-04-04,VP_11317,47,Western Cape,Suburban,Postpaid Contract,5G Smartphone,Debit Order,Fair,None,Severe (Stage 4+),Moderate,16.2,327.4
2026-02-03,VP_11318,56,Gauteng,Suburban,Prepaid,4G Smartphone,Debit Order,Good,None,Severe (Stage 4+),Moderate,4.6,151.81
2026-01-24,VP_11319,44,Western Cape,Suburban,Prepaid,5G Smartphone,Voucher Top-Up,Fair,None,Moderate (Stage 1-3),High Active,43,733.06
2026-03-17,VP_11320,53,Gauteng,Urban,Prepaid,5G Smartphone,Voucher Top-Up,Excellent,None,Severe (Stage 4+),Moderate,5.1,159.38
2026-03-25,VP_11321,46,Western Cape,Urban,Postpaid Contract,LTE Router/MiFi,Mobile App / EFT,Excellent,None,Severe (Stage 4+),Low / Inactive,44,748.19
2026-04-17,VP_11322,55,KwaZulu-Natal,Suburban,Prepaid,LTE Router/MiFi,Voucher Top-Up,Good,None,Moderate (Stage 1-3),High Active,20.1,386.43
2026-02-14,VP_11323,74,Gauteng,Urban,Prepaid,Legacy Feature Phone,Voucher Top-Up,Fair,None,Moderate (Stage 1-3),Low / Inactive,52.5,876.86
2026-02-21,VP_11324,50,Gauteng,Urban,Postpaid Contract,4G Smartphone,Credit Card,Good,None,Moderate (Stage 1-3),Moderate,30.3,540.82
2026-02-03,VP_11325,54,Gauteng,Rural,Prepaid,4G Smartphone,Voucher Top-Up,Fair,None,Moderate (Stage 1-3),High Active,33,581.69
2026-05-19,VP_11326,44,Eastern Cape,Urban,Prepaid,4G Smartphone,Debit Order,Good,None,Moderate (Stage 1-3),High Active,15,309.23
2026-04-04,VP_11327,72,Limpopo,Suburban,Prepaid,5G Smartphone,Debit Order,Good,None,Moderate (Stage 1-3),Moderate,17.1,341.02
2026-05-16,VP_11328,50,Western Cape,Urban,Postpaid Contract,5G Smartphone,Voucher Top-Up,Poor / Frequent Drops,None,Minimal / No Impact,High Active,15.1,310.75
2026-05-09,VP_11329,21,Gauteng,Urban,Postpaid Contract,5G Smartphone,Voucher Top-Up,Excellent,SIM Swap / Technical,Moderate (Stage 1-3),Low / Inactive,8.9,216.9
2026-03-11,VP_11330,39,KwaZulu-Natal,Urban,Prepaid,LTE Router/MiFi,Debit Order,Poor / Frequent Drops,Network Coverage,Moderate (Stage 1-3),Moderate,20.3,389.46
2026-02-12,VP_11331,19,Western Cape,Urban,Prepaid,5G Smartphone,Debit Order,Good,SIM Swap / Technical,Severe (Stage 4+),Low / Inactive,7.4,194.2
2026-03-07,VP_11332,27,Eastern Cape,Urban,Prepaid,LTE Router/MiFi,Debit Order,Good,None,Minimal / No Impact,Moderate,10.9,247.17
2026-05-04,VP_11333,22,Gauteng,Urban,Postpaid Contract,4G Smartphone,Voucher Top-Up,Fair,Billing Query,Severe (Stage 4+),Moderate,10.7,244.15
2026-03-17,VP_11334,27,Gauteng,Urban,Postpaid Contract,4G Smartphone,Debit Order,Good,None,Moderate (Stage 1-3),High Active,11.5,256.26
2026-03-28,VP_11335,50,Western Cape,Urban,Prepaid,5G Smartphone,Debit Order,Good,Network Coverage,Moderate (Stage 1-3),Moderate,9.4,224.47
2026-01-30,VP_11336,71,KwaZulu-Natal,Urban,Prepaid,5G Smartphone,Voucher Top-Up,Good,None,Moderate (Stage 1-3),Moderate,4,142.73
2026-04-30,VP_11337,55,Gauteng,Urban,Postpaid Contract,Legacy Feature Phone,Mobile App / EFT,Excellent,None,Moderate (Stage 1-3),Moderate,7.2,191.17
2026-01-20,VP_11338,30,Gauteng,Urban,Postpaid Contract,5G Smartphone,Debit Order,Good,None,Moderate (Stage 1-3),Low / Inactive,23.9,443.95
2026-02-06,VP_11339,48,KwaZulu-Natal,Rural,Postpaid Contract,5G Smartphone,Voucher Top-Up,Excellent,None,Severe (Stage 4+),Moderate,13,278.96
2026-02-27,VP_11340,64,Eastern Cape,Suburban,Postpaid Contract,5G Smartphone,Debit Order,Poor / Frequent Drops,None,Moderate (Stage 1-3),Low / Inactive,14.2,297.12
2026-06-23,VP_11341,53,Limpopo,Suburban,Postpaid Contract,5G Smartphone,Credit Card,Excellent,None,Minimal / No Impact,Moderate,41.4,708.84
2026-06-22,VP_11342,62,KwaZulu-Natal,Urban,Prepaid,5G Smartphone,Debit Order,Good,None,Severe (Stage 4+),Moderate,56.3,934.37
2026-04-12,VP_11343,41,KwaZulu-Natal,Rural,Prepaid,4G Smartphone,Credit Card,Poor / Frequent Drops,SIM Swap / Technical,Severe (Stage 4+),Moderate,46.6,787.55
2026-05-23,VP_11344,69,Gauteng,Suburban,Prepaid,4G Smartphone,Credit Card,Poor / Frequent Drops,Network Coverage,Moderate (Stage 1-3),High Active,44.1,749.71
2026-04-04,VP_11345,73,KwaZulu-Natal,Suburban,Postpaid Contract,4G Smartphone,Mobile App / EFT,Good,None,Minimal / No Impact,Moderate,29.2,524.17
2026-01-24,VP_11346,32,KwaZulu-Natal,Urban,Prepaid,5G Smartphone,Debit Order,Good,None,Severe (Stage 4+),Moderate,36.7,637.7
2026-04-12,VP_11347,46,Western Cape,Rural,Prepaid,4G Smartphone,Voucher Top-Up,Excellent,None,Severe (Stage 4+),High Active,38.6,666.46
2026-01-04,VP_11348,25,KwaZulu-Natal,Suburban,Prepaid,4G Smartphone,Debit Order,Excellent,None,Moderate (Stage 1-3),Moderate,39.8,684.62
2026-03-09,VP_11349,22,Gauteng,Rural,Prepaid,5G Smartphone,Mobile App / EFT,Excellent,None,Severe (Stage 4+),Moderate,6.9,186.63
2026-05-18,VP_11350,46,Gauteng,Urban,Postpaid Contract,5G Smartphone,Mobile App / EFT,Fair,None,Moderate (Stage 1-3),High Active,15.3,313.77
2026-02-01,VP_11351,64,Gauteng,Urban,Prepaid,5G Smartphone,Credit Card,Excellent,Billing Query,Minimal / No Impact,Low / Inactive,19.6,378.86
2026-04-27,VP_11352,21,Gauteng,Urban,Prepaid,4G Smartphone,Voucher Top-Up,Good,None,Severe (Stage 4+),Moderate,5.1,159.38
2026-04-05,VP_11353,29,Gauteng,Urban,Postpaid Contract,4G Smartphone,Voucher Top-Up,Excellent,None,Moderate (Stage 1-3),Moderate,3.7,138.19
2026-06-22,VP_11354,62,Limpopo,Rural,Prepaid,LTE Router/MiFi,Voucher Top-Up,Good,None,Moderate (Stage 1-3),Moderate,21.5,407.62
2026-06-22,VP_11355,19,KwaZulu-Natal,Urban,Postpaid Contract,5G Smartphone,Voucher Top-Up,Good,None,Minimal / No Impact,Low / Inactive,8.2,206.3
2026-03-09,VP_11356,44,KwaZulu-Natal,Urban,Postpaid Contract,4G Smartphone,Voucher Top-Up,Fair,Billing Query,Minimal / No Impact,High Active,24,445.46
2026-05-30,VP_11357,48,Eastern Cape,Urban,Enterprise Hybrid,5G Smartphone,Voucher Top-Up,Excellent,None,Moderate (Stage 1-3),Moderate,24.9,459.09
2026-04-08,VP_11358,68,Limpopo,Urban,Postpaid Contract,5G Smartphone,Credit Card,Excellent,None,Moderate (Stage 1-3),Moderate,15.5,316.8
2026-06-13,VP_11359,68,Western Cape,Urban,Prepaid,4G Smartphone,Voucher Top-Up,Excellent,Billing Query,Moderate (Stage 1-3),Low / Inactive,15.8,321.34
2026-04-06,VP_11360,53,Eastern Cape,Suburban,Prepaid,5G Smartphone,Mobile App / EFT,Excellent,None,Moderate (Stage 1-3),Moderate,11,248.69
2026-01-28,VP_11361,53,Gauteng,Suburban,Prepaid,4G Smartphone,Mobile App / EFT,Good,None,Severe (Stage 4+),High Active,5.7,168.46
2026-06-22,VP_11362,43,Gauteng,Urban,Prepaid,4G Smartphone,Voucher Top-Up,Excellent,None,Minimal / No Impact,Moderate,22.2,418.22
2026-03-01,VP_11363,60,KwaZulu-Natal,Urban,Prepaid,4G Smartphone,Debit Order,Excellent,None,Moderate (Stage 1-3),Moderate,15.5,316.8
2026-05-01,VP_11364,44,Western Cape,Urban,Prepaid,5G Smartphone,Voucher Top-Up,Fair,None,Severe (Stage 4+),High Active,7,188.14
2026-01-07,VP_11365,22,Western Cape,Urban,Postpaid Contract,LTE Router/MiFi,Voucher Top-Up,Good,Billing Query,Minimal / No Impact,Low / Inactive,14.1,295.61
2026-06-08,VP_11366,37,Gauteng,Suburban,Prepaid,Legacy Feature Phone,Debit Order,Excellent,None,Moderate (Stage 1-3),High Active,33.9,595.31
2026-05-24,VP_11367,28,Gauteng,Suburban,Prepaid,LTE Router/MiFi,Voucher Top-Up,Excellent,None,Severe (Stage 4+),High Active,3.7,138.19
2026-03-25,VP_11368,27,Western Cape,Suburban,Prepaid,4G Smartphone,Credit Card,Excellent,SIM Swap / Technical,Severe (Stage 4+),High Active,17.6,348.59
2026-06-06,VP_11369,57,Gauteng,Suburban,Prepaid,4G Smartphone,Debit Order,Good,None,Severe (Stage 4+),Moderate,6.5,180.57
2026-02-26,VP_11370,55,Western Cape,Urban,Enterprise Hybrid,4G Smartphone,Voucher Top-Up,Good,SIM Swap / Technical,Minimal / No Impact,Moderate,14.1,295.61
2026-06-15,VP_11371,23,Western Cape,Rural,Prepaid,5G Smartphone,Mobile App / EFT,Good,None,Minimal / No Impact,High Active,2.2,115.49
2026-01-17,VP_11372,25,Western Cape,Suburban,Postpaid Contract,4G Smartphone,Voucher Top-Up,Excellent,Billing Query,Moderate (Stage 1-3),Low / Inactive,4.1,144.24
2026-06-12,VP_11373,40,Eastern Cape,Rural,Prepaid,4G Smartphone,Voucher Top-Up,Good,Billing Query,Minimal / No Impact,High Active,3.7,138.19
2026-04-29,VP_11374,64,Eastern Cape,Urban,Prepaid,Legacy Feature Phone,Voucher Top-Up,Good,Network Coverage,Moderate (Stage 1-3),Moderate,52,869.29
2026-06-29,VP_11375,43,KwaZulu-Natal,Rural,Prepaid,4G Smartphone,Voucher Top-Up,Good,None,Moderate (Stage 1-3),High Active,21.3,404.59
2026-03-19,VP_11376,63,Western Cape,Suburban,Postpaid Contract,5G Smartphone,Debit Order,Fair,None,Moderate (Stage 1-3),Low / Inactive,8.1,204.79
2026-06-16,VP_11377,60,Western Cape,Suburban,Prepaid,4G Smartphone,Credit Card,Excellent,None,Moderate (Stage 1-3),Low / Inactive,8.5,210.85
2026-04-15,VP_11378,29,Gauteng,Urban,Prepaid,Legacy Feature Phone,Voucher Top-Up,Excellent,SIM Swap / Technical,Severe (Stage 4+),Moderate,28.2,509.04
2026-01-30,VP_11379,43,Gauteng,Suburban,Prepaid,5G Smartphone,Voucher Top-Up,Fair,None,Severe (Stage 4+),High Active,24.5,453.03
2026-02-05,VP_11380,30,Gauteng,Rural,Postpaid Contract,5G Smartphone,Voucher Top-Up,Excellent,Network Coverage,Severe (Stage 4+),Moderate,16.2,327.4
2026-01-12,VP_11381,57,KwaZulu-Natal,Suburban,Postpaid Contract,4G Smartphone,Debit Order,Excellent,None,Severe (Stage 4+),Moderate,43.7,743.65
2026-01-10,VP_11382,35,Western Cape,Suburban,Prepaid,5G Smartphone,Credit Card,Good,None,Minimal / No Impact,Moderate,8.5,210.85
2026-03-19,VP_11383,42,Eastern Cape,Rural,Prepaid,5G Smartphone,Mobile App / EFT,Good,None,Minimal / No Impact,Moderate,3.9,141.22
2026-05-07,VP_11384,50,Gauteng,Urban,Postpaid Contract,5G Smartphone,Debit Order,Fair,None,Minimal / No Impact,Low / Inactive,41.8,714.89
2026-01-30,VP_11385,64,Gauteng,Suburban,Postpaid Contract,LTE Router/MiFi,Credit Card,Excellent,Network Coverage,Severe (Stage 4+),High Active,11.2,251.71
2026-01-25,VP_11386,57,Limpopo,Urban,Postpaid Contract,5G Smartphone,Voucher Top-Up,Excellent,None,Moderate (Stage 1-3),Moderate,4,142.73
2026-03-02,VP_11387,60,Gauteng,Rural,Postpaid Contract,4G Smartphone,Voucher Top-Up,Excellent,Network Coverage,Moderate (Stage 1-3),Moderate,16.8,336.48
2026-05-18,VP_11388,29,KwaZulu-Natal,Urban,Postpaid Contract,4G Smartphone,Voucher Top-Up,Good,None,Moderate (Stage 1-3),Moderate,19.4,375.83
2026-02-04,VP_11389,61,Western Cape,Urban,Prepaid,Legacy Feature Phone,Debit Order,Excellent,Billing Query,Severe (Stage 4+),High Active,16.3,328.91
2026-04-10,VP_11390,53,KwaZulu-Natal,Suburban,Postpaid Contract,Legacy Feature Phone,Voucher Top-Up,Good,Billing Query,Moderate (Stage 1-3),High Active,40,687.65
2026-04-27,VP_11391,65,Gauteng,Suburban,Enterprise Hybrid,4G Smartphone,Debit Order,Excellent,None,Severe (Stage 4+),Moderate,54.5,907.13
2026-04-05,VP_11392,21,Gauteng,Suburban,Prepaid,Legacy Feature Phone,Voucher Top-Up,Excellent,None,Minimal / No Impact,Low / Inactive,11.3,253.23
2026-06-21,VP_11393,22,Gauteng,Rural,Prepaid,5G Smartphone,Voucher Top-Up,Good,None,Moderate (Stage 1-3),Low / Inactive,30.9,549.91
2026-06-28,VP_11394,73,Western Cape,Rural,Enterprise Hybrid,4G Smartphone,Mobile App / EFT,Poor / Frequent Drops,None,Moderate (Stage 1-3),High Active,12.6,272.91
2026-05-19,VP_11395,54,KwaZulu-Natal,Urban,Prepaid,4G Smartphone,Voucher Top-Up,Fair,Network Coverage,Moderate (Stage 1-3),High Active,41.4,708.84
2026-04-18,VP_11396,25,Gauteng,Urban,Postpaid Contract,5G Smartphone,Debit Order,Poor / Frequent Drops,SIM Swap / Technical,Severe (Stage 4+),Moderate,5,157.87
2026-05-31,VP_11397,59,Western Cape,Urban,Prepaid,4G Smartphone,Mobile App / EFT,Good,Billing Query,Severe (Stage 4+),Moderate,18.6,363.73
2026-02-09,VP_11398,66,Eastern Cape,Urban,Prepaid,5G Smartphone,Voucher Top-Up,Excellent,Billing Query,Moderate (Stage 1-3),Low / Inactive,26.1,477.25
2026-04-17,VP_11399,45,Gauteng,Urban,Prepaid,LTE Router/MiFi,Voucher Top-Up,Excellent,None,Moderate (Stage 1-3),Moderate,26.6,484.82
2026-06-17,VP_11400,48,KwaZulu-Natal,Rural,Prepaid,5G Smartphone,Debit Order,Good,None,Severe (Stage 4+),Moderate,12,263.82
2026-01-26,VP_11401,26,Western Cape,Suburban,Prepaid,4G Smartphone,Mobile App / EFT,Excellent,Network Coverage,Moderate (Stage 1-3),Moderate,15.2,312.26
2026-05-06,VP_11402,71,Gauteng,Urban,Prepaid,5G Smartphone,Credit Card,Excellent,None,Severe (Stage 4+),High Active,24.7,456.06
2026-06-07,VP_11403,68,Gauteng,Urban,Postpaid Contract,5G Smartphone,Mobile App / EFT,Excellent,Billing Query,Severe (Stage 4+),Moderate,18.9,368.27
2026-04-15,VP_11404,46,Western Cape,Suburban,Enterprise Hybrid,Legacy Feature Phone,Credit Card,Good,Billing Query,Severe (Stage 4+),Moderate,18.1,356.16
2026-03-13,VP_11405,31,Limpopo,Urban,Prepaid,4G Smartphone,Debit Order,Excellent,None,Moderate (Stage 1-3),Low / Inactive,11.7,259.28
2026-01-09,VP_11406,57,Eastern Cape,Urban,Prepaid,Legacy Feature Phone,Mobile App / EFT,Excellent,None,Moderate (Stage 1-3),High Active,7.5,195.71
2026-06-26,VP_11407,58,Western Cape,Rural,Prepaid,5G Smartphone,Voucher Top-Up,Good,Billing Query,Moderate (Stage 1-3),Moderate,35.5,619.53
2026-04-05,VP_11408,39,Western Cape,Rural,Prepaid,5G Smartphone,Debit Order,Excellent,None,Severe (Stage 4+),Low / Inactive,6.9,186.63
2026-02-25,VP_11409,28,KwaZulu-Natal,Urban,Prepaid,4G Smartphone,Voucher Top-Up,Good,Network Coverage,Severe (Stage 4+),Moderate,40.2,690.68
2026-04-24,VP_11410,40,Western Cape,Rural,Prepaid,4G Smartphone,Voucher Top-Up,Good,None,Moderate (Stage 1-3),Low / Inactive,45.6,772.41
2026-04-24,VP_11411,18,KwaZulu-Natal,Urban,Prepaid,5G Smartphone,Debit Order,Excellent,None,Severe (Stage 4+),Moderate,29.9,534.77
2026-03-02,VP_11412,63,Gauteng,Suburban,Prepaid,4G Smartphone,Debit Order,Fair,None,Severe (Stage 4+),Low / Inactive,12.4,269.88
2026-04-03,VP_11413,54,Western Cape,Urban,Prepaid,5G Smartphone,Debit Order,Excellent,Billing Query,Moderate (Stage 1-3),Moderate,3.5,135.16
2026-01-26,VP_11414,38,KwaZulu-Natal,Urban,Postpaid Contract,5G Smartphone,Voucher Top-Up,Good,None,Moderate (Stage 1-3),High Active,26.3,480.28
2026-06-25,VP_11415,43,KwaZulu-Natal,Rural,Prepaid,5G Smartphone,Debit Order,Good,None,Moderate (Stage 1-3),Low / Inactive,5.3,162.41
2026-04-05,VP_11416,63,Limpopo,Urban,Postpaid Contract,4G Smartphone,Debit Order,Poor / Frequent Drops,None,Severe (Stage 4+),Low / Inactive,9.6,227.5
2026-05-20,VP_11417,53,Gauteng,Suburban,Enterprise Hybrid,4G Smartphone,Voucher Top-Up,Good,None,Moderate (Stage 1-3),Moderate,11.4,254.74
2026-06-15,VP_11418,71,Gauteng,Urban,Enterprise Hybrid,4G Smartphone,Credit Card,Excellent,None,Moderate (Stage 1-3),Moderate,7.6,197.22
2026-04-02,VP_11419,40,Gauteng,Urban,Enterprise Hybrid,4G Smartphone,Mobile App / EFT,Good,None,Moderate (Stage 1-3),Low / Inactive,8.9,216.9
2026-01-16,VP_11420,74,Eastern Cape,Urban,Prepaid,5G Smartphone,Debit Order,Excellent,None,Severe (Stage 4+),High Active,18.7,365.24
2026-04-12,VP_11421,18,Western Cape,Urban,Prepaid,LTE Router/MiFi,Credit Card,Good,None,Moderate (Stage 1-3),Moderate,67.8,1108.45
2026-03-12,VP_11422,71,Gauteng,Suburban,Prepaid,LTE Router/MiFi,Voucher Top-Up,Excellent,None,Moderate (Stage 1-3),High Active,24.6,454.54
2026-02-18,VP_11423,72,Western Cape,Urban,Postpaid Contract,4G Smartphone,Voucher Top-Up,Good,None,Severe (Stage 4+),High Active,35.8,624.07
2026-02-01,VP_11424,68,KwaZulu-Natal,Suburban,Postpaid Contract,5G Smartphone,Voucher Top-Up,Excellent,None,Moderate (Stage 1-3),Moderate,10.7,244.15
2026-04-27,VP_11425,57,Eastern Cape,Suburban,Postpaid Contract,4G Smartphone,Voucher Top-Up,Good,None,Moderate (Stage 1-3),Low / Inactive,58.1,961.62
2026-01-24,VP_11426,32,KwaZulu-Natal,Suburban,Prepaid,4G Smartphone,Debit Order,Good,None,Moderate (Stage 1-3),Moderate,54,899.56
2026-06-19,VP_11427,38,KwaZulu-Natal,Urban,Postpaid Contract,Legacy Feature Phone,Voucher Top-Up,Excellent,SIM Swap / Technical,Severe (Stage 4+),Low / Inactive,12.4,269.88
2026-02-24,VP_11428,64,Limpopo,Rural,Prepaid,Legacy Feature Phone,Voucher Top-Up,Fair,None,Severe (Stage 4+),High Active,56.5,937.4
2026-06-14,VP_11429,26,Gauteng,Urban,Prepaid,LTE Router/MiFi,Voucher Top-Up,Good,None,Moderate (Stage 1-3),Moderate,8.7,213.87
2026-06-13,VP_11430,70,Gauteng,Urban,Postpaid Contract,5G Smartphone,Mobile App / EFT,Excellent,None,Moderate (Stage 1-3),High Active,14.6,303.18
2026-06-02,VP_11431,26,Western Cape,Urban,Prepaid,Legacy Feature Phone,Voucher Top-Up,Excellent,Network Coverage,Moderate (Stage 1-3),High Active,15.7,319.83
2026-01-06,VP_11432,27,Limpopo,Urban,Enterprise Hybrid,4G Smartphone,Voucher Top-Up,Good,Network Coverage,Moderate (Stage 1-3),High Active,11.8,260.8
2026-01-13,VP_11433,69,KwaZulu-Natal,Urban,Prepaid,4G Smartphone,Voucher Top-Up,Excellent,None,Moderate (Stage 1-3),High Active,2.8,124.57
2026-03-27,VP_11434,74,Gauteng,Suburban,Postpaid Contract,4G Smartphone,Credit Card,Poor / Frequent Drops,Network Coverage,Moderate (Stage 1-3),Moderate,3.1,129.11
2026-03-04,VP_11435,70,Gauteng,Urban,Prepaid,5G Smartphone,Voucher Top-Up,Excellent,None,Severe (Stage 4+),High Active,13.5,286.53
2026-02-02,VP_11436,43,KwaZulu-Natal,Urban,Postpaid Contract,4G Smartphone,Credit Card,Excellent,None,Moderate (Stage 1-3),Moderate,37.7,652.83
2026-05-25,VP_11437,58,Gauteng,Suburban,Postpaid Contract,5G Smartphone,Mobile App / EFT,Poor / Frequent Drops,None,Moderate (Stage 1-3),Low / Inactive,16.1,325.88
2026-02-22,VP_11438,52,Western Cape,Urban,Enterprise Hybrid,5G Smartphone,Voucher Top-Up,Poor / Frequent Drops,None,Severe (Stage 4+),Moderate,9.4,224.47
2026-01-18,VP_11439,69,Limpopo,Urban,Prepaid,LTE Router/MiFi,Voucher Top-Up,Excellent,None,Severe (Stage 4+),Low / Inactive,30.8,548.39
2026-05-22,VP_11440,42,KwaZulu-Natal,Urban,Enterprise Hybrid,5G Smartphone,Debit Order,Good,None,Severe (Stage 4+),Low / Inactive,26,475.74
2026-02-23,VP_11441,43,KwaZulu-Natal,Suburban,Prepaid,5G Smartphone,Credit Card,Excellent,None,Moderate (Stage 1-3),Moderate,21.3,404.59
2026-05-31,VP_11442,28,KwaZulu-Natal,Urban,Prepaid,5G Smartphone,Debit Order,Good,Billing Query,Moderate (Stage 1-3),Moderate,9,218.41
2026-02-25,VP_11443,55,Gauteng,Urban,Prepaid,4G Smartphone,Voucher Top-Up,Fair,None,Minimal / No Impact,Low / Inactive,17.6,348.59
2026-03-01,VP_11444,19,Limpopo,Urban,Postpaid Contract,Legacy Feature Phone,Debit Order,Excellent,None,Minimal / No Impact,High Active,0.8,94.29
2026-03-26,VP_11445,24,KwaZulu-Natal,Suburban,Prepaid,5G Smartphone,Voucher Top-Up,Excellent,None,Minimal / No Impact,Low / Inactive,38.8,669.48
2026-02-07,VP_11446,35,KwaZulu-Natal,Suburban,Postpaid Contract,5G Smartphone,Voucher Top-Up,Excellent,None,Moderate (Stage 1-3),Moderate,26.5,483.3
2026-06-02,VP_11447,44,Western Cape,Suburban,Postpaid Contract,LTE Router/MiFi,Credit Card,Excellent,None,Minimal / No Impact,High Active,10.9,247.17
2026-01-01,VP_11448,51,KwaZulu-Natal,Urban,Prepaid,LTE Router/MiFi,Voucher Top-Up,Excellent,None,Severe (Stage 4+),Moderate,18.7,365.24
2026-03-12,VP_11449,44,Western Cape,Urban,Enterprise Hybrid,5G Smartphone,Credit Card,Fair,None,Moderate (Stage 1-3),Moderate,13.6,288.04
2026-02-07,VP_11450,34,Gauteng,Urban,Prepaid,4G Smartphone,Voucher Top-Up,Excellent,None,Moderate (Stage 1-3),Moderate,18.3,359.18
2026-02-03,VP_11451,60,Eastern Cape,Urban,Postpaid Contract,4G Smartphone,Debit Order,Good,Network Coverage,Severe (Stage 4+),High Active,68.3,1116.01
2026-05-19,VP_11452,61,Limpopo,Urban,Prepaid,4G Smartphone,Debit Order,Fair,None,Severe (Stage 4+),Moderate,39.6,681.59
2026-03-06,VP_11453,68,Western Cape,Urban,Prepaid,4G Smartphone,Voucher Top-Up,Good,None,Moderate (Stage 1-3),Moderate,32.4,572.61
2026-02-14,VP_11454,71,Limpopo,Urban,Prepaid,Legacy Feature Phone,Debit Order,Good,None,Severe (Stage 4+),Low / Inactive,32.5,574.12
2026-01-29,VP_11455,41,Gauteng,Suburban,Prepaid,5G Smartphone,Voucher Top-Up,Excellent,SIM Swap / Technical,Moderate (Stage 1-3),Low / Inactive,41.9,716.41
2026-06-19,VP_11456,42,KwaZulu-Natal,Urban,Prepaid,5G Smartphone,Debit Order,Good,None,Minimal / No Impact,Low / Inactive,42.8,730.03
2026-01-07,VP_11457,24,Western Cape,Suburban,Prepaid,5G Smartphone,Voucher Top-Up,Excellent,None,Severe (Stage 4+),High Active,28.7,516.6
2026-02-03,VP_11458,69,Western Cape,Urban,Prepaid,4G Smartphone,Voucher Top-Up,Fair,None,Moderate (Stage 1-3),Moderate,17.1,341.02
2026-01-04,VP_11459,23,KwaZulu-Natal,Urban,Prepaid,LTE Router/MiFi,Voucher Top-Up,Excellent,None,Moderate (Stage 1-3),Moderate,6.6,182.09
2026-04-02,VP_11460,70,Gauteng,Urban,Prepaid,4G Smartphone,Debit Order,Good,None,Severe (Stage 4+),Moderate,23.1,431.84
2026-03-02,VP_11461,41,Gauteng,Urban,Postpaid Contract,5G Smartphone,Debit Order,Good,None,Minimal / No Impact,High Active,15.2,312.26
2026-05-31,VP_11462,50,KwaZulu-Natal,Urban,Prepaid,4G Smartphone,Voucher Top-Up,Good,None,Minimal / No Impact,Moderate,7.2,191.17
2026-03-24,VP_11463,66,Gauteng,Urban,Postpaid Contract,4G Smartphone,Debit Order,Excellent,None,Severe (Stage 4+),Moderate,18.9,368.27
2026-01-05,VP_11464,46,Western Cape,Rural,Postpaid Contract,Legacy Feature Phone,Voucher Top-Up,Excellent,None,Severe (Stage 4+),Moderate,4.5,150.3
2026-02-14,VP_11465,60,Gauteng,Suburban,Postpaid Contract,4G Smartphone,Voucher Top-Up,Fair,Billing Query,Minimal / No Impact,High Active,12.6,272.91
2026-03-09,VP_11466,39,Gauteng,Urban,Postpaid Contract,4G Smartphone,Debit Order,Excellent,None,Minimal / No Impact,Moderate,33.2,584.72
2026-01-14,VP_11467,43,KwaZulu-Natal,Suburban,Prepaid,4G Smartphone,Voucher Top-Up,Excellent,Network Coverage,Moderate (Stage 1-3),Low / Inactive,17.1,341.02
2026-02-02,VP_11468,45,Western Cape,Suburban,Postpaid Contract,4G Smartphone,Voucher Top-Up,Good,None,Severe (Stage 4+),Moderate,26.7,486.33
2026-04-18,VP_11469,67,Eastern Cape,Suburban,Prepaid,4G Smartphone,Debit Order,Fair,Billing Query,Moderate (Stage 1-3),Low / Inactive,25.9,474.22
2026-05-15,VP_11470,38,Western Cape,Suburban,Postpaid Contract,5G Smartphone,Voucher Top-Up,Excellent,None,Severe (Stage 4+),Moderate,16,324.37
2026-01-30,VP_11471,66,Gauteng,Urban,Postpaid Contract,LTE Router/MiFi,Debit Order,Good,None,Minimal / No Impact,Low / Inactive,29.5,528.71
2026-01-17,VP_11472,24,Eastern Cape,Urban,Prepaid,4G Smartphone,Voucher Top-Up,Good,Billing Query,Moderate (Stage 1-3),High Active,17.7,350.1
2026-05-02,VP_11473,34,KwaZulu-Natal,Urban,Postpaid Contract,4G Smartphone,Mobile App / EFT,Excellent,Network Coverage,Moderate (Stage 1-3),High Active,5.8,169.98
2026-04-25,VP_11474,37,Gauteng,Urban,Prepaid,Legacy Feature Phone,Debit Order,Good,None,Severe (Stage 4+),Moderate,15.5,316.8
2026-04-03,VP_11475,58,KwaZulu-Natal,Urban,Prepaid,4G Smartphone,Voucher Top-Up,Fair,Billing Query,Moderate (Stage 1-3),Low / Inactive,57.5,952.54
2026-05-12,VP_11476,66,Limpopo,Suburban,Prepaid,4G Smartphone,Voucher Top-Up,Poor / Frequent Drops,Billing Query,Severe (Stage 4+),Moderate,8.4,209.33
2026-06-01,VP_11477,37,KwaZulu-Natal,Rural,Postpaid Contract,Legacy Feature Phone,Debit Order,Excellent,None,Severe (Stage 4+),Moderate,55,914.7
2026-01-28,VP_11478,71,Gauteng,Rural,Postpaid Contract,5G Smartphone,Voucher Top-Up,Good,Network Coverage,Moderate (Stage 1-3),High Active,1.1,98.83
2026-04-26,VP_11479,39,Gauteng,Rural,Postpaid Contract,4G Smartphone,Voucher Top-Up,Good,None,Moderate (Stage 1-3),Moderate,4.4,148.79
2026-05-09,VP_11480,45,Gauteng,Suburban,Prepaid,4G Smartphone,Voucher Top-Up,Excellent,None,Moderate (Stage 1-3),Moderate,7.7,198.74
2026-02-26,VP_11481,57,KwaZulu-Natal,Rural,Prepaid,5G Smartphone,Voucher Top-Up,Good,None,Minimal / No Impact,Low / Inactive,5,157.87
2026-06-07,VP_11482,66,Western Cape,Urban,Postpaid Contract,4G Smartphone,Mobile App / EFT,Excellent,None,Moderate (Stage 1-3),Moderate,34,596.83
2026-01-12,VP_11483,24,Gauteng,Urban,Prepaid,4G Smartphone,Credit Card,Excellent,Network Coverage,Moderate (Stage 1-3),Moderate,3.7,138.19
2026-06-18,VP_11484,18,Limpopo,Urban,Postpaid Contract,4G Smartphone,Voucher Top-Up,Excellent,None,Moderate (Stage 1-3),High Active,8.5,210.85
2026-05-14,VP_11485,49,Eastern Cape,Suburban,Prepaid,Legacy Feature Phone,Mobile App / EFT,Excellent,None,Moderate (Stage 1-3),High Active,29.3,525.69
2026-03-19,VP_11486,30,Western Cape,Urban,Prepaid,5G Smartphone,Debit Order,Good,Network Coverage,Moderate (Stage 1-3),Moderate,21.1,401.57
2026-04-28,VP_11487,47,Eastern Cape,Suburban,Prepaid,4G Smartphone,Voucher Top-Up,Excellent,Network Coverage,Moderate (Stage 1-3),Moderate,16.2,327.4
2026-06-14,VP_11488,40,Gauteng,Urban,Postpaid Contract,4G Smartphone,Debit Order,Good,None,Minimal / No Impact,Moderate,14.5,301.67
2026-01-08,VP_11489,68,KwaZulu-Natal,Urban,Prepaid,5G Smartphone,Debit Order,Excellent,None,Moderate (Stage 1-3),Moderate,28.4,512.06
2026-01-16,VP_11490,73,Western Cape,Suburban,Prepaid,5G Smartphone,Voucher Top-Up,Good,Billing Query,Severe (Stage 4+),High Active,5.6,166.95
2026-05-03,VP_11491,36,Eastern Cape,Urban,Prepaid,LTE Router/MiFi,Voucher Top-Up,Fair,None,Severe (Stage 4+),Moderate,7.9,201.76
2026-04-13,VP_11492,49,Eastern Cape,Urban,Prepaid,4G Smartphone,Voucher Top-Up,Excellent,None,Moderate (Stage 1-3),Low / Inactive,24.2,448.49
2026-04-20,VP_11493,47,Gauteng,Urban,Prepaid,4G Smartphone,Voucher Top-Up,Good,None,Moderate (Stage 1-3),Moderate,8.4,209.33
2026-06-25,VP_11494,46,Limpopo,Urban,Prepaid,4G Smartphone,Voucher Top-Up,Good,None,Moderate (Stage 1-3),Moderate,18.1,356.16
2026-01-28,VP_11495,66,Gauteng,Suburban,Postpaid Contract,5G Smartphone,Voucher Top-Up,Good,None,Severe (Stage 4+),Moderate,12.9,277.45
2026-05-06,VP_11496,62,Eastern Cape,Urban,Prepaid,5G Smartphone,Debit Order,Excellent,None,Minimal / No Impact,Moderate,9.7,229.01
2026-04-24,VP_11497,46,Limpopo,Suburban,Postpaid Contract,5G Smartphone,Voucher Top-Up,Good,Billing Query,Severe (Stage 4+),High Active,15.8,321.34
2026-01-19,VP_11498,47,Gauteng,Urban,Postpaid Contract,Legacy Feature Phone,Debit Order,Excellent,None,Moderate (Stage 1-3),High Active,1.6,106.4
2026-01-21,VP_11499,33,Western Cape,Suburban,Prepaid,5G Smartphone,Voucher Top-Up,Excellent,None,Severe (Stage 4+),High Active,23.6,439.41
2026-03-24,VP_11500,57,Gauteng,Urban,Prepaid,Legacy Feature Phone,Debit Order,Good,None,Moderate (Stage 1-3),Low / Inactive,23,430.33
2026-06-05,VP_11501,36,KwaZulu-Natal,Suburban,Postpaid Contract,Legacy Feature Phone,Debit Order,Excellent,None,Moderate (Stage 1-3),High Active,43.1,734.57
2026-02-07,VP_11502,35,KwaZulu-Natal,Suburban,Prepaid,Legacy Feature Phone,Voucher Top-Up,Good,None,Moderate (Stage 1-3),Low / Inactive,7.4,194.2
2026-01-17,VP_11503,18,Western Cape,Urban,Prepaid,4G Smartphone,Voucher Top-Up,Good,None,Moderate (Stage 1-3),Low / Inactive,38,657.38
2026-02-02,VP_11504,31,Limpopo,Rural,Prepaid,Legacy Feature Phone,Voucher Top-Up,Fair,None,Moderate (Stage 1-3),Moderate,7.7,198.74
2026-03-12,VP_11505,68,Western Cape,Suburban,Postpaid Contract,5G Smartphone,Debit Order,Excellent,Billing Query,Moderate (Stage 1-3),Moderate,30.2,539.31
2026-06-09,VP_11506,64,KwaZulu-Natal,Urban,Prepaid,5G Smartphone,Voucher Top-Up,Poor / Frequent Drops,Billing Query,Moderate (Stage 1-3),High Active,5,157.87
2026-06-12,VP_11507,67,Eastern Cape,Urban,Enterprise Hybrid,5G Smartphone,Mobile App / EFT,Good,None,Minimal / No Impact,Moderate,8.4,209.33
2026-05-30,VP_11508,19,Limpopo,Rural,Postpaid Contract,LTE Router/MiFi,Mobile App / EFT,Excellent,None,Minimal / No Impact,Low / Inactive,9.1,219.93
2026-05-21,VP_11509,71,Gauteng,Suburban,Prepaid,5G Smartphone,Voucher Top-Up,Excellent,Network Coverage,Moderate (Stage 1-3),High Active,18.4,360.7
2026-03-25,VP_11510,45,Limpopo,Urban,Prepaid,4G Smartphone,Debit Order,Good,Billing Query,Severe (Stage 4+),High Active,21.9,413.68
2026-04-08,VP_11511,66,Gauteng,Urban,Prepaid,5G Smartphone,Voucher Top-Up,Fair,SIM Swap / Technical,Minimal / No Impact,High Active,3.5,135.16
2026-06-02,VP_11512,67,Eastern Cape,Suburban,Prepaid,5G Smartphone,Debit Order,Good,None,Minimal / No Impact,Moderate,20,384.92
2026-05-16,VP_11513,47,Gauteng,Suburban,Prepaid,5G Smartphone,Debit Order,Good,Network Coverage,Moderate (Stage 1-3),High Active,18.2,357.67
2026-03-17,VP_11514,55,Gauteng,Suburban,Prepaid,LTE Router/MiFi,Debit Order,Excellent,None,Moderate (Stage 1-3),Moderate,21.6,409.13
2026-04-27,VP_11515,68,KwaZulu-Natal,Urban,Prepaid,4G Smartphone,Mobile App / EFT,Excellent,None,Severe (Stage 4+),Moderate,22,415.19
2026-05-10,VP_11516,21,Western Cape,Suburban,Prepaid,LTE Router/MiFi,Voucher Top-Up,Excellent,None,Moderate (Stage 1-3),High Active,45.5,770.9
2026-06-04,VP_11517,18,KwaZulu-Natal,Urban,Prepaid,4G Smartphone,Voucher Top-Up,Good,None,Minimal / No Impact,Low / Inactive,9.8,230.52
2026-04-21,VP_11518,25,Gauteng,Urban,Enterprise Hybrid,Legacy Feature Phone,Voucher Top-Up,Excellent,None,Moderate (Stage 1-3),High Active,39,672.51
2026-01-26,VP_11519,46,Western Cape,Suburban,Prepaid,4G Smartphone,Debit Order,Excellent,None,Moderate (Stage 1-3),High Active,24,445.46
2026-06-29,VP_11520,72,Limpopo,Rural,Enterprise Hybrid,4G Smartphone,Voucher Top-Up,Excellent,Network Coverage,Severe (Stage 4+),High Active,12.8,275.93
2026-01-30,VP_11521,56,KwaZulu-Natal,Urban,Prepaid,4G Smartphone,Voucher Top-Up,Fair,None,Moderate (Stage 1-3),Low / Inactive,10.8,245.66
2026-06-17,VP_11522,20,Gauteng,Urban,Prepaid,4G Smartphone,Voucher Top-Up,Good,Network Coverage,Moderate (Stage 1-3),Low / Inactive,27.9,504.5
2026-06-16,VP_11523,49,KwaZulu-Natal,Suburban,Prepaid,4G Smartphone,Mobile App / EFT,Excellent,None,Severe (Stage 4+),High Active,7.7,198.74
2026-05-22,VP_11524,27,Gauteng,Urban,Prepaid,4G Smartphone,Debit Order,Poor / Frequent Drops,None,Moderate (Stage 1-3),High Active,24.9,459.09
2026-02-25,VP_11525,27,Eastern Cape,Suburban,Prepaid,4G Smartphone,Mobile App / EFT,Excellent,None,Moderate (Stage 1-3),Low / Inactive,10.9,247.17
2026-04-21,VP_11526,36,Eastern Cape,Suburban,Enterprise Hybrid,4G Smartphone,Voucher Top-Up,Excellent,None,Moderate (Stage 1-3),Moderate,28.6,515.09
2026-04-26,VP_11527,63,Western Cape,Urban,Enterprise Hybrid,5G Smartphone,Voucher Top-Up,Excellent,Billing Query,Severe (Stage 4+),High Active,9.4,224.47
2026-02-28,VP_11528,51,KwaZulu-Natal,Rural,Prepaid,4G Smartphone,Voucher Top-Up,Excellent,None,Minimal / No Impact,Moderate,14.6,303.18
2026-04-16,VP_11529,50,Eastern Cape,Suburban,Prepaid,5G Smartphone,Credit Card,Excellent,None,Severe (Stage 4+),Low / Inactive,11.5,256.26
2026-03-28,VP_11530,40,KwaZulu-Natal,Rural,Prepaid,4G Smartphone,Debit Order,Good,Billing Query,Moderate (Stage 1-3),High Active,43.4,739.11
2026-04-27,VP_11531,72,Eastern Cape,Suburban,Prepaid,4G Smartphone,Voucher Top-Up,Good,None,Moderate (Stage 1-3),High Active,54.2,902.59
2026-04-13,VP_11532,45,Western Cape,Rural,Prepaid,Legacy Feature Phone,Voucher Top-Up,Good,None,Minimal / No Impact,High Active,11.7,259.28
2026-04-17,VP_11533,49,Eastern Cape,Urban,Prepaid,5G Smartphone,Debit Order,Good,None,Minimal / No Impact,Moderate,21.4,406.11
2026-01-25,VP_11534,67,Western Cape,Urban,Prepaid,5G Smartphone,Debit Order,Fair,None,Moderate (Stage 1-3),High Active,17.2,342.53
2026-03-22,VP_11535,24,KwaZulu-Natal,Rural,Prepaid,5G Smartphone,Mobile App / EFT,Excellent,Billing Query,Moderate (Stage 1-3),Low / Inactive,10.7,244.15
2026-04-20,VP_11536,46,Limpopo,Urban,Prepaid,5G Smartphone,Debit Order,Good,None,Minimal / No Impact,Low / Inactive,7.4,194.2
2026-03-22,VP_11537,25,KwaZulu-Natal,Urban,Prepaid,4G Smartphone,Debit Order,Good,None,Moderate (Stage 1-3),Moderate,6.4,179.06
2026-06-20,VP_11538,18,Western Cape,Suburban,Prepaid,4G Smartphone,Credit Card,Poor / Frequent Drops,None,Moderate (Stage 1-3),High Active,8.8,215.39
2026-03-07,VP_11539,74,Gauteng,Suburban,Enterprise Hybrid,4G Smartphone,Voucher Top-Up,Excellent,Billing Query,Moderate (Stage 1-3),Low / Inactive,12.1,265.34
2026-04-06,VP_11540,72,Western Cape,Urban,Prepaid,LTE Router/MiFi,Debit Order,Excellent,Network Coverage,Moderate (Stage 1-3),Moderate,13.6,288.04
2026-02-09,VP_11541,20,Western Cape,Rural,Postpaid Contract,5G Smartphone,Voucher Top-Up,Good,None,Moderate (Stage 1-3),Moderate,2.4,118.51
2026-06-25,VP_11542,41,Gauteng,Suburban,Postpaid Contract,5G Smartphone,Voucher Top-Up,Good,None,Moderate (Stage 1-3),Low / Inactive,33,581.69
2026-05-02,VP_11543,40,Gauteng,Urban,Enterprise Hybrid,5G Smartphone,Mobile App / EFT,Excellent,None,Moderate (Stage 1-3),Low / Inactive,40.4,693.7
2026-01-18,VP_11544,25,Western Cape,Suburban,Postpaid Contract,LTE Router/MiFi,Voucher Top-Up,Good,None,Minimal / No Impact,Moderate,45.4,769.39
2026-01-24,VP_11545,71,Eastern Cape,Urban,Postpaid Contract,4G Smartphone,Mobile App / EFT,Excellent,None,Moderate (Stage 1-3),Moderate,4.4,148.79
2026-01-22,VP_11546,74,KwaZulu-Natal,Urban,Postpaid Contract,4G Smartphone,Debit Order,Poor / Frequent Drops,Network Coverage,Severe (Stage 4+),High Active,14.5,301.67
2026-01-24,VP_11547,64,Gauteng,Urban,Prepaid,5G Smartphone,Voucher Top-Up,Excellent,Network Coverage,Moderate (Stage 1-3),Low / Inactive,34.9,610.45
2026-04-21,VP_11548,54,Western Cape,Urban,Prepaid,5G Smartphone,Debit Order,Excellent,None,Moderate (Stage 1-3),Low / Inactive,1.8,109.43
2026-01-25,VP_11549,20,Gauteng,Urban,Enterprise Hybrid,Legacy Feature Phone,Debit Order,Excellent,None,Minimal / No Impact,Moderate,5.8,169.98
2026-04-06,VP_11550,68,KwaZulu-Natal,Suburban,Postpaid Contract,5G Smartphone,Voucher Top-Up,Good,None,Moderate (Stage 1-3),Low / Inactive,29.3,525.69
2026-02-03,VP_11551,50,Gauteng,Suburban,Enterprise Hybrid,4G Smartphone,Debit Order,Excellent,Network Coverage,Minimal / No Impact,Low / Inactive,12.8,275.93
2026-05-23,VP_11552,45,Gauteng,Suburban,Postpaid Contract,5G Smartphone,Voucher Top-Up,Good,Network Coverage,Minimal / No Impact,High Active,14.7,304.69
2026-01-16,VP_11553,64,Gauteng,Suburban,Postpaid Contract,5G Smartphone,Mobile App / EFT,Fair,None,Minimal / No Impact,Moderate,9.1,219.93
2026-05-31,VP_11554,25,KwaZulu-Natal,Urban,Postpaid Contract,4G Smartphone,Voucher Top-Up,Excellent,None,Severe (Stage 4+),High Active,20.9,398.54
2026-05-24,VP_11555,51,Gauteng,Urban,Postpaid Contract,5G Smartphone,Debit Order,Good,None,Moderate (Stage 1-3),Low / Inactive,19,369.78
2026-05-24,VP_11556,52,KwaZulu-Natal,Rural,Prepaid,4G Smartphone,Voucher Top-Up,Excellent,None,Moderate (Stage 1-3),High Active,6.6,182.09
2026-03-26,VP_11557,49,KwaZulu-Natal,Urban,Enterprise Hybrid,4G Smartphone,Credit Card,Excellent,None,Moderate (Stage 1-3),Moderate,37.6,651.32
2026-06-21,VP_11558,41,KwaZulu-Natal,Urban,Postpaid Contract,4G Smartphone,Voucher Top-Up,Excellent,None,Moderate (Stage 1-3),Moderate,1.1,98.83
2026-02-01,VP_11559,31,KwaZulu-Natal,Suburban,Postpaid Contract,4G Smartphone,Voucher Top-Up,Excellent,None,Moderate (Stage 1-3),High Active,22.8,427.3
2026-04-16,VP_11560,49,Eastern Cape,Urban,Postpaid Contract,4G Smartphone,Debit Order,Good,None,Moderate (Stage 1-3),High Active,19,369.78
2026-04-01,VP_11561,73,Gauteng,Rural,Prepaid,5G Smartphone,Debit Order,Excellent,None,Moderate (Stage 1-3),Moderate,46.2,781.5
2026-06-20,VP_11562,63,KwaZulu-Natal,Urban,Prepaid,4G Smartphone,Voucher Top-Up,Fair,None,Moderate (Stage 1-3),High Active,11.6,257.77
2026-04-19,VP_11563,60,Gauteng,Urban,Enterprise Hybrid,4G Smartphone,Debit Order,Good,Billing Query,Moderate (Stage 1-3),Moderate,10,233.55
2026-01-14,VP_11564,33,Gauteng,Urban,Prepaid,5G Smartphone,Mobile App / EFT,Good,None,Minimal / No Impact,Moderate,34.6,605.91
2026-03-15,VP_11565,21,Western Cape,Suburban,Prepaid,LTE Router/MiFi,Voucher Top-Up,Poor / Frequent Drops,Network Coverage,Moderate (Stage 1-3),Moderate,8.9,216.9
2026-06-03,VP_11566,69,KwaZulu-Natal,Urban,Prepaid,4G Smartphone,Voucher Top-Up,Poor / Frequent Drops,None,Minimal / No Impact,Moderate,5.7,168.46
2026-03-21,VP_11567,54,Eastern Cape,Urban,Postpaid Contract,LTE Router/MiFi,Mobile App / EFT,Good,None,Minimal / No Impact,Moderate,31.4,557.47
2026-04-01,VP_11568,71,KwaZulu-Natal,Rural,Postpaid Contract,LTE Router/MiFi,Mobile App / EFT,Good,None,Moderate (Stage 1-3),High Active,30.3,540.82
2026-01-27,VP_11569,38,Limpopo,Rural,Postpaid Contract,4G Smartphone,Voucher Top-Up,Excellent,None,Severe (Stage 4+),Moderate,25.7,471.19
2026-05-28,VP_11570,31,Gauteng,Urban,Postpaid Contract,4G Smartphone,Credit Card,Good,None,Moderate (Stage 1-3),Moderate,8,203.28
2026-05-10,VP_11571,48,Gauteng,Urban,Prepaid,4G Smartphone,Credit Card,Good,None,Moderate (Stage 1-3),Moderate,36.8,639.21
2026-02-24,VP_11572,72,Gauteng,Urban,Prepaid,4G Smartphone,Credit Card,Poor / Frequent Drops,Network Coverage,Moderate (Stage 1-3),High Active,18.4,360.7
2026-02-09,VP_11573,65,Gauteng,Rural,Prepaid,LTE Router/MiFi,Mobile App / EFT,Excellent,Billing Query,Severe (Stage 4+),Moderate,18.3,359.18
2026-06-18,VP_11574,35,KwaZulu-Natal,Rural,Postpaid Contract,4G Smartphone,Voucher Top-Up,Excellent,Network Coverage,Moderate (Stage 1-3),High Active,55.7,925.29
2026-05-04,VP_11575,24,Western Cape,Urban,Prepaid,5G Smartphone,Voucher Top-Up,Excellent,None,Severe (Stage 4+),High Active,5.2,160.89
2026-02-27,VP_11576,27,Gauteng,Suburban,Postpaid Contract,4G Smartphone,Debit Order,Fair,None,Minimal / No Impact,Moderate,29.1,522.66
2026-01-28,VP_11577,24,Limpopo,Urban,Prepaid,Legacy Feature Phone,Debit Order,Excellent,None,Moderate (Stage 1-3),High Active,48.9,822.36
2026-03-31,VP_11578,50,Eastern Cape,Urban,Prepaid,4G Smartphone,Debit Order,Good,Billing Query,Severe (Stage 4+),Moderate,5.8,169.98
2026-05-23,VP_11579,40,Gauteng,Urban,Enterprise Hybrid,4G Smartphone,Debit Order,Good,SIM Swap / Technical,Severe (Stage 4+),Low / Inactive,21.7,410.65
2026-04-05,VP_11580,38,Gauteng,Urban,Prepaid,4G Smartphone,Voucher Top-Up,Excellent,Network Coverage,Moderate (Stage 1-3),High Active,8.9,216.9
2026-01-30,VP_11581,36,Gauteng,Urban,Postpaid Contract,5G Smartphone,Debit Order,Good,None,Moderate (Stage 1-3),Moderate,24.9,459.09
2026-03-13,VP_11582,65,Gauteng,Urban,Prepaid,5G Smartphone,Credit Card,Good,None,Moderate (Stage 1-3),Low / Inactive,23,430.33
2026-05-27,VP_11583,36,Gauteng,Suburban,Prepaid,4G Smartphone,Mobile App / EFT,Excellent,None,Moderate (Stage 1-3),High Active,28.4,512.06
2026-02-27,VP_11584,53,KwaZulu-Natal,Urban,Prepaid,4G Smartphone,Debit Order,Good,None,Moderate (Stage 1-3),Moderate,8.9,216.9
2026-04-20,VP_11585,46,Gauteng,Suburban,Prepaid,4G Smartphone,Debit Order,Poor / Frequent Drops,None,Moderate (Stage 1-3),High Active,21.2,403.08
2026-05-24,VP_11586,35,KwaZulu-Natal,Urban,Postpaid Contract,4G Smartphone,Mobile App / EFT,Poor / Frequent Drops,None,Minimal / No Impact,Moderate,29.4,527.2
2026-06-09,VP_11587,19,Limpopo,Urban,Prepaid,4G Smartphone,Mobile App / EFT,Good,None,Moderate (Stage 1-3),Moderate,10.5,241.12
2026-06-07,VP_11588,18,Western Cape,Urban,Prepaid,5G Smartphone,Credit Card,Good,None,Severe (Stage 4+),Moderate,22.8,427.3
2026-06-22,VP_11589,64,Limpopo,Urban,Prepaid,5G Smartphone,Credit Card,Excellent,None,Moderate (Stage 1-3),Moderate,13,278.96
2026-06-14,VP_11590,22,Gauteng,Urban,Postpaid Contract,5G Smartphone,Credit Card,Poor / Frequent Drops,Billing Query,Severe (Stage 4+),Moderate,35.7,622.56
2026-05-23,VP_11591,37,KwaZulu-Natal,Urban,Postpaid Contract,4G Smartphone,Voucher Top-Up,Excellent,None,Moderate (Stage 1-3),High Active,4.6,151.81
2026-01-07,VP_11592,28,KwaZulu-Natal,Urban,Prepaid,5G Smartphone,Debit Order,Good,None,Moderate (Stage 1-3),Low / Inactive,21,400.05
2026-06-05,VP_11593,59,Gauteng,Urban,Prepaid,4G Smartphone,Mobile App / EFT,Excellent,None,Severe (Stage 4+),High Active,43.8,745.17
2026-06-18,VP_11594,19,Gauteng,Suburban,Postpaid Contract,5G Smartphone,Debit Order,Excellent,None,Minimal / No Impact,High Active,13.5,286.53
2026-06-27,VP_11595,20,Western Cape,Suburban,Postpaid Contract,4G Smartphone,Mobile App / EFT,Excellent,None,Moderate (Stage 1-3),Low / Inactive,3.8,139.7
2026-03-10,VP_11596,40,Western Cape,Urban,Prepaid,5G Smartphone,Voucher Top-Up,Good,Network Coverage,Severe (Stage 4+),Low / Inactive,20.5,392.48
2026-01-08,VP_11597,72,KwaZulu-Natal,Urban,Postpaid Contract,4G Smartphone,Mobile App / EFT,Good,None,Moderate (Stage 1-3),Low / Inactive,42.9,731.54
2026-02-16,VP_11598,29,KwaZulu-Natal,Urban,Postpaid Contract,4G Smartphone,Debit Order,Good,None,Moderate (Stage 1-3),High Active,16.2,327.4
2026-03-11,VP_11599,37,KwaZulu-Natal,Suburban,Postpaid Contract,5G Smartphone,Voucher Top-Up,Excellent,None,Severe (Stage 4+),Low / Inactive,17.2,342.53
2026-06-29,VP_11600,22,Gauteng,Urban,Postpaid Contract,LTE Router/MiFi,Voucher Top-Up,Fair,None,Severe (Stage 4+),Moderate,3.9,141.22
2026-03-21,VP_11601,54,Gauteng,Urban,Enterprise Hybrid,5G Smartphone,Credit Card,Excellent,None,Severe (Stage 4+),Moderate,34.7,607.42
2026-03-28,VP_11602,55,Gauteng,Urban,Prepaid,4G Smartphone,Debit Order,Excellent,None,Moderate (Stage 1-3),Low / Inactive,14.3,298.64
2026-03-31,VP_11603,47,Gauteng,Rural,Enterprise Hybrid,LTE Router/MiFi,Credit Card,Good,None,Severe (Stage 4+),High Active,34.6,605.91
2026-01-02,VP_11604,26,Limpopo,Urban,Prepaid,4G Smartphone,Mobile App / EFT,Poor / Frequent Drops,Network Coverage,Severe (Stage 4+),Moderate,30.1,537.8
2026-02-16,VP_11605,51,Western Cape,Suburban,Postpaid Contract,LTE Router/MiFi,Voucher Top-Up,Excellent,None,Minimal / No Impact,Low / Inactive,8.5,210.85
2026-02-06,VP_11606,70,Western Cape,Urban,Prepaid,5G Smartphone,Mobile App / EFT,Good,Billing Query,Severe (Stage 4+),Moderate,23,430.33
2026-05-25,VP_11607,61,Gauteng,Rural,Prepaid,4G Smartphone,Voucher Top-Up,Good,None,Moderate (Stage 1-3),High Active,30.4,542.34
2026-06-18,VP_11608,52,KwaZulu-Natal,Suburban,Postpaid Contract,4G Smartphone,Debit Order,Fair,None,Severe (Stage 4+),High Active,39.8,684.62
2026-04-13,VP_11609,69,Gauteng,Urban,Postpaid Contract,5G Smartphone,Debit Order,Excellent,None,Severe (Stage 4+),Moderate,12.5,271.39
2026-01-18,VP_11610,39,Gauteng,Suburban,Prepaid,4G Smartphone,Mobile App / EFT,Good,Billing Query,Moderate (Stage 1-3),High Active,17.6,348.59
2026-02-06,VP_11611,61,Gauteng,Urban,Prepaid,5G Smartphone,Voucher Top-Up,Excellent,Billing Query,Severe (Stage 4+),High Active,2.1,113.97
2026-06-12,VP_11612,41,Eastern Cape,Suburban,Prepaid,4G Smartphone,Debit Order,Excellent,None,Severe (Stage 4+),Moderate,46.4,784.52
2026-01-08,VP_11613,34,Western Cape,Suburban,Enterprise Hybrid,LTE Router/MiFi,Voucher Top-Up,Excellent,None,Moderate (Stage 1-3),High Active,27,490.87
2026-01-24,VP_11614,27,KwaZulu-Natal,Urban,Postpaid Contract,5G Smartphone,Voucher Top-Up,Poor / Frequent Drops,SIM Swap / Technical,Severe (Stage 4+),High Active,23.8,442.44
2026-05-16,VP_11615,47,KwaZulu-Natal,Suburban,Prepaid,5G Smartphone,Debit Order,Excellent,Network Coverage,Moderate (Stage 1-3),High Active,1.9,110.94
2026-02-25,VP_11616,73,Limpopo,Urban,Postpaid Contract,4G Smartphone,Voucher Top-Up,Poor / Frequent Drops,None,Severe (Stage 4+),Low / Inactive,25.2,463.63
2026-04-07,VP_11617,63,Gauteng,Urban,Enterprise Hybrid,4G Smartphone,Debit Order,Excellent,None,Moderate (Stage 1-3),High Active,20.4,390.97
2026-04-18,VP_11618,40,Gauteng,Urban,Prepaid,4G Smartphone,Debit Order,Poor / Frequent Drops,Network Coverage,Severe (Stage 4+),Low / Inactive,16,324.37
2026-04-27,VP_11619,49,Gauteng,Suburban,Postpaid Contract,4G Smartphone,Voucher Top-Up,Good,None,Minimal / No Impact,Low / Inactive,22,415.19
2026-03-29,VP_11620,34,Eastern Cape,Urban,Prepaid,5G Smartphone,Voucher Top-Up,Excellent,Billing Query,Moderate (Stage 1-3),Moderate,18.2,357.67
2026-02-10,VP_11621,67,Limpopo,Urban,Postpaid Contract,4G Smartphone,Debit Order,Good,None,Moderate (Stage 1-3),High Active,25.9,474.22
2026-04-05,VP_11622,68,Gauteng,Suburban,Prepaid,LTE Router/MiFi,Voucher Top-Up,Excellent,Billing Query,Moderate (Stage 1-3),Low / Inactive,21.3,404.59
2026-03-21,VP_11623,34,Eastern Cape,Urban,Prepaid,4G Smartphone,Debit Order,Excellent,None,Moderate (Stage 1-3),Moderate,15.1,310.75
2026-03-25,VP_11624,31,Eastern Cape,Urban,Prepaid,4G Smartphone,Debit Order,Good,None,Moderate (Stage 1-3),High Active,24.8,457.57
2026-05-26,VP_11625,26,Gauteng,Urban,Prepaid,5G Smartphone,Debit Order,Good,None,Moderate (Stage 1-3),Moderate,10,233.55
2026-06-02,VP_11626,57,KwaZulu-Natal,Urban,Postpaid Contract,5G Smartphone,Debit Order,Good,Network Coverage,Moderate (Stage 1-3),High Active,21.4,406.11
2026-01-22,VP_11627,19,KwaZulu-Natal,Urban,Prepaid,5G Smartphone,Debit Order,Fair,Billing Query,Moderate (Stage 1-3),Moderate,22.9,428.81
2026-01-14,VP_11628,62,Limpopo,Urban,Prepaid,4G Smartphone,Mobile App / EFT,Excellent,Network Coverage,Minimal / No Impact,Moderate,23.2,433.35
2026-02-09,VP_11629,42,Gauteng,Rural,Postpaid Contract,LTE Router/MiFi,Voucher Top-Up,Poor / Frequent Drops,Network Coverage,Minimal / No Impact,Moderate,22.7,425.79
2026-02-10,VP_11630,56,Eastern Cape,Suburban,Prepaid,4G Smartphone,Debit Order,Poor / Frequent Drops,None,Severe (Stage 4+),Moderate,32,566.56
2026-06-08,VP_11631,26,Gauteng,Urban,Prepaid,5G Smartphone,Debit Order,Excellent,None,Moderate (Stage 1-3),Low / Inactive,25.2,463.63
2026-01-13,VP_11632,71,Western Cape,Urban,Enterprise Hybrid,5G Smartphone,Debit Order,Excellent,None,Moderate (Stage 1-3),Moderate,30.5,543.85
2026-06-22,VP_11633,39,KwaZulu-Natal,Urban,Postpaid Contract,5G Smartphone,Mobile App / EFT,Good,Network Coverage,Severe (Stage 4+),Moderate,11.7,259.28
2026-01-21,VP_11634,60,Western Cape,Suburban,Prepaid,4G Smartphone,Voucher Top-Up,Good,None,Minimal / No Impact,Moderate,14.1,295.61
2026-03-11,VP_11635,63,Eastern Cape,Urban,Prepaid,4G Smartphone,Debit Order,Excellent,None,Moderate (Stage 1-3),Moderate,41.5,710.35
2026-04-24,VP_11636,21,Eastern Cape,Urban,Enterprise Hybrid,5G Smartphone,Voucher Top-Up,Excellent,None,Moderate (Stage 1-3),Moderate,6.7,183.6
2026-06-19,VP_11637,43,Eastern Cape,Rural,Prepaid,4G Smartphone,Voucher Top-Up,Good,None,Severe (Stage 4+),Low / Inactive,29.3,525.69
2026-04-19,VP_11638,46,Gauteng,Urban,Prepaid,5G Smartphone,Debit Order,Good,Billing Query,Severe (Stage 4+),Low / Inactive,38,657.38
2026-05-05,VP_11639,62,Western Cape,Urban,Prepaid,5G Smartphone,Voucher Top-Up,Excellent,Billing Query,Severe (Stage 4+),Moderate,16.3,328.91
2026-06-05,VP_11640,51,Gauteng,Rural,Prepaid,5G Smartphone,Voucher Top-Up,Fair,None,Severe (Stage 4+),High Active,7.7,198.74
2026-04-24,VP_11641,40,KwaZulu-Natal,Suburban,Postpaid Contract,5G Smartphone,Debit Order,Good,Network Coverage,Moderate (Stage 1-3),Moderate,17.9,353.13
2026-04-17,VP_11642,54,KwaZulu-Natal,Urban,Postpaid Contract,5G Smartphone,Voucher Top-Up,Excellent,None,Minimal / No Impact,Moderate,3.6,136.68
2026-03-11,VP_11643,28,KwaZulu-Natal,Suburban,Enterprise Hybrid,5G Smartphone,Voucher Top-Up,Good,None,Moderate (Stage 1-3),Moderate,12.8,275.93
2026-02-25,VP_11644,23,KwaZulu-Natal,Urban,Postpaid Contract,4G Smartphone,Voucher Top-Up,Excellent,Network Coverage,Severe (Stage 4+),High Active,14.8,306.21
2026-05-12,VP_11645,35,Limpopo,Suburban,Prepaid,4G Smartphone,Debit Order,Good,None,Severe (Stage 4+),Moderate,24,445.46
2026-01-30,VP_11646,38,Gauteng,Urban,Prepaid,4G Smartphone,Voucher Top-Up,Excellent,None,Moderate (Stage 1-3),Moderate,11.5,256.26
2026-03-30,VP_11647,59,Western Cape,Suburban,Enterprise Hybrid,LTE Router/MiFi,Voucher Top-Up,Excellent,Billing Query,Moderate (Stage 1-3),High Active,14.3,298.64
2026-04-21,VP_11648,53,KwaZulu-Natal,Rural,Prepaid,5G Smartphone,Voucher Top-Up,Excellent,Network Coverage,Minimal / No Impact,Low / Inactive,39.1,674.03
2026-01-29,VP_11649,58,Gauteng,Rural,Prepaid,LTE Router/MiFi,Voucher Top-Up,Excellent,Billing Query,Moderate (Stage 1-3),Low / Inactive,8.5,210.85
2026-03-14,VP_11650,55,Gauteng,Rural,Enterprise Hybrid,5G Smartphone,Debit Order,Good,Billing Query,Minimal / No Impact,Low / Inactive,39.8,684.62
2026-06-23,VP_11651,51,Limpopo,Urban,Prepaid,4G Smartphone,Voucher Top-Up,Good,None,Severe (Stage 4+),Moderate,22.1,416.7
2026-06-23,VP_11652,34,Eastern Cape,Urban,Prepaid,4G Smartphone,Voucher Top-Up,Excellent,None,Moderate (Stage 1-3),Moderate,31.7,562.01
2026-06-01,VP_11653,54,Limpopo,Urban,Postpaid Contract,5G Smartphone,Voucher Top-Up,Excellent,Network Coverage,Severe (Stage 4+),Moderate,7.5,195.71
2026-05-05,VP_11654,42,Limpopo,Suburban,Enterprise Hybrid,Legacy Feature Phone,Mobile App / EFT,Fair,None,Moderate (Stage 1-3),Moderate,16.4,330.42
2026-05-15,VP_11655,55,Gauteng,Rural,Prepaid,5G Smartphone,Mobile App / EFT,Excellent,None,Moderate (Stage 1-3),Moderate,16.4,330.42
2026-06-20,VP_11656,29,KwaZulu-Natal,Urban,Postpaid Contract,5G Smartphone,Debit Order,Excellent,None,Moderate (Stage 1-3),High Active,15.5,316.8
2026-03-20,VP_11657,40,Western Cape,Rural,Prepaid,5G Smartphone,Credit Card,Good,Billing Query,Severe (Stage 4+),Moderate,19.3,374.32
2026-01-12,VP_11658,70,KwaZulu-Natal,Suburban,Prepaid,5G Smartphone,Voucher Top-Up,Fair,None,Moderate (Stage 1-3),Low / Inactive,11,248.69
2026-02-26,VP_11659,59,KwaZulu-Natal,Rural,Enterprise Hybrid,5G Smartphone,Voucher Top-Up,Fair,Billing Query,Severe (Stage 4+),High Active,10.6,242.63
2026-04-12,VP_11660,39,KwaZulu-Natal,Rural,Enterprise Hybrid,5G Smartphone,Mobile App / EFT,Good,None,Severe (Stage 4+),Moderate,11.5,256.26
2026-06-03,VP_11661,38,Western Cape,Urban,Prepaid,5G Smartphone,Voucher Top-Up,Excellent,None,Moderate (Stage 1-3),Moderate,32.3,571.1
2026-01-15,VP_11662,44,Western Cape,Urban,Prepaid,LTE Router/MiFi,Voucher Top-Up,Good,Billing Query,Minimal / No Impact,Moderate,6,173
2026-01-02,VP_11663,74,Gauteng,Urban,Prepaid,5G Smartphone,Credit Card,Excellent,None,Moderate (Stage 1-3),High Active,11.1,250.2
2026-02-22,VP_11664,48,KwaZulu-Natal,Urban,Prepaid,5G Smartphone,Debit Order,Excellent,None,Moderate (Stage 1-3),Low / Inactive,28,506.01
2026-03-19,VP_11665,23,KwaZulu-Natal,Suburban,Prepaid,4G Smartphone,Debit Order,Good,Network Coverage,Severe (Stage 4+),High Active,42.9,731.54
2026-02-24,VP_11666,44,Western Cape,Suburban,Prepaid,Legacy Feature Phone,Voucher Top-Up,Good,Billing Query,Severe (Stage 4+),Low / Inactive,42.2,720.95
2026-02-05,VP_11667,57,Gauteng,Rural,Prepaid,5G Smartphone,Mobile App / EFT,Excellent,None,Severe (Stage 4+),High Active,30.4,542.34
2026-03-07,VP_11668,51,Western Cape,Suburban,Prepaid,5G Smartphone,Credit Card,Excellent,None,Minimal / No Impact,High Active,37.6,651.32
2026-03-16,VP_11669,29,Gauteng,Urban,Prepaid,Legacy Feature Phone,Debit Order,Fair,None,Moderate (Stage 1-3),Low / Inactive,13.9,292.58
2026-03-25,VP_11670,62,KwaZulu-Natal,Urban,Postpaid Contract,5G Smartphone,Mobile App / EFT,Fair,None,Minimal / No Impact,Low / Inactive,11.4,254.74
2026-01-31,VP_11671,74,Eastern Cape,Urban,Prepaid,4G Smartphone,Debit Order,Good,None,Moderate (Stage 1-3),Low / Inactive,1.4,103.38
2026-01-02,VP_11672,70,KwaZulu-Natal,Urban,Prepaid,5G Smartphone,Credit Card,Good,None,Moderate (Stage 1-3),High Active,11.8,260.8
2026-05-08,VP_11673,24,Gauteng,Urban,Postpaid Contract,LTE Router/MiFi,Voucher Top-Up,Fair,None,Minimal / No Impact,Moderate,13,278.96
2026-04-21,VP_11674,27,Western Cape,Urban,Postpaid Contract,Legacy Feature Phone,Debit Order,Good,None,Severe (Stage 4+),High Active,2.5,120.03
2026-02-14,VP_11675,62,KwaZulu-Natal,Urban,Prepaid,4G Smartphone,Debit Order,Good,None,Moderate (Stage 1-3),High Active,7.4,194.2
2026-02-03,VP_11676,34,Eastern Cape,Urban,Prepaid,5G Smartphone,Debit Order,Excellent,None,Minimal / No Impact,High Active,54.4,905.62
2026-04-08,VP_11677,43,Western Cape,Suburban,Postpaid Contract,4G Smartphone,Debit Order,Excellent,SIM Swap / Technical,Moderate (Stage 1-3),High Active,16,324.37
2026-05-17,VP_11678,38,Western Cape,Urban,Prepaid,5G Smartphone,Mobile App / EFT,Good,SIM Swap / Technical,Severe (Stage 4+),Low / Inactive,7.6,197.22
2026-06-30,VP_11679,45,KwaZulu-Natal,Urban,Postpaid Contract,LTE Router/MiFi,Debit Order,Excellent,None,Severe (Stage 4+),High Active,14.5,301.67
2026-02-28,VP_11680,63,Gauteng,Urban,Prepaid,LTE Router/MiFi,Credit Card,Excellent,Billing Query,Moderate (Stage 1-3),Moderate,20.2,387.94
2026-05-09,VP_11681,19,Gauteng,Rural,Prepaid,4G Smartphone,Voucher Top-Up,Good,Billing Query,Severe (Stage 4+),Moderate,16.6,333.45
2026-05-24,VP_11682,71,KwaZulu-Natal,Urban,Prepaid,4G Smartphone,Voucher Top-Up,Excellent,None,Minimal / No Impact,High Active,9.6,227.5
2026-06-21,VP_11683,60,Western Cape,Urban,Postpaid Contract,5G Smartphone,Debit Order,Fair,None,Severe (Stage 4+),Low / Inactive,28.6,515.09
2026-04-01,VP_11684,18,KwaZulu-Natal,Suburban,Enterprise Hybrid,4G Smartphone,Mobile App / EFT,Excellent,None,Moderate (Stage 1-3),Moderate,68.1,1112.99
2026-01-19,VP_11685,68,Gauteng,Suburban,Prepaid,4G Smartphone,Voucher Top-Up,Good,None,Moderate (Stage 1-3),Low / Inactive,35.3,616.51
2026-04-12,VP_11686,70,Gauteng,Rural,Prepaid,5G Smartphone,Mobile App / EFT,Good,None,Moderate (Stage 1-3),Low / Inactive,14.4,300.15
2026-01-11,VP_11687,53,KwaZulu-Natal,Urban,Prepaid,5G Smartphone,Credit Card,Good,SIM Swap / Technical,Moderate (Stage 1-3),Low / Inactive,15.5,316.8
2026-04-22,VP_11688,68,Gauteng,Urban,Prepaid,5G Smartphone,Debit Order,Excellent,Billing Query,Minimal / No Impact,Low / Inactive,25,460.6
2026-01-05,VP_11689,43,Western Cape,Urban,Postpaid Contract,4G Smartphone,Debit Order,Good,Network Coverage,Moderate (Stage 1-3),High Active,19.2,372.81
2026-04-28,VP_11690,46,Gauteng,Suburban,Prepaid,LTE Router/MiFi,Mobile App / EFT,Fair,Network Coverage,Moderate (Stage 1-3),High Active,34.3,601.37
2026-01-20,VP_11691,38,Western Cape,Urban,Enterprise Hybrid,Legacy Feature Phone,Mobile App / EFT,Poor / Frequent Drops,Network Coverage,Severe (Stage 4+),Moderate,38.4,663.43
2026-03-22,VP_11692,28,Limpopo,Urban,Postpaid Contract,4G Smartphone,Voucher Top-Up,Good,None,Severe (Stage 4+),Moderate,3.9,141.22
2026-05-28,VP_11693,57,Gauteng,Urban,Enterprise Hybrid,4G Smartphone,Voucher Top-Up,Fair,None,Severe (Stage 4+),Low / Inactive,23.7,440.92
2026-04-20,VP_11694,28,KwaZulu-Natal,Urban,Postpaid Contract,5G Smartphone,Voucher Top-Up,Excellent,None,Severe (Stage 4+),Moderate,1.4,103.38
2026-05-27,VP_11695,53,Gauteng,Urban,Prepaid,Legacy Feature Phone,Debit Order,Fair,Billing Query,Moderate (Stage 1-3),High Active,48,808.74
2026-04-14,VP_11696,66,Western Cape,Suburban,Prepaid,4G Smartphone,Debit Order,Poor / Frequent Drops,None,Moderate (Stage 1-3),High Active,13.3,283.5
2026-06-13,VP_11697,56,KwaZulu-Natal,Suburban,Prepaid,4G Smartphone,Voucher Top-Up,Good,Network Coverage,Moderate (Stage 1-3),High Active,4.1,144.24
2026-04-17,VP_11698,57,KwaZulu-Natal,Urban,Prepaid,4G Smartphone,Debit Order,Fair,SIM Swap / Technical,Severe (Stage 4+),Moderate,20.7,395.51
2026-03-16,VP_11699,52,KwaZulu-Natal,Urban,Prepaid,4G Smartphone,Voucher Top-Up,Good,None,Moderate (Stage 1-3),High Active,41.6,711.87
2026-01-30,VP_11700,71,Limpopo,Suburban,Prepaid,5G Smartphone,Credit Card,Excellent,None,Minimal / No Impact,Moderate,40.8,699.76
2026-04-14,VP_11701,51,Gauteng,Urban,Enterprise Hybrid,5G Smartphone,Mobile App / EFT,Fair,Network Coverage,Minimal / No Impact,Moderate,23.5,437.89
2026-01-06,VP_11702,72,Gauteng,Urban,Prepaid,4G Smartphone,Credit Card,Good,None,Minimal / No Impact,High Active,11.4,254.74
2026-03-25,VP_11703,64,Eastern Cape,Urban,Postpaid Contract,LTE Router/MiFi,Mobile App / EFT,Good,None,Minimal / No Impact,Moderate,14,294.1
2026-02-13,VP_11704,41,Western Cape,Suburban,Enterprise Hybrid,4G Smartphone,Voucher Top-Up,Good,Network Coverage,Moderate (Stage 1-3),Moderate,6.7,183.6
2026-06-08,VP_11705,71,Limpopo,Rural,Postpaid Contract,4G Smartphone,Mobile App / EFT,Fair,Billing Query,Minimal / No Impact,Moderate,18.4,360.7
2026-04-28,VP_11706,39,Western Cape,Suburban,Prepaid,5G Smartphone,Credit Card,Good,None,Moderate (Stage 1-3),Low / Inactive,19.4,375.83
2026-06-26,VP_11707,22,Eastern Cape,Urban,Prepaid,4G Smartphone,Credit Card,Excellent,Network Coverage,Minimal / No Impact,High Active,5.2,160.89
2026-04-03,VP_11708,73,KwaZulu-Natal,Urban,Prepaid,4G Smartphone,Voucher Top-Up,Good,None,Severe (Stage 4+),Moderate,33,581.69
2026-01-23,VP_11709,50,Western Cape,Rural,Prepaid,4G Smartphone,Debit Order,Poor / Frequent Drops,None,Minimal / No Impact,Low / Inactive,0.6,91.27
2026-04-22,VP_11710,53,Limpopo,Urban,Prepaid,5G Smartphone,Debit Order,Good,None,Moderate (Stage 1-3),Moderate,25.1,462.11
2026-01-28,VP_11711,64,Western Cape,Rural,Postpaid Contract,LTE Router/MiFi,Debit Order,Poor / Frequent Drops,None,Severe (Stage 4+),Moderate,30.8,548.39
2026-03-04,VP_11712,37,Gauteng,Rural,Prepaid,4G Smartphone,Credit Card,Fair,None,Severe (Stage 4+),Moderate,34.7,607.42
2026-04-22,VP_11713,36,Gauteng,Urban,Prepaid,4G Smartphone,Voucher Top-Up,Good,Network Coverage,Minimal / No Impact,Moderate,17.7,350.1
2026-05-31,VP_11714,52,Gauteng,Rural,Enterprise Hybrid,5G Smartphone,Mobile App / EFT,Excellent,None,Moderate (Stage 1-3),High Active,19.1,371.29
2026-04-13,VP_11715,69,Gauteng,Urban,Prepaid,5G Smartphone,Voucher Top-Up,Excellent,None,Minimal / No Impact,Moderate,32,566.56
2026-05-15,VP_11716,60,Gauteng,Suburban,Prepaid,LTE Router/MiFi,Voucher Top-Up,Good,None,Severe (Stage 4+),Moderate,20.4,390.97
2026-01-21,VP_11717,34,KwaZulu-Natal,Urban,Postpaid Contract,5G Smartphone,Debit Order,Good,None,Moderate (Stage 1-3),Moderate,9.6,227.5
2026-04-12,VP_11718,62,Western Cape,Urban,Prepaid,4G Smartphone,Debit Order,Fair,Network Coverage,Moderate (Stage 1-3),Moderate,20.4,390.97
2026-03-21,VP_11719,60,KwaZulu-Natal,Suburban,Postpaid Contract,4G Smartphone,Voucher Top-Up,Fair,None,Moderate (Stage 1-3),Moderate,51,854.15
2026-03-28,VP_11720,51,Western Cape,Suburban,Prepaid,4G Smartphone,Voucher Top-Up,Excellent,None,Moderate (Stage 1-3),Moderate,11.8,260.8
2026-02-26,VP_11721,26,Gauteng,Urban,Postpaid Contract,5G Smartphone,Debit Order,Good,None,Moderate (Stage 1-3),High Active,10,233.55
2026-03-27,VP_11722,43,Gauteng,Suburban,Prepaid,5G Smartphone,Mobile App / EFT,Good,Network Coverage,Severe (Stage 4+),High Active,14.4,300.15
2026-02-13,VP_11723,19,Gauteng,Urban,Prepaid,LTE Router/MiFi,Voucher Top-Up,Excellent,None,Severe (Stage 4+),Moderate,21.8,412.16
2026-01-20,VP_11724,70,KwaZulu-Natal,Urban,Prepaid,4G Smartphone,Mobile App / EFT,Good,None,Severe (Stage 4+),High Active,8.3,207.82
2026-05-11,VP_11725,26,Gauteng,Urban,Prepaid,5G Smartphone,Debit Order,Fair,SIM Swap / Technical,Minimal / No Impact,Moderate,3.8,139.7
2026-06-12,VP_11726,26,Gauteng,Urban,Prepaid,5G Smartphone,Voucher Top-Up,Excellent,None,Moderate (Stage 1-3),Moderate,20.2,387.94
2026-01-30,VP_11727,57,KwaZulu-Natal,Urban,Prepaid,Legacy Feature Phone,Debit Order,Excellent,None,Moderate (Stage 1-3),High Active,18.5,362.21
2026-05-16,VP_11728,34,Eastern Cape,Urban,Prepaid,5G Smartphone,Mobile App / EFT,Excellent,SIM Swap / Technical,Moderate (Stage 1-3),Low / Inactive,3.8,139.7
2026-05-11,VP_11729,18,Gauteng,Urban,Prepaid,4G Smartphone,Voucher Top-Up,Excellent,Billing Query,Minimal / No Impact,Moderate,5.6,166.95
2026-02-19,VP_11730,42,Western Cape,Urban,Prepaid,4G Smartphone,Voucher Top-Up,Good,Billing Query,Severe (Stage 4+),High Active,17.3,344.05
2026-03-31,VP_11731,60,Western Cape,Urban,Prepaid,LTE Router/MiFi,Credit Card,Excellent,None,Severe (Stage 4+),High Active,11.9,262.31
2026-03-31,VP_11732,57,Eastern Cape,Rural,Postpaid Contract,4G Smartphone,Debit Order,Fair,None,Moderate (Stage 1-3),Moderate,8.3,207.82
2026-06-15,VP_11733,59,Limpopo,Urban,Prepaid,4G Smartphone,Debit Order,Excellent,None,Minimal / No Impact,Moderate,12.1,265.34
2026-02-07,VP_11734,42,Gauteng,Rural,Prepaid,5G Smartphone,Mobile App / EFT,Good,SIM Swap / Technical,Moderate (Stage 1-3),Low / Inactive,8.9,216.9
2026-03-02,VP_11735,56,Gauteng,Suburban,Postpaid Contract,LTE Router/MiFi,Voucher Top-Up,Excellent,SIM Swap / Technical,Severe (Stage 4+),Moderate,14.7,304.69
2026-01-27,VP_11736,52,Limpopo,Suburban,Postpaid Contract,4G Smartphone,Debit Order,Poor / Frequent Drops,None,Moderate (Stage 1-3),Low / Inactive,28.5,513.58
2026-02-07,VP_11737,20,KwaZulu-Natal,Suburban,Prepaid,LTE Router/MiFi,Voucher Top-Up,Good,None,Minimal / No Impact,High Active,31.9,565.04
2026-03-07,VP_11738,67,KwaZulu-Natal,Suburban,Prepaid,4G Smartphone,Debit Order,Fair,None,Moderate (Stage 1-3),Moderate,9.2,221.44
2026-02-20,VP_11739,54,Western Cape,Urban,Prepaid,4G Smartphone,Debit Order,Fair,None,Moderate (Stage 1-3),Low / Inactive,18.9,368.27
2026-02-14,VP_11740,61,Western Cape,Urban,Prepaid,5G Smartphone,Voucher Top-Up,Good,None,Moderate (Stage 1-3),High Active,18.7,365.24
2026-06-04,VP_11741,61,Limpopo,Suburban,Postpaid Contract,4G Smartphone,Mobile App / EFT,Fair,Billing Query,Minimal / No Impact,High Active,4.5,150.3
2026-02-09,VP_11742,68,Limpopo,Suburban,Prepaid,5G Smartphone,Voucher Top-Up,Excellent,Network Coverage,Moderate (Stage 1-3),Moderate,2.1,113.97
2026-06-17,VP_11743,47,Western Cape,Suburban,Postpaid Contract,5G Smartphone,Voucher Top-Up,Good,Billing Query,Moderate (Stage 1-3),Low / Inactive,38.5,664.94
2026-01-20,VP_11744,55,Gauteng,Urban,Prepaid,5G Smartphone,Mobile App / EFT,Excellent,None,Severe (Stage 4+),Moderate,24.8,457.57
2026-02-15,VP_11745,51,Eastern Cape,Suburban,Prepaid,5G Smartphone,Debit Order,Fair,Billing Query,Moderate (Stage 1-3),Moderate,37.7,652.83
2026-06-10,VP_11746,29,Gauteng,Urban,Postpaid Contract,5G Smartphone,Voucher Top-Up,Poor / Frequent Drops,Billing Query,Moderate (Stage 1-3),Moderate,31.3,555.96
2026-05-07,VP_11747,36,Gauteng,Urban,Prepaid,5G Smartphone,Mobile App / EFT,Poor / Frequent Drops,None,Severe (Stage 4+),High Active,24.8,457.57
2026-04-29,VP_11748,54,Limpopo,Urban,Prepaid,LTE Router/MiFi,Debit Order,Excellent,None,Minimal / No Impact,Moderate,31.6,560.5
2026-05-25,VP_11749,61,Gauteng,Suburban,Enterprise Hybrid,5G Smartphone,Voucher Top-Up,Excellent,None,Moderate (Stage 1-3),High Active,14.7,304.69
2026-05-29,VP_11750,66,Gauteng,Rural,Postpaid Contract,4G Smartphone,Credit Card,Excellent,Billing Query,Severe (Stage 4+),Moderate,26.3,480.28
2026-04-25,VP_11751,34,Gauteng,Urban,Postpaid Contract,5G Smartphone,Credit Card,Excellent,SIM Swap / Technical,Minimal / No Impact,Low / Inactive,30.9,549.91
2026-06-24,VP_11752,27,Eastern Cape,Suburban,Prepaid,4G Smartphone,Debit Order,Excellent,None,Severe (Stage 4+),Moderate,25.4,466.65
2026-05-25,VP_11753,74,KwaZulu-Natal,Urban,Prepaid,4G Smartphone,Debit Order,Excellent,Network Coverage,Moderate (Stage 1-3),Low / Inactive,8.3,207.82
2026-06-14,VP_11754,72,Western Cape,Urban,Enterprise Hybrid,Legacy Feature Phone,Debit Order,Poor / Frequent Drops,None,Moderate (Stage 1-3),High Active,6.3,177.55
2026-06-12,VP_11755,66,Gauteng,Urban,Prepaid,4G Smartphone,Voucher Top-Up,Good,Billing Query,Minimal / No Impact,Moderate,24,445.46
2026-06-09,VP_11756,64,Eastern Cape,Urban,Postpaid Contract,4G Smartphone,Voucher Top-Up,Good,Network Coverage,Minimal / No Impact,Low / Inactive,8.7,213.87
2026-03-24,VP_11757,29,Eastern Cape,Urban,Prepaid,4G Smartphone,Voucher Top-Up,Good,None,Moderate (Stage 1-3),High Active,9,218.41
2026-06-10,VP_11758,33,Gauteng,Urban,Prepaid,5G Smartphone,Mobile App / EFT,Good,SIM Swap / Technical,Moderate (Stage 1-3),High Active,12,263.82
2026-03-22,VP_11759,41,KwaZulu-Natal,Suburban,Enterprise Hybrid,4G Smartphone,Debit Order,Poor / Frequent Drops,None,Moderate (Stage 1-3),Moderate,13.5,286.53
2026-02-08,VP_11760,36,Gauteng,Suburban,Prepaid,5G Smartphone,Mobile App / EFT,Good,None,Minimal / No Impact,Moderate,12.4,269.88
2026-04-23,VP_11761,25,Limpopo,Urban,Prepaid,5G Smartphone,Debit Order,Excellent,None,Severe (Stage 4+),Low / Inactive,11.7,259.28
2026-01-18,VP_11762,48,Western Cape,Urban,Prepaid,5G Smartphone,Debit Order,Good,None,Moderate (Stage 1-3),Moderate,14.8,306.21
2026-05-01,VP_11763,38,Limpopo,Urban,Prepaid,4G Smartphone,Voucher Top-Up,Poor / Frequent Drops,Network Coverage,Severe (Stage 4+),Low / Inactive,5.4,163.92
2026-04-24,VP_11764,34,Gauteng,Urban,Prepaid,4G Smartphone,Debit Order,Excellent,None,Severe (Stage 4+),Low / Inactive,3.7,138.19
2026-06-11,VP_11765,40,Eastern Cape,Urban,Prepaid,4G Smartphone,Voucher Top-Up,Good,None,Severe (Stage 4+),High Active,45,763.33
2026-03-19,VP_11766,54,Eastern Cape,Urban,Prepaid,4G Smartphone,Mobile App / EFT,Excellent,Billing Query,Severe (Stage 4+),Moderate,7.5,195.71
2026-03-12,VP_11767,71,Western Cape,Rural,Postpaid Contract,5G Smartphone,Debit Order,Excellent,None,Minimal / No Impact,High Active,0.5,89.75
2026-06-01,VP_11768,33,Limpopo,Suburban,Prepaid,4G Smartphone,Voucher Top-Up,Fair,None,Minimal / No Impact,High Active,10.2,236.58
2026-01-15,VP_11769,23,KwaZulu-Natal,Urban,Enterprise Hybrid,4G Smartphone,Debit Order,Excellent,None,Moderate (Stage 1-3),Low / Inactive,2.5,120.03
2026-04-01,VP_11770,25,Gauteng,Urban,Prepaid,LTE Router/MiFi,Debit Order,Excellent,None,Moderate (Stage 1-3),High Active,4.2,145.76
2026-05-10,VP_11771,42,Western Cape,Urban,Prepaid,4G Smartphone,Voucher Top-Up,Excellent,None,Moderate (Stage 1-3),Moderate,15.7,319.83
2026-01-19,VP_11772,35,Western Cape,Suburban,Prepaid,4G Smartphone,Mobile App / EFT,Poor / Frequent Drops,None,Minimal / No Impact,Moderate,4.7,153.33
2026-03-21,VP_11773,42,Western Cape,Urban,Postpaid Contract,4G Smartphone,Voucher Top-Up,Excellent,None,Minimal / No Impact,High Active,38.1,658.89
2026-04-29,VP_11774,29,Gauteng,Urban,Enterprise Hybrid,5G Smartphone,Voucher Top-Up,Fair,None,Severe (Stage 4+),Moderate,26.8,487.85
2026-04-26,VP_11775,32,KwaZulu-Natal,Suburban,Postpaid Contract,5G Smartphone,Credit Card,Excellent,Billing Query,Moderate (Stage 1-3),Moderate,31.7,562.01
2026-01-10,VP_11776,43,Gauteng,Urban,Prepaid,5G Smartphone,Mobile App / EFT,Fair,Billing Query,Moderate (Stage 1-3),Moderate,16.5,331.94
2026-01-15,VP_11777,58,KwaZulu-Natal,Urban,Prepaid,5G Smartphone,Debit Order,Poor / Frequent Drops,None,Minimal / No Impact,Low / Inactive,5.7,168.46
2026-04-05,VP_11778,62,Western Cape,Urban,Postpaid Contract,4G Smartphone,Voucher Top-Up,Excellent,SIM Swap / Technical,Moderate (Stage 1-3),Moderate,11.6,257.77
2026-03-15,VP_11779,43,Western Cape,Urban,Enterprise Hybrid,Legacy Feature Phone,Voucher Top-Up,Excellent,Network Coverage,Minimal / No Impact,High Active,19.3,374.32
2026-01-20,VP_11780,64,Gauteng,Urban,Enterprise Hybrid,4G Smartphone,Voucher Top-Up,Excellent,SIM Swap / Technical,Minimal / No Impact,High Active,34.4,602.88
2026-06-15,VP_11781,49,KwaZulu-Natal,Urban,Prepaid,4G Smartphone,Voucher Top-Up,Fair,None,Moderate (Stage 1-3),Moderate,5.9,171.49
2026-01-24,VP_11782,27,Gauteng,Urban,Enterprise Hybrid,4G Smartphone,Debit Order,Excellent,Network Coverage,Minimal / No Impact,Moderate,16,324.37
2026-06-07,VP_11783,33,Gauteng,Urban,Prepaid,5G Smartphone,Voucher Top-Up,Excellent,Billing Query,Moderate (Stage 1-3),Low / Inactive,30.7,546.88
2026-06-02,VP_11784,24,Eastern Cape,Suburban,Prepaid,5G Smartphone,Voucher Top-Up,Excellent,None,Moderate (Stage 1-3),Moderate,19.9,383.4
2026-05-10,VP_11785,34,Limpopo,Urban,Prepaid,4G Smartphone,Voucher Top-Up,Excellent,None,Moderate (Stage 1-3),High Active,45,763.33
2026-04-09,VP_11786,40,KwaZulu-Natal,Urban,Prepaid,4G Smartphone,Mobile App / EFT,Excellent,Billing Query,Severe (Stage 4+),High Active,10.9,247.17
2026-04-29,VP_11787,43,Eastern Cape,Suburban,Postpaid Contract,Legacy Feature Phone,Mobile App / EFT,Fair,None,Moderate (Stage 1-3),Moderate,11.3,253.23
2026-05-29,VP_11788,38,Limpopo,Suburban,Postpaid Contract,5G Smartphone,Voucher Top-Up,Fair,None,Moderate (Stage 1-3),Moderate,1.7,107.92
2026-05-22,VP_11789,39,Eastern Cape,Suburban,Postpaid Contract,LTE Router/MiFi,Voucher Top-Up,Good,None,Moderate (Stage 1-3),High Active,15,309.23
2026-01-11,VP_11790,24,Gauteng,Urban,Postpaid Contract,5G Smartphone,Voucher Top-Up,Good,Billing Query,Minimal / No Impact,Moderate,23.2,433.35
2026-04-26,VP_11791,31,Limpopo,Urban,Prepaid,4G Smartphone,Voucher Top-Up,Good,SIM Swap / Technical,Minimal / No Impact,Low / Inactive,33.2,584.72
2026-05-27,VP_11792,32,KwaZulu-Natal,Suburban,Postpaid Contract,4G Smartphone,Credit Card,Good,None,Moderate (Stage 1-3),Moderate,16.4,330.42
2026-06-16,VP_11793,70,Gauteng,Suburban,Prepaid,5G Smartphone,Voucher Top-Up,Good,Billing Query,Moderate (Stage 1-3),Moderate,34.8,608.94
2026-02-18,VP_11794,24,Gauteng,Urban,Postpaid Contract,5G Smartphone,Debit Order,Good,None,Moderate (Stage 1-3),Low / Inactive,24.5,453.03
2026-03-24,VP_11795,26,KwaZulu-Natal,Rural,Postpaid Contract,5G Smartphone,Voucher Top-Up,Good,Billing Query,Moderate (Stage 1-3),High Active,53,884.42
2026-06-04,VP_11796,68,Gauteng,Urban,Postpaid Contract,5G Smartphone,Voucher Top-Up,Good,None,Severe (Stage 4+),High Active,20.3,389.46
2026-05-02,VP_11797,65,Gauteng,Rural,Prepaid,4G Smartphone,Voucher Top-Up,Excellent,Network Coverage,Moderate (Stage 1-3),High Active,26.4,481.79
2026-05-09,VP_11798,25,Gauteng,Rural,Postpaid Contract,5G Smartphone,Voucher Top-Up,Excellent,None,Moderate (Stage 1-3),High Active,23.6,439.41
2026-02-08,VP_11799,67,Eastern Cape,Suburban,Prepaid,4G Smartphone,Debit Order,Excellent,None,Severe (Stage 4+),Low / Inactive,33.2,584.72
2026-01-16,VP_11800,40,Eastern Cape,Rural,Prepaid,5G Smartphone,Debit Order,Good,None,Minimal / No Impact,High Active,21.1,401.57
2026-04-26,VP_11801,46,Gauteng,Suburban,Postpaid Contract,4G Smartphone,Debit Order,Excellent,Network Coverage,Moderate (Stage 1-3),Moderate,12.7,274.42
2026-01-27,VP_11802,35,Eastern Cape,Urban,Prepaid,4G Smartphone,Voucher Top-Up,Good,SIM Swap / Technical,Severe (Stage 4+),Moderate,5.4,163.92
2026-03-29,VP_11803,48,Eastern Cape,Urban,Postpaid Contract,4G Smartphone,Debit Order,Good,None,Moderate (Stage 1-3),Moderate,10.5,241.12
2026-01-22,VP_11804,47,Eastern Cape,Urban,Prepaid,4G Smartphone,Mobile App / EFT,Fair,None,Severe (Stage 4+),Moderate,12,263.82
2026-05-10,VP_11805,69,Gauteng,Urban,Prepaid,5G Smartphone,Debit Order,Excellent,Billing Query,Severe (Stage 4+),Moderate,35.9,625.59
2026-06-15,VP_11806,56,Western Cape,Suburban,Postpaid Contract,4G Smartphone,Credit Card,Good,Network Coverage,Minimal / No Impact,Moderate,29.1,522.66
2026-02-14,VP_11807,52,Limpopo,Urban,Prepaid,5G Smartphone,Debit Order,Good,None,Minimal / No Impact,Low / Inactive,65.6,1075.14
2026-01-11,VP_11808,35,Western Cape,Urban,Prepaid,5G Smartphone,Debit Order,Excellent,None,Severe (Stage 4+),High Active,16.1,325.88
2026-03-05,VP_11809,59,Gauteng,Suburban,Prepaid,5G Smartphone,Voucher Top-Up,Good,None,Minimal / No Impact,High Active,6.9,186.63
2026-04-23,VP_11810,56,KwaZulu-Natal,Rural,Prepaid,4G Smartphone,Debit Order,Fair,None,Severe (Stage 4+),Moderate,7.9,201.76
2026-04-23,VP_11811,34,Western Cape,Urban,Postpaid Contract,4G Smartphone,Credit Card,Excellent,None,Severe (Stage 4+),Moderate,31.8,563.53
2026-05-15,VP_11812,31,KwaZulu-Natal,Urban,Prepaid,4G Smartphone,Debit Order,Fair,None,Severe (Stage 4+),Moderate,9.9,232.04
2026-05-14,VP_11813,48,Gauteng,Urban,Postpaid Contract,4G Smartphone,Voucher Top-Up,Fair,None,Severe (Stage 4+),Low / Inactive,3.6,136.68
2026-06-06,VP_11814,41,Gauteng,Suburban,Postpaid Contract,5G Smartphone,Credit Card,Good,Billing Query,Moderate (Stage 1-3),Low / Inactive,23.9,443.95
2026-02-10,VP_11815,52,Eastern Cape,Urban,Prepaid,LTE Router/MiFi,Voucher Top-Up,Fair,SIM Swap / Technical,Minimal / No Impact,Low / Inactive,30.4,542.34
2026-04-04,VP_11816,61,Eastern Cape,Suburban,Postpaid Contract,4G Smartphone,Debit Order,Good,Network Coverage,Severe (Stage 4+),Moderate,3.2,130.62
2026-04-06,VP_11817,62,Gauteng,Urban,Postpaid Contract,4G Smartphone,Debit Order,Good,Billing Query,Moderate (Stage 1-3),High Active,10.8,245.66
2026-03-14,VP_11818,51,Limpopo,Urban,Prepaid,4G Smartphone,Voucher Top-Up,Poor / Frequent Drops,Network Coverage,Moderate (Stage 1-3),Low / Inactive,9.9,232.04
2026-04-10,VP_11819,20,Gauteng,Rural,Prepaid,5G Smartphone,Debit Order,Excellent,None,Moderate (Stage 1-3),Low / Inactive,17,339.51
2026-04-15,VP_11820,54,Western Cape,Urban,Prepaid,5G Smartphone,Voucher Top-Up,Excellent,None,Moderate (Stage 1-3),Moderate,9.8,230.52
2026-03-28,VP_11821,60,Eastern Cape,Urban,Postpaid Contract,4G Smartphone,Mobile App / EFT,Excellent,None,Moderate (Stage 1-3),Low / Inactive,15.1,310.75
2026-06-23,VP_11822,57,Eastern Cape,Urban,Postpaid Contract,5G Smartphone,Mobile App / EFT,Good,Billing Query,Severe (Stage 4+),Low / Inactive,19.7,380.38
2026-06-03,VP_11823,43,Limpopo,Urban,Prepaid,5G Smartphone,Debit Order,Excellent,SIM Swap / Technical,Moderate (Stage 1-3),Moderate,3.2,130.62
2026-01-14,VP_11824,72,Gauteng,Urban,Postpaid Contract,LTE Router/MiFi,Debit Order,Poor / Frequent Drops,Network Coverage,Severe (Stage 4+),High Active,13.6,288.04
2026-06-11,VP_11825,40,Eastern Cape,Urban,Postpaid Contract,4G Smartphone,Debit Order,Good,None,Severe (Stage 4+),Moderate,11.6,257.77
2026-06-15,VP_11826,61,Gauteng,Urban,Postpaid Contract,4G Smartphone,Voucher Top-Up,Fair,Billing Query,Moderate (Stage 1-3),Low / Inactive,13.6,288.04
2026-03-27,VP_11827,56,Western Cape,Urban,Postpaid Contract,4G Smartphone,Voucher Top-Up,Excellent,SIM Swap / Technical,Moderate (Stage 1-3),High Active,13.6,288.04
2026-01-17,VP_11828,32,Western Cape,Suburban,Prepaid,Legacy Feature Phone,Mobile App / EFT,Excellent,None,Moderate (Stage 1-3),Moderate,2.7,123.05
2026-03-26,VP_11829,73,Western Cape,Suburban,Postpaid Contract,5G Smartphone,Voucher Top-Up,Excellent,Billing Query,Moderate (Stage 1-3),Moderate,50.4,845.07
2026-01-25,VP_11830,66,Gauteng,Urban,Postpaid Contract,4G Smartphone,Debit Order,Excellent,None,Moderate (Stage 1-3),High Active,17.7,350.1
2026-05-23,VP_11831,21,Eastern Cape,Suburban,Postpaid Contract,4G Smartphone,Voucher Top-Up,Good,Network Coverage,Moderate (Stage 1-3),Moderate,32.4,572.61
2026-06-23,VP_11832,46,Gauteng,Urban,Prepaid,5G Smartphone,Debit Order,Poor / Frequent Drops,None,Moderate (Stage 1-3),Moderate,7.7,198.74
2026-04-09,VP_11833,39,Gauteng,Urban,Prepaid,5G Smartphone,Debit Order,Excellent,None,Minimal / No Impact,Low / Inactive,38.3,661.92
2026-03-14,VP_11834,42,Western Cape,Urban,Prepaid,4G Smartphone,Debit Order,Good,Billing Query,Minimal / No Impact,Moderate,17.4,345.56
2026-03-06,VP_11835,30,KwaZulu-Natal,Urban,Prepaid,4G Smartphone,Debit Order,Good,None,Moderate (Stage 1-3),Low / Inactive,25.6,469.68
2026-06-18,VP_11836,35,Eastern Cape,Urban,Postpaid Contract,5G Smartphone,Voucher Top-Up,Excellent,None,Severe (Stage 4+),High Active,4.2,145.76
2026-06-04,VP_11837,50,KwaZulu-Natal,Urban,Prepaid,4G Smartphone,Voucher Top-Up,Good,None,Moderate (Stage 1-3),High Active,12,263.82
2026-02-08,VP_11838,33,Gauteng,Suburban,Postpaid Contract,4G Smartphone,Debit Order,Excellent,Network Coverage,Severe (Stage 4+),Low / Inactive,18.4,360.7
2026-03-27,VP_11839,62,Eastern Cape,Rural,Postpaid Contract,4G Smartphone,Credit Card,Fair,None,Moderate (Stage 1-3),Moderate,50.7,849.61
2026-01-21,VP_11840,59,KwaZulu-Natal,Urban,Postpaid Contract,LTE Router/MiFi,Voucher Top-Up,Fair,Network Coverage,Severe (Stage 4+),High Active,23.3,434.87
2026-05-30,VP_11841,61,Gauteng,Suburban,Prepaid,LTE Router/MiFi,Debit Order,Excellent,Network Coverage,Moderate (Stage 1-3),High Active,6.1,174.52
2026-06-19,VP_11842,19,Western Cape,Suburban,Enterprise Hybrid,4G Smartphone,Debit Order,Good,None,Severe (Stage 4+),Moderate,6.8,185.11
2026-02-06,VP_11843,72,KwaZulu-Natal,Suburban,Postpaid Contract,Legacy Feature Phone,Voucher Top-Up,Excellent,None,Minimal / No Impact,High Active,3.6,136.68
2026-03-31,VP_11844,52,Western Cape,Urban,Postpaid Contract,5G Smartphone,Credit Card,Good,None,Severe (Stage 4+),Moderate,8.4,209.33
2026-03-21,VP_11845,59,KwaZulu-Natal,Urban,Prepaid,5G Smartphone,Voucher Top-Up,Fair,None,Moderate (Stage 1-3),Moderate,38.7,667.97
2026-06-17,VP_11846,51,Eastern Cape,Urban,Prepaid,5G Smartphone,Credit Card,Fair,None,Minimal / No Impact,Moderate,22.2,418.22
2026-06-28,VP_11847,47,Eastern Cape,Urban,Prepaid,4G Smartphone,Voucher Top-Up,Excellent,None,Severe (Stage 4+),Low / Inactive,25.7,471.19
2026-06-19,VP_11848,72,Western Cape,Suburban,Prepaid,4G Smartphone,Voucher Top-Up,Excellent,None,Minimal / No Impact,High Active,38.8,669.48
2026-04-11,VP_11849,30,Gauteng,Urban,Prepaid,4G Smartphone,Voucher Top-Up,Good,None,Moderate (Stage 1-3),Moderate,26.2,478.76
2026-02-03,VP_11850,30,Eastern Cape,Urban,Prepaid,5G Smartphone,Voucher Top-Up,Poor / Frequent Drops,Billing Query,Minimal / No Impact,High Active,4.7,153.33
2026-06-02,VP_11851,35,Western Cape,Suburban,Postpaid Contract,5G Smartphone,Voucher Top-Up,Poor / Frequent Drops,None,Minimal / No Impact,Low / Inactive,30.3,540.82
2026-01-22,VP_11852,49,Western Cape,Suburban,Prepaid,LTE Router/MiFi,Mobile App / EFT,Excellent,Network Coverage,Severe (Stage 4+),Low / Inactive,58.1,961.62
2026-03-21,VP_11853,49,KwaZulu-Natal,Urban,Prepaid,LTE Router/MiFi,Debit Order,Fair,None,Minimal / No Impact,Moderate,4.8,154.84
2026-05-24,VP_11854,52,Eastern Cape,Suburban,Postpaid Contract,4G Smartphone,Voucher Top-Up,Poor / Frequent Drops,None,Severe (Stage 4+),Moderate,19.9,383.4
2026-04-07,VP_11855,56,Western Cape,Urban,Prepaid,4G Smartphone,Voucher Top-Up,Excellent,None,Severe (Stage 4+),High Active,37.8,654.35
2026-06-14,VP_11856,63,Gauteng,Urban,Postpaid Contract,4G Smartphone,Voucher Top-Up,Fair,None,Severe (Stage 4+),Low / Inactive,31.7,562.01
2026-03-26,VP_11857,69,KwaZulu-Natal,Urban,Prepaid,5G Smartphone,Debit Order,Excellent,Billing Query,Severe (Stage 4+),Moderate,58.5,967.68
2026-02-02,VP_11858,46,Limpopo,Suburban,Prepaid,4G Smartphone,Voucher Top-Up,Excellent,None,Moderate (Stage 1-3),Low / Inactive,38.9,671
2026-06-21,VP_11859,66,Gauteng,Rural,Prepaid,4G Smartphone,Voucher Top-Up,Excellent,None,Moderate (Stage 1-3),High Active,9.5,225.98
2026-06-29,VP_11860,46,Limpopo,Urban,Postpaid Contract,4G Smartphone,Voucher Top-Up,Good,None,Moderate (Stage 1-3),Moderate,34.6,605.91
2026-06-25,VP_11861,70,Western Cape,Urban,Prepaid,5G Smartphone,Mobile App / EFT,Fair,None,Moderate (Stage 1-3),Moderate,16.4,330.42
2026-05-15,VP_11862,61,Western Cape,Urban,Postpaid Contract,Legacy Feature Phone,Voucher Top-Up,Good,None,Minimal / No Impact,Low / Inactive,13.2,281.99
2026-01-24,VP_11863,74,Gauteng,Urban,Prepaid,4G Smartphone,Debit Order,Excellent,None,Severe (Stage 4+),Moderate,9.8,230.52
2026-06-15,VP_11864,33,Gauteng,Urban,Prepaid,5G Smartphone,Credit Card,Excellent,None,Severe (Stage 4+),Moderate,35.1,613.48
2026-06-21,VP_11865,73,Limpopo,Urban,Postpaid Contract,4G Smartphone,Mobile App / EFT,Good,None,Moderate (Stage 1-3),Low / Inactive,5.4,163.92
2026-04-19,VP_11866,61,Gauteng,Suburban,Prepaid,LTE Router/MiFi,Debit Order,Good,None,Minimal / No Impact,High Active,19.2,372.81
2026-05-11,VP_11867,64,Eastern Cape,Suburban,Postpaid Contract,5G Smartphone,Debit Order,Good,Billing Query,Moderate (Stage 1-3),Moderate,10,233.55
2026-04-03,VP_11868,74,KwaZulu-Natal,Urban,Prepaid,4G Smartphone,Debit Order,Excellent,None,Moderate (Stage 1-3),Moderate,17.1,341.02
2026-01-05,VP_11869,27,Gauteng,Urban,Prepaid,4G Smartphone,Voucher Top-Up,Fair,None,Severe (Stage 4+),High Active,14.5,301.67
2026-04-03,VP_11870,47,Gauteng,Urban,Postpaid Contract,4G Smartphone,Mobile App / EFT,Poor / Frequent Drops,None,Severe (Stage 4+),Moderate,17.6,348.59
2026-03-21,VP_11871,42,KwaZulu-Natal,Urban,Enterprise Hybrid,4G Smartphone,Mobile App / EFT,Good,None,Moderate (Stage 1-3),Moderate,22.3,419.73
2026-02-16,VP_11872,56,Limpopo,Suburban,Prepaid,5G Smartphone,Mobile App / EFT,Good,None,Moderate (Stage 1-3),Moderate,8.8,215.39
2026-02-24,VP_11873,37,KwaZulu-Natal,Rural,Postpaid Contract,5G Smartphone,Debit Order,Poor / Frequent Drops,None,Moderate (Stage 1-3),Moderate,5.5,165.44
2026-03-29,VP_11874,22,KwaZulu-Natal,Urban,Prepaid,5G Smartphone,Voucher Top-Up,Good,None,Moderate (Stage 1-3),Low / Inactive,8.6,212.36
2026-05-05,VP_11875,18,Gauteng,Urban,Postpaid Contract,5G Smartphone,Debit Order,Good,None,Moderate (Stage 1-3),Low / Inactive,19.2,372.81
2026-02-19,VP_11876,47,KwaZulu-Natal,Suburban,Postpaid Contract,4G Smartphone,Debit Order,Good,Network Coverage,Moderate (Stage 1-3),Low / Inactive,17.2,342.53
2026-02-27,VP_11877,66,KwaZulu-Natal,Urban,Prepaid,4G Smartphone,Voucher Top-Up,Excellent,Network Coverage,Severe (Stage 4+),Low / Inactive,8.7,213.87
2026-02-05,VP_11878,20,Eastern Cape,Suburban,Prepaid,5G Smartphone,Debit Order,Good,None,Moderate (Stage 1-3),Low / Inactive,19,369.78
2026-02-09,VP_11879,62,KwaZulu-Natal,Urban,Prepaid,4G Smartphone,Voucher Top-Up,Fair,None,Severe (Stage 4+),Low / Inactive,36.5,634.67
2026-01-20,VP_11880,31,KwaZulu-Natal,Suburban,Prepaid,4G Smartphone,Voucher Top-Up,Excellent,None,Severe (Stage 4+),Low / Inactive,17.4,345.56
2026-03-17,VP_11881,73,Gauteng,Urban,Prepaid,5G Smartphone,Mobile App / EFT,Fair,Network Coverage,Moderate (Stage 1-3),Moderate,8.2,206.3
2026-01-26,VP_11882,47,Limpopo,Suburban,Postpaid Contract,4G Smartphone,Debit Order,Good,SIM Swap / Technical,Moderate (Stage 1-3),Moderate,4.3,147.27
2026-05-10,VP_11883,67,Gauteng,Suburban,Enterprise Hybrid,4G Smartphone,Mobile App / EFT,Good,None,Moderate (Stage 1-3),Moderate,17.2,342.53
2026-05-19,VP_11884,21,Gauteng,Urban,Prepaid,4G Smartphone,Credit Card,Good,None,Severe (Stage 4+),Low / Inactive,7.5,195.71
2026-05-15,VP_11885,35,Western Cape,Suburban,Prepaid,5G Smartphone,Mobile App / EFT,Good,Billing Query,Minimal / No Impact,Moderate,12.8,275.93
2026-01-10,VP_11886,54,Western Cape,Suburban,Prepaid,4G Smartphone,Mobile App / EFT,Fair,Network Coverage,Severe (Stage 4+),Low / Inactive,22.7,425.79
2026-06-19,VP_11887,42,KwaZulu-Natal,Urban,Enterprise Hybrid,Legacy Feature Phone,Voucher Top-Up,Good,None,Minimal / No Impact,High Active,21.2,403.08
2026-03-28,VP_11888,65,KwaZulu-Natal,Urban,Prepaid,4G Smartphone,Voucher Top-Up,Poor / Frequent Drops,Billing Query,Moderate (Stage 1-3),Low / Inactive,37.6,651.32
2026-06-08,VP_11889,18,Eastern Cape,Urban,Prepaid,5G Smartphone,Voucher Top-Up,Good,None,Severe (Stage 4+),Moderate,2.9,126.08
2026-02-03,VP_11890,70,Gauteng,Urban,Prepaid,4G Smartphone,Voucher Top-Up,Good,None,Severe (Stage 4+),High Active,14.2,297.12
2026-06-02,VP_11891,63,Eastern Cape,Urban,Prepaid,5G Smartphone,Voucher Top-Up,Poor / Frequent Drops,None,Severe (Stage 4+),Low / Inactive,14.6,303.18
2026-04-07,VP_11892,32,Western Cape,Suburban,Prepaid,4G Smartphone,Mobile App / EFT,Excellent,None,Moderate (Stage 1-3),Moderate,19.4,375.83
2026-02-09,VP_11893,26,KwaZulu-Natal,Urban,Prepaid,5G Smartphone,Voucher Top-Up,Good,Billing Query,Minimal / No Impact,High Active,6.1,174.52
2026-02-11,VP_11894,32,KwaZulu-Natal,Rural,Prepaid,5G Smartphone,Debit Order,Excellent,Billing Query,Moderate (Stage 1-3),High Active,9.4,224.47
2026-02-16,VP_11895,66,Gauteng,Urban,Prepaid,4G Smartphone,Voucher Top-Up,Fair,Network Coverage,Moderate (Stage 1-3),High Active,5.5,165.44
2026-06-27,VP_11896,74,Eastern Cape,Urban,Prepaid,5G Smartphone,Debit Order,Good,None,Minimal / No Impact,High Active,20.5,392.48
2026-06-09,VP_11897,41,KwaZulu-Natal,Urban,Prepaid,4G Smartphone,Voucher Top-Up,Poor / Frequent Drops,None,Moderate (Stage 1-3),Moderate,9,218.41
2026-02-12,VP_11898,21,Gauteng,Urban,Prepaid,5G Smartphone,Debit Order,Fair,None,Moderate (Stage 1-3),Low / Inactive,31.3,555.96
2026-04-23,VP_11899,29,Western Cape,Urban,Enterprise Hybrid,5G Smartphone,Voucher Top-Up,Excellent,None,Minimal / No Impact,Moderate,28.3,510.55
2026-01-12,VP_11900,54,Limpopo,Urban,Postpaid Contract,4G Smartphone,Mobile App / EFT,Excellent,Billing Query,Severe (Stage 4+),Moderate,34.1,598.34
2026-04-16,VP_11901,54,KwaZulu-Natal,Urban,Prepaid,LTE Router/MiFi,Voucher Top-Up,Good,None,Moderate (Stage 1-3),Low / Inactive,11.7,259.28
2026-04-04,VP_11902,60,Limpopo,Suburban,Prepaid,5G Smartphone,Debit Order,Good,None,Moderate (Stage 1-3),Moderate,11.8,260.8
2026-06-23,VP_11903,23,Gauteng,Suburban,Postpaid Contract,4G Smartphone,Voucher Top-Up,Excellent,None,Severe (Stage 4+),Moderate,12.5,271.39
2026-03-02,VP_11904,56,Gauteng,Urban,Prepaid,5G Smartphone,Debit Order,Excellent,None,Moderate (Stage 1-3),Moderate,8.3,207.82
2026-04-24,VP_11905,73,Gauteng,Suburban,Prepaid,4G Smartphone,Voucher Top-Up,Good,None,Severe (Stage 4+),Moderate,5.1,159.38
2026-06-06,VP_11906,63,KwaZulu-Natal,Suburban,Prepaid,4G Smartphone,Voucher Top-Up,Excellent,None,Severe (Stage 4+),High Active,7.2,191.17
2026-03-14,VP_11907,41,Gauteng,Urban,Enterprise Hybrid,5G Smartphone,Credit Card,Fair,Network Coverage,Severe (Stage 4+),Low / Inactive,43.2,736.09
2026-04-25,VP_11908,28,Gauteng,Rural,Postpaid Contract,4G Smartphone,Debit Order,Fair,Billing Query,Minimal / No Impact,High Active,10.7,244.15
2026-03-01,VP_11909,30,Limpopo,Suburban,Prepaid,5G Smartphone,Voucher Top-Up,Fair,None,Minimal / No Impact,Moderate,50.9,852.64
2026-05-17,VP_11910,51,Eastern Cape,Urban,Prepaid,5G Smartphone,Mobile App / EFT,Excellent,None,Severe (Stage 4+),High Active,10.2,236.58
2026-03-03,VP_11911,42,Western Cape,Urban,Enterprise Hybrid,4G Smartphone,Credit Card,Excellent,Billing Query,Severe (Stage 4+),Moderate,18.8,366.75
2026-03-21,VP_11912,24,Gauteng,Urban,Enterprise Hybrid,4G Smartphone,Debit Order,Good,None,Moderate (Stage 1-3),Moderate,21.1,401.57
2026-05-01,VP_11913,69,Gauteng,Urban,Enterprise Hybrid,4G Smartphone,Voucher Top-Up,Poor / Frequent Drops,Billing Query,Moderate (Stage 1-3),Moderate,16.7,334.97
2026-02-19,VP_11914,21,Gauteng,Suburban,Prepaid,4G Smartphone,Debit Order,Excellent,None,Minimal / No Impact,High Active,10.3,238.09
2026-04-05,VP_11915,25,Western Cape,Urban,Prepaid,4G Smartphone,Voucher Top-Up,Excellent,None,Minimal / No Impact,High Active,2.3,117
2026-06-23,VP_11916,37,Limpopo,Suburban,Postpaid Contract,4G Smartphone,Debit Order,Excellent,SIM Swap / Technical,Moderate (Stage 1-3),Low / Inactive,15.5,316.8
2026-05-27,VP_11917,46,KwaZulu-Natal,Suburban,Prepaid,5G Smartphone,Mobile App / EFT,Good,None,Moderate (Stage 1-3),High Active,8.1,204.79
2026-04-23,VP_11918,71,Gauteng,Suburban,Prepaid,4G Smartphone,Debit Order,Good,None,Severe (Stage 4+),Low / Inactive,10.7,244.15
2026-04-29,VP_11919,70,KwaZulu-Natal,Suburban,Prepaid,4G Smartphone,Voucher Top-Up,Excellent,None,Severe (Stage 4+),Moderate,10.1,235.06
2026-03-14,VP_11920,68,Gauteng,Urban,Postpaid Contract,4G Smartphone,Voucher Top-Up,Good,None,Moderate (Stage 1-3),High Active,43.2,736.09
2026-04-08,VP_11921,62,KwaZulu-Natal,Urban,Postpaid Contract,4G Smartphone,Credit Card,Good,None,Moderate (Stage 1-3),High Active,6.8,185.11
2026-05-09,VP_11922,63,Western Cape,Suburban,Prepaid,5G Smartphone,Voucher Top-Up,Good,None,Minimal / No Impact,Low / Inactive,50.1,840.53
2026-05-16,VP_11923,27,Western Cape,Urban,Postpaid Contract,4G Smartphone,Debit Order,Good,None,Moderate (Stage 1-3),Moderate,57.5,952.54
2026-04-18,VP_11924,60,Gauteng,Urban,Prepaid,5G Smartphone,Debit Order,Fair,SIM Swap / Technical,Severe (Stage 4+),High Active,30.6,545.36
2026-02-11,VP_11925,51,Gauteng,Rural,Postpaid Contract,4G Smartphone,Debit Order,Good,None,Moderate (Stage 1-3),Moderate,1,97.32
2026-02-21,VP_11926,74,Limpopo,Suburban,Prepaid,4G Smartphone,Mobile App / EFT,Good,None,Minimal / No Impact,Low / Inactive,4.9,156.35
2026-06-04,VP_11927,43,Gauteng,Urban,Prepaid,LTE Router/MiFi,Voucher Top-Up,Fair,None,Moderate (Stage 1-3),Moderate,35.2,614.99
2026-02-05,VP_11928,58,Gauteng,Suburban,Prepaid,4G Smartphone,Voucher Top-Up,Poor / Frequent Drops,None,Severe (Stage 4+),Moderate,6.3,177.55
2026-03-06,VP_11929,66,Gauteng,Suburban,Prepaid,LTE Router/MiFi,Debit Order,Excellent,None,Minimal / No Impact,High Active,17.9,353.13
2026-01-14,VP_11930,20,Gauteng,Urban,Prepaid,4G Smartphone,Mobile App / EFT,Excellent,None,Moderate (Stage 1-3),High Active,10.1,235.06
2026-06-14,VP_11931,73,KwaZulu-Natal,Urban,Prepaid,Legacy Feature Phone,Voucher Top-Up,Fair,Network Coverage,Moderate (Stage 1-3),Moderate,37.2,645.27
2026-05-04,VP_11932,23,Eastern Cape,Rural,Enterprise Hybrid,4G Smartphone,Credit Card,Excellent,None,Moderate (Stage 1-3),Low / Inactive,17,339.51
2026-04-06,VP_11933,22,Gauteng,Urban,Prepaid,Legacy Feature Phone,Voucher Top-Up,Poor / Frequent Drops,None,Moderate (Stage 1-3),Moderate,19,369.78
2026-05-22,VP_11934,22,KwaZulu-Natal,Urban,Prepaid,5G Smartphone,Debit Order,Excellent,Billing Query,Moderate (Stage 1-3),Moderate,73.4,1193.21
2026-01-27,VP_11935,71,Western Cape,Urban,Prepaid,5G Smartphone,Voucher Top-Up,Poor / Frequent Drops,None,Moderate (Stage 1-3),Moderate,50.7,849.61
2026-05-13,VP_11936,64,KwaZulu-Natal,Suburban,Prepaid,4G Smartphone,Debit Order,Good,Billing Query,Moderate (Stage 1-3),Moderate,16.9,337.99
2026-02-01,VP_11937,40,Eastern Cape,Urban,Prepaid,Legacy Feature Phone,Voucher Top-Up,Fair,None,Severe (Stage 4+),Moderate,1.6,106.4
2026-03-14,VP_11938,66,Eastern Cape,Urban,Postpaid Contract,4G Smartphone,Voucher Top-Up,Excellent,Billing Query,Severe (Stage 4+),Moderate,27.1,492.39
2026-01-22,VP_11939,26,Gauteng,Urban,Prepaid,5G Smartphone,Debit Order,Poor / Frequent Drops,Billing Query,Minimal / No Impact,High Active,62.6,1029.74
2026-02-11,VP_11940,52,Eastern Cape,Rural,Postpaid Contract,4G Smartphone,Debit Order,Excellent,Network Coverage,Moderate (Stage 1-3),Low / Inactive,2.3,117
2026-03-11,VP_11941,37,KwaZulu-Natal,Urban,Postpaid Contract,4G Smartphone,Debit Order,Excellent,None,Moderate (Stage 1-3),High Active,29.5,528.71
2026-04-26,VP_11942,66,Limpopo,Suburban,Prepaid,5G Smartphone,Credit Card,Excellent,Network Coverage,Severe (Stage 4+),Moderate,38.6,666.46
2026-05-12,VP_11943,59,KwaZulu-Natal,Rural,Prepaid,4G Smartphone,Debit Order,Poor / Frequent Drops,None,Severe (Stage 4+),Moderate,16.9,337.99
2026-02-07,VP_11944,52,Limpopo,Urban,Postpaid Contract,Legacy Feature Phone,Debit Order,Good,Billing Query,Moderate (Stage 1-3),Low / Inactive,18.3,359.18
2026-04-22,VP_11945,67,Eastern Cape,Rural,Prepaid,LTE Router/MiFi,Debit Order,Good,None,Severe (Stage 4+),Low / Inactive,17.2,342.53
2026-01-24,VP_11946,35,Gauteng,Rural,Prepaid,5G Smartphone,Voucher Top-Up,Good,None,Moderate (Stage 1-3),High Active,5.8,169.98
2026-02-26,VP_11947,34,KwaZulu-Natal,Rural,Enterprise Hybrid,5G Smartphone,Voucher Top-Up,Fair,None,Minimal / No Impact,Moderate,77.3,1252.24
2026-04-26,VP_11948,41,Limpopo,Urban,Prepaid,5G Smartphone,Mobile App / EFT,Good,None,Severe (Stage 4+),High Active,3.9,141.22
2026-03-31,VP_11949,20,Eastern Cape,Suburban,Prepaid,5G Smartphone,Debit Order,Good,None,Minimal / No Impact,High Active,29.7,531.74
2026-01-07,VP_11950,49,Gauteng,Suburban,Enterprise Hybrid,5G Smartphone,Voucher Top-Up,Good,None,Moderate (Stage 1-3),Low / Inactive,28.3,510.55
2026-04-17,VP_11951,52,Western Cape,Rural,Prepaid,4G Smartphone,Voucher Top-Up,Fair,None,Severe (Stage 4+),High Active,6.4,179.06
2026-01-14,VP_11952,55,Gauteng,Urban,Prepaid,5G Smartphone,Credit Card,Excellent,Billing Query,Moderate (Stage 1-3),High Active,18.1,356.16
2026-04-12,VP_11953,30,Gauteng,Suburban,Postpaid Contract,LTE Router/MiFi,Debit Order,Excellent,None,Severe (Stage 4+),High Active,5.2,160.89
2026-05-09,VP_11954,73,KwaZulu-Natal,Urban,Postpaid Contract,LTE Router/MiFi,Debit Order,Excellent,None,Moderate (Stage 1-3),Moderate,24.1,446.98
2026-04-06,VP_11955,64,Gauteng,Urban,Prepaid,5G Smartphone,Voucher Top-Up,Excellent,None,Severe (Stage 4+),Low / Inactive,40.1,689.16
2026-03-02,VP_11956,42,Eastern Cape,Urban,Prepaid,Legacy Feature Phone,Debit Order,Good,None,Moderate (Stage 1-3),High Active,18.7,365.24
2026-04-09,VP_11957,26,Gauteng,Suburban,Postpaid Contract,4G Smartphone,Debit Order,Good,None,Moderate (Stage 1-3),Moderate,28.4,512.06
2026-01-21,VP_11958,21,Eastern Cape,Urban,Postpaid Contract,4G Smartphone,Voucher Top-Up,Poor / Frequent Drops,SIM Swap / Technical,Severe (Stage 4+),Moderate,7.1,189.65
2026-04-06,VP_11959,31,Gauteng,Urban,Prepaid,5G Smartphone,Voucher Top-Up,Excellent,None,Severe (Stage 4+),Moderate,7.1,189.65
2026-02-27,VP_11960,54,Gauteng,Rural,Prepaid,4G Smartphone,Voucher Top-Up,Fair,Billing Query,Moderate (Stage 1-3),Moderate,17.5,347.07
2026-01-08,VP_11961,51,Gauteng,Urban,Prepaid,5G Smartphone,Voucher Top-Up,Good,None,Moderate (Stage 1-3),Moderate,4.8,154.84
2026-03-23,VP_11962,28,Gauteng,Suburban,Postpaid Contract,4G Smartphone,Voucher Top-Up,Excellent,Network Coverage,Minimal / No Impact,Moderate,6.5,180.57
2026-01-26,VP_11963,58,Gauteng,Urban,Postpaid Contract,5G Smartphone,Voucher Top-Up,Good,None,Severe (Stage 4+),Low / Inactive,9.8,230.52
2026-06-16,VP_11964,73,Gauteng,Urban,Enterprise Hybrid,4G Smartphone,Voucher Top-Up,Poor / Frequent Drops,Network Coverage,Moderate (Stage 1-3),High Active,24.2,448.49
2026-03-27,VP_11965,20,KwaZulu-Natal,Suburban,Postpaid Contract,5G Smartphone,Voucher Top-Up,Excellent,None,Moderate (Stage 1-3),High Active,7,188.14
2026-02-07,VP_11966,45,Gauteng,Rural,Prepaid,5G Smartphone,Debit Order,Good,None,Severe (Stage 4+),Low / Inactive,16.4,330.42
2026-02-05,VP_11967,46,KwaZulu-Natal,Urban,Prepaid,4G Smartphone,Debit Order,Excellent,None,Moderate (Stage 1-3),Moderate,29.5,528.71
2026-01-10,VP_11968,26,KwaZulu-Natal,Suburban,Postpaid Contract,4G Smartphone,Voucher Top-Up,Excellent,None,Severe (Stage 4+),Low / Inactive,11,248.69
2026-03-15,VP_11969,20,Eastern Cape,Urban,Postpaid Contract,4G Smartphone,Voucher Top-Up,Good,None,Moderate (Stage 1-3),Moderate,11.2,251.71
2026-05-01,VP_11970,42,Limpopo,Urban,Prepaid,5G Smartphone,Mobile App / EFT,Fair,None,Moderate (Stage 1-3),Moderate,24.3,450
2026-06-28,VP_11971,51,KwaZulu-Natal,Urban,Prepaid,LTE Router/MiFi,Voucher Top-Up,Good,Billing Query,Severe (Stage 4+),Moderate,19.2,372.81
2026-02-05,VP_11972,29,Gauteng,Urban,Enterprise Hybrid,4G Smartphone,Debit Order,Good,None,Moderate (Stage 1-3),High Active,12.1,265.34
2026-06-30,VP_11973,59,Gauteng,Urban,Prepaid,5G Smartphone,Debit Order,Poor / Frequent Drops,None,Moderate (Stage 1-3),Low / Inactive,8,203.28
2026-05-01,VP_11974,26,Limpopo,Urban,Prepaid,4G Smartphone,Debit Order,Excellent,None,Moderate (Stage 1-3),Moderate,9.6,227.5
2026-04-25,VP_11975,32,Gauteng,Urban,Postpaid Contract,4G Smartphone,Voucher Top-Up,Fair,Billing Query,Severe (Stage 4+),Low / Inactive,29.9,534.77
2026-06-07,VP_11976,57,Gauteng,Urban,Postpaid Contract,5G Smartphone,Voucher Top-Up,Good,None,Severe (Stage 4+),Moderate,11,248.69
2026-01-02,VP_11977,42,Gauteng,Urban,Prepaid,4G Smartphone,Voucher Top-Up,Fair,None,Moderate (Stage 1-3),High Active,82.9,1337.01
2026-01-21,VP_11978,22,Gauteng,Suburban,Postpaid Contract,4G Smartphone,Voucher Top-Up,Fair,None,Severe (Stage 4+),Moderate,8.7,213.87
2026-01-05,VP_11979,28,Gauteng,Rural,Prepaid,4G Smartphone,Mobile App / EFT,Poor / Frequent Drops,None,Moderate (Stage 1-3),High Active,26,475.74
2026-03-07,VP_11980,51,Eastern Cape,Suburban,Prepaid,5G Smartphone,Credit Card,Excellent,None,Moderate (Stage 1-3),Moderate,26.9,489.36
2026-02-25,VP_11981,41,Gauteng,Urban,Prepaid,LTE Router/MiFi,Voucher Top-Up,Good,Network Coverage,Minimal / No Impact,Moderate,22,415.19
2026-02-08,VP_11982,32,Western Cape,Rural,Postpaid Contract,5G Smartphone,Mobile App / EFT,Good,None,Moderate (Stage 1-3),Moderate,4.3,147.27
2026-05-21,VP_11983,55,Gauteng,Suburban,Enterprise Hybrid,LTE Router/MiFi,Voucher Top-Up,Good,None,Moderate (Stage 1-3),Low / Inactive,34.1,598.34
2026-06-05,VP_11984,25,Gauteng,Urban,Postpaid Contract,5G Smartphone,Credit Card,Good,Billing Query,Moderate (Stage 1-3),Low / Inactive,16,324.37
2026-05-16,VP_11985,22,Limpopo,Urban,Enterprise Hybrid,4G Smartphone,Mobile App / EFT,Excellent,None,Minimal / No Impact,Low / Inactive,41.7,713.38
2026-04-19,VP_11986,65,Gauteng,Suburban,Prepaid,4G Smartphone,Credit Card,Excellent,None,Severe (Stage 4+),High Active,13,278.96
2026-01-29,VP_11987,43,Eastern Cape,Suburban,Prepaid,5G Smartphone,Voucher Top-Up,Excellent,SIM Swap / Technical,Severe (Stage 4+),Moderate,12.8,275.93
2026-03-15,VP_11988,35,KwaZulu-Natal,Suburban,Prepaid,4G Smartphone,Mobile App / EFT,Fair,SIM Swap / Technical,Severe (Stage 4+),Low / Inactive,22.8,427.3
2026-03-02,VP_11989,23,Gauteng,Suburban,Prepaid,4G Smartphone,Voucher Top-Up,Fair,None,Moderate (Stage 1-3),Moderate,16,324.37
2026-03-19,VP_11990,54,Limpopo,Suburban,Postpaid Contract,5G Smartphone,Debit Order,Excellent,None,Severe (Stage 4+),High Active,4.7,153.33
2026-02-01,VP_11991,65,Gauteng,Rural,Postpaid Contract,4G Smartphone,Voucher Top-Up,Poor / Frequent Drops,Network Coverage,Severe (Stage 4+),Low / Inactive,30,536.28
2026-01-13,VP_11992,30,Eastern Cape,Urban,Enterprise Hybrid,4G Smartphone,Mobile App / EFT,Excellent,None,Moderate (Stage 1-3),Low / Inactive,3.8,139.7
2026-03-03,VP_11993,45,Gauteng,Urban,Prepaid,5G Smartphone,Debit Order,Good,None,Minimal / No Impact,Moderate,33.5,589.26
2026-04-18,VP_11994,22,Eastern Cape,Suburban,Prepaid,Legacy Feature Phone,Voucher Top-Up,Excellent,None,Minimal / No Impact,High Active,7.5,195.71
2026-06-13,VP_11995,30,Gauteng,Urban,Prepaid,LTE Router/MiFi,Voucher Top-Up,Fair,None,Moderate (Stage 1-3),High Active,59.4,981.3
2026-06-09,VP_11996,34,KwaZulu-Natal,Suburban,Prepaid,5G Smartphone,Voucher Top-Up,Good,SIM Swap / Technical,Moderate (Stage 1-3),Moderate,4.5,150.3
2026-04-28,VP_11997,67,Eastern Cape,Rural,Prepaid,4G Smartphone,Mobile App / EFT,Excellent,Billing Query,Minimal / No Impact,Moderate,5.1,159.38
2026-01-17,VP_11998,57,Limpopo,Suburban,Prepaid,5G Smartphone,Mobile App / EFT,Good,None,Minimal / No Impact,Moderate,7.2,191.17
2026-01-29,VP_11999,62,Limpopo,Suburban,Prepaid,4G Smartphone,Voucher Top-Up,Excellent,Network Coverage,Minimal / No Impact,High Active,32.7,577.15
2026-05-08,VP_12000,49,Eastern Cape,Urban,Prepaid,LTE Router/MiFi,Debit Order,Excellent,None,Moderate (Stage 1-3),High Active,24.8,457.57
2026-06-02,VP_12001,46,Limpopo,Urban,Prepaid,5G Smartphone,Voucher Top-Up,Excellent,Network Coverage,Severe (Stage 4+),Moderate,34.6,605.91
2026-05-18,VP_12002,68,Gauteng,Urban,Prepaid,4G Smartphone,Voucher Top-Up,Excellent,None,Severe (Stage 4+),High Active,26.4,481.79
2026-01-05,VP_12003,20,Gauteng,Suburban,Prepaid,4G Smartphone,Voucher Top-Up,Fair,None,Minimal / No Impact,Moderate,15.9,322.86
2026-06-11,VP_12004,73,Gauteng,Suburban,Prepaid,5G Smartphone,Debit Order,Good,None,Severe (Stage 4+),Moderate,39.7,683.11
2026-05-12,VP_12005,57,KwaZulu-Natal,Suburban,Prepaid,LTE Router/MiFi,Voucher Top-Up,Excellent,None,Severe (Stage 4+),Moderate,50.3,843.56
2026-05-28,VP_12006,51,KwaZulu-Natal,Urban,Prepaid,4G Smartphone,Debit Order,Excellent,None,Moderate (Stage 1-3),Low / Inactive,6.6,182.09
2026-03-03,VP_12007,57,KwaZulu-Natal,Urban,Prepaid,4G Smartphone,Voucher Top-Up,Excellent,None,Severe (Stage 4+),High Active,38.1,658.89
2026-02-06,VP_12008,44,Gauteng,Suburban,Prepaid,4G Smartphone,Debit Order,Excellent,SIM Swap / Technical,Minimal / No Impact,Low / Inactive,37.7,652.83
2026-03-16,VP_12009,30,Western Cape,Urban,Prepaid,5G Smartphone,Voucher Top-Up,Good,Network Coverage,Severe (Stage 4+),Low / Inactive,7.7,198.74
2026-04-20,VP_12010,62,Gauteng,Urban,Postpaid Contract,5G Smartphone,Debit Order,Excellent,None,Severe (Stage 4+),Moderate,9.8,230.52
2026-01-01,VP_12011,50,Gauteng,Suburban,Postpaid Contract,LTE Router/MiFi,Credit Card,Good,Network Coverage,Minimal / No Impact,Low / Inactive,31.3,555.96
2026-06-07,VP_12012,23,KwaZulu-Natal,Suburban,Postpaid Contract,4G Smartphone,Voucher Top-Up,Good,SIM Swap / Technical,Moderate (Stage 1-3),High Active,11,248.69
2026-04-01,VP_12013,41,Eastern Cape,Urban,Prepaid,4G Smartphone,Debit Order,Excellent,Billing Query,Minimal / No Impact,Moderate,19,369.78
2026-03-03,VP_12014,36,Western Cape,Rural,Prepaid,5G Smartphone,Voucher Top-Up,Poor / Frequent Drops,None,Moderate (Stage 1-3),High Active,20.1,386.43
2026-05-27,VP_12015,33,Western Cape,Urban,Postpaid Contract,4G Smartphone,Mobile App / EFT,Excellent,Network Coverage,Moderate (Stage 1-3),Moderate,7.1,189.65
2026-04-17,VP_12016,57,Gauteng,Rural,Prepaid,Legacy Feature Phone,Mobile App / EFT,Excellent,None,Severe (Stage 4+),Moderate,7.1,189.65
2026-02-17,VP_12017,45,KwaZulu-Natal,Urban,Postpaid Contract,5G Smartphone,Voucher Top-Up,Excellent,None,Moderate (Stage 1-3),Moderate,6,173
2026-06-20,VP_12018,50,Gauteng,Urban,Prepaid,5G Smartphone,Debit Order,Excellent,None,Severe (Stage 4+),High Active,25.2,463.63
2026-06-21,VP_12019,65,KwaZulu-Natal,Rural,Prepaid,4G Smartphone,Voucher Top-Up,Excellent,None,Minimal / No Impact,High Active,4.5,150.3
2026-01-22,VP_12020,58,KwaZulu-Natal,Urban,Postpaid Contract,5G Smartphone,Mobile App / EFT,Excellent,SIM Swap / Technical,Severe (Stage 4+),Moderate,33.2,584.72
2026-05-15,VP_12021,30,Gauteng,Suburban,Prepaid,5G Smartphone,Voucher Top-Up,Fair,Billing Query,Severe (Stage 4+),High Active,10.6,242.63
2026-04-03,VP_12022,60,Gauteng,Suburban,Prepaid,LTE Router/MiFi,Mobile App / EFT,Fair,Network Coverage,Minimal / No Impact,Low / Inactive,18.9,368.27
2026-01-18,VP_12023,62,Limpopo,Rural,Prepaid,Legacy Feature Phone,Debit Order,Good,Billing Query,Moderate (Stage 1-3),Moderate,5.8,169.98
2026-05-15,VP_12024,42,Limpopo,Rural,Prepaid,4G Smartphone,Debit Order,Good,None,Moderate (Stage 1-3),Moderate,60.2,993.41
2026-05-20,VP_12025,70,KwaZulu-Natal,Urban,Prepaid,4G Smartphone,Mobile App / EFT,Good,Billing Query,Moderate (Stage 1-3),High Active,26.7,486.33
2026-05-10,VP_12026,59,Gauteng,Suburban,Prepaid,LTE Router/MiFi,Voucher Top-Up,Excellent,None,Severe (Stage 4+),High Active,25.9,474.22
2026-05-10,VP_12027,53,Gauteng,Urban,Postpaid Contract,4G Smartphone,Debit Order,Excellent,None,Severe (Stage 4+),Moderate,27.8,502.98
2026-05-22,VP_12028,44,KwaZulu-Natal,Urban,Postpaid Contract,5G Smartphone,Voucher Top-Up,Excellent,Network Coverage,Minimal / No Impact,Low / Inactive,24.4,451.52
2026-01-06,VP_12029,55,Limpopo,Suburban,Prepaid,5G Smartphone,Mobile App / EFT,Good,None,Severe (Stage 4+),Moderate,6.6,182.09
2026-04-10,VP_12030,24,Gauteng,Urban,Enterprise Hybrid,5G Smartphone,Debit Order,Excellent,Network Coverage,Moderate (Stage 1-3),Low / Inactive,8.3,207.82
2026-05-01,VP_12031,22,Eastern Cape,Suburban,Prepaid,5G Smartphone,Debit Order,Excellent,None,Moderate (Stage 1-3),Low / Inactive,15.6,318.32
2026-01-12,VP_12032,60,Gauteng,Urban,Prepaid,5G Smartphone,Debit Order,Excellent,Billing Query,Severe (Stage 4+),High Active,25,460.6
2026-06-12,VP_12033,62,Limpopo,Suburban,Postpaid Contract,5G Smartphone,Credit Card,Excellent,None,Moderate (Stage 1-3),Low / Inactive,29.9,534.77
2026-04-10,VP_12034,74,KwaZulu-Natal,Rural,Postpaid Contract,5G Smartphone,Credit Card,Excellent,None,Moderate (Stage 1-3),Moderate,8.9,216.9
2026-04-06,VP_12035,68,Eastern Cape,Urban,Postpaid Contract,5G Smartphone,Voucher Top-Up,Excellent,None,Minimal / No Impact,Low / Inactive,14.5,301.67
2026-03-06,VP_12036,48,Gauteng,Suburban,Prepaid,4G Smartphone,Voucher Top-Up,Excellent,None,Severe (Stage 4+),Moderate,52.7,879.88
2026-01-05,VP_12037,40,Western Cape,Rural,Prepaid,5G Smartphone,Debit Order,Excellent,None,Severe (Stage 4+),High Active,12.5,271.39
2026-04-02,VP_12038,59,Gauteng,Urban,Postpaid Contract,4G Smartphone,Debit Order,Excellent,None,Minimal / No Impact,Low / Inactive,34.2,599.86
2026-01-18,VP_12039,27,Gauteng,Urban,Prepaid,5G Smartphone,Mobile App / EFT,Excellent,Billing Query,Moderate (Stage 1-3),High Active,3.9,141.22
2026-03-30,VP_12040,49,Limpopo,Suburban,Postpaid Contract,4G Smartphone,Debit Order,Excellent,None,Moderate (Stage 1-3),Low / Inactive,12.8,275.93
2026-03-03,VP_12041,60,Limpopo,Urban,Prepaid,Legacy Feature Phone,Voucher Top-Up,Good,None,Moderate (Stage 1-3),High Active,38.3,661.92
2026-06-18,VP_12042,70,Limpopo,Urban,Postpaid Contract,4G Smartphone,Voucher Top-Up,Excellent,None,Moderate (Stage 1-3),Moderate,44.2,751.22
2026-06-10,VP_12043,47,Western Cape,Suburban,Prepaid,4G Smartphone,Debit Order,Excellent,SIM Swap / Technical,Moderate (Stage 1-3),Moderate,22.8,427.3
2026-01-27,VP_12044,56,Eastern Cape,Urban,Prepaid,LTE Router/MiFi,Voucher Top-Up,Excellent,SIM Swap / Technical,Severe (Stage 4+),Low / Inactive,2,112.46
2026-05-29,VP_12045,48,Gauteng,Rural,Prepaid,5G Smartphone,Voucher Top-Up,Excellent,None,Moderate (Stage 1-3),High Active,1.8,109.43
2026-03-27,VP_12046,35,Gauteng,Suburban,Postpaid Contract,Legacy Feature Phone,Voucher Top-Up,Excellent,None,Severe (Stage 4+),Moderate,21.5,407.62
2026-02-04,VP_12047,53,Gauteng,Suburban,Postpaid Contract,4G Smartphone,Debit Order,Poor / Frequent Drops,None,Minimal / No Impact,Moderate,23,430.33
2026-01-12,VP_12048,19,Western Cape,Urban,Prepaid,4G Smartphone,Debit Order,Fair,None,Severe (Stage 4+),Low / Inactive,63.9,1049.41
2026-04-01,VP_12049,31,KwaZulu-Natal,Urban,Postpaid Contract,5G Smartphone,Voucher Top-Up,Excellent,None,Minimal / No Impact,Moderate,9.2,221.44
2026-05-20,VP_12050,30,Gauteng,Urban,Prepaid,4G Smartphone,Credit Card,Good,None,Moderate (Stage 1-3),Moderate,5.6,166.95
2026-03-28,VP_12051,46,Western Cape,Rural,Prepaid,4G Smartphone,Debit Order,Excellent,None,Severe (Stage 4+),Moderate,15,309.23
2026-06-14,VP_12052,29,Eastern Cape,Urban,Prepaid,4G Smartphone,Credit Card,Excellent,None,Moderate (Stage 1-3),High Active,11.9,262.31
2026-02-14,VP_12053,56,KwaZulu-Natal,Urban,Prepaid,4G Smartphone,Voucher Top-Up,Good,None,Severe (Stage 4+),Low / Inactive,27.2,493.9
2026-06-25,VP_12054,19,Gauteng,Urban,Prepaid,5G Smartphone,Mobile App / EFT,Excellent,None,Severe (Stage 4+),High Active,30.6,545.36
2026-04-29,VP_12055,49,Gauteng,Urban,Prepaid,5G Smartphone,Debit Order,Good,Network Coverage,Severe (Stage 4+),Moderate,14.6,303.18
2026-06-28,VP_12056,30,Gauteng,Urban,Postpaid Contract,4G Smartphone,Debit Order,Good,Network Coverage,Minimal / No Impact,Moderate,29.5,528.71
2026-05-03,VP_12057,63,Gauteng,Suburban,Postpaid Contract,5G Smartphone,Debit Order,Good,Network Coverage,Severe (Stage 4+),High Active,7,188.14
2026-06-11,VP_12058,44,Western Cape,Urban,Postpaid Contract,5G Smartphone,Voucher Top-Up,Poor / Frequent Drops,None,Minimal / No Impact,Moderate,20.4,390.97
2026-02-16,VP_12059,66,Western Cape,Urban,Prepaid,5G Smartphone,Credit Card,Fair,None,Severe (Stage 4+),Low / Inactive,1,97.32
2026-02-04,VP_12060,58,Western Cape,Urban,Enterprise Hybrid,5G Smartphone,Debit Order,Fair,None,Moderate (Stage 1-3),Moderate,9,218.41
2026-01-17,VP_12061,34,KwaZulu-Natal,Suburban,Postpaid Contract,4G Smartphone,Voucher Top-Up,Excellent,None,Minimal / No Impact,High Active,25.4,466.65
2026-04-28,VP_12062,57,Eastern Cape,Suburban,Prepaid,5G Smartphone,Debit Order,Excellent,None,Minimal / No Impact,High Active,51,854.15
2026-01-10,VP_12063,48,Gauteng,Urban,Postpaid Contract,LTE Router/MiFi,Voucher Top-Up,Good,Network Coverage,Severe (Stage 4+),Low / Inactive,7.9,201.76
2026-03-17,VP_12064,51,KwaZulu-Natal,Suburban,Prepaid,4G Smartphone,Debit Order,Poor / Frequent Drops,SIM Swap / Technical,Moderate (Stage 1-3),Moderate,20.8,397.03
2026-02-21,VP_12065,41,Eastern Cape,Urban,Prepaid,4G Smartphone,Debit Order,Good,Network Coverage,Severe (Stage 4+),Low / Inactive,7.7,198.74
2026-01-12,VP_12066,62,Gauteng,Rural,Prepaid,5G Smartphone,Debit Order,Poor / Frequent Drops,Billing Query,Moderate (Stage 1-3),Moderate,12.2,266.85
2026-02-21,VP_12067,52,Gauteng,Urban,Prepaid,4G Smartphone,Mobile App / EFT,Excellent,None,Moderate (Stage 1-3),Moderate,23.8,442.44
2026-01-11,VP_12068,65,Limpopo,Suburban,Postpaid Contract,4G Smartphone,Debit Order,Excellent,Billing Query,Moderate (Stage 1-3),Moderate,6.4,179.06
2026-03-22,VP_12069,23,Gauteng,Rural,Prepaid,Legacy Feature Phone,Debit Order,Excellent,SIM Swap / Technical,Moderate (Stage 1-3),Moderate,12.2,266.85
2026-03-21,VP_12070,36,Western Cape,Suburban,Prepaid,4G Smartphone,Debit Order,Good,None,Severe (Stage 4+),Low / Inactive,19.1,371.29
2026-05-12,VP_12071,47,Gauteng,Urban,Enterprise Hybrid,4G Smartphone,Credit Card,Fair,None,Severe (Stage 4+),Moderate,20.2,387.94
2026-04-12,VP_12072,24,Western Cape,Urban,Enterprise Hybrid,LTE Router/MiFi,Voucher Top-Up,Excellent,None,Severe (Stage 4+),High Active,17.6,348.59
2026-05-20,VP_12073,27,Gauteng,Suburban,Postpaid Contract,5G Smartphone,Voucher Top-Up,Poor / Frequent Drops,None,Minimal / No Impact,Moderate,19.1,371.29
2026-05-02,VP_12074,58,Gauteng,Urban,Prepaid,5G Smartphone,Voucher Top-Up,Good,None,Severe (Stage 4+),Moderate,9.5,225.98
2026-03-06,VP_12075,49,Western Cape,Suburban,Prepaid,4G Smartphone,Debit Order,Good,Network Coverage,Moderate (Stage 1-3),Low / Inactive,8.3,207.82
2026-01-10,VP_12076,51,Gauteng,Suburban,Postpaid Contract,5G Smartphone,Voucher Top-Up,Fair,None,Moderate (Stage 1-3),Low / Inactive,6.6,182.09
2026-06-15,VP_12077,45,KwaZulu-Natal,Suburban,Prepaid,5G Smartphone,Debit Order,Excellent,Billing Query,Moderate (Stage 1-3),Moderate,7.5,195.71
2026-02-18,VP_12078,32,Gauteng,Urban,Prepaid,4G Smartphone,Voucher Top-Up,Fair,None,Moderate (Stage 1-3),Moderate,6.9,186.63
2026-03-15,VP_12079,47,Gauteng,Suburban,Prepaid,5G Smartphone,Voucher Top-Up,Excellent,None,Moderate (Stage 1-3),Moderate,17.8,351.62
2026-04-02,VP_12080,54,Gauteng,Suburban,Prepaid,4G Smartphone,Voucher Top-Up,Excellent,None,Moderate (Stage 1-3),Low / Inactive,7.6,197.22
2026-01-13,VP_12081,46,Gauteng,Suburban,Prepaid,LTE Router/MiFi,Debit Order,Good,Billing Query,Moderate (Stage 1-3),Low / Inactive,19.2,372.81
2026-06-17,VP_12082,39,Limpopo,Urban,Prepaid,5G Smartphone,Debit Order,Poor / Frequent Drops,None,Minimal / No Impact,Low / Inactive,14.8,306.21
2026-03-26,VP_12083,21,Gauteng,Urban,Prepaid,5G Smartphone,Mobile App / EFT,Good,SIM Swap / Technical,Minimal / No Impact,High Active,21.8,412.16
2026-03-11,VP_12084,37,KwaZulu-Natal,Urban,Prepaid,5G Smartphone,Voucher Top-Up,Good,Billing Query,Moderate (Stage 1-3),Moderate,16.9,337.99
2026-02-01,VP_12085,49,Gauteng,Urban,Prepaid,5G Smartphone,Debit Order,Fair,Billing Query,Severe (Stage 4+),High Active,15.7,319.83
2026-04-05,VP_12086,53,Gauteng,Suburban,Prepaid,5G Smartphone,Debit Order,Excellent,Network Coverage,Moderate (Stage 1-3),Moderate,33.1,583.21
2026-04-22,VP_12087,67,Limpopo,Rural,Postpaid Contract,5G Smartphone,Mobile App / EFT,Fair,SIM Swap / Technical,Moderate (Stage 1-3),High Active,31,551.42
2026-04-13,VP_12088,21,Gauteng,Urban,Postpaid Contract,4G Smartphone,Mobile App / EFT,Good,None,Moderate (Stage 1-3),High Active,20.7,395.51
2026-04-23,VP_12089,44,Limpopo,Suburban,Prepaid,5G Smartphone,Credit Card,Excellent,Network Coverage,Moderate (Stage 1-3),Moderate,30.6,545.36
2026-04-09,VP_12090,34,Gauteng,Urban,Prepaid,4G Smartphone,Debit Order,Excellent,None,Moderate (Stage 1-3),Moderate,7.5,195.71
2026-03-28,VP_12091,29,Western Cape,Urban,Prepaid,LTE Router/MiFi,Voucher Top-Up,Excellent,None,Moderate (Stage 1-3),High Active,12.5,271.39
2026-02-17,VP_12092,39,KwaZulu-Natal,Urban,Prepaid,4G Smartphone,Debit Order,Excellent,None,Severe (Stage 4+),High Active,12.8,275.93
2026-05-08,VP_12093,34,Limpopo,Urban,Prepaid,4G Smartphone,Voucher Top-Up,Excellent,None,Moderate (Stage 1-3),Moderate,19.7,380.38
2026-06-27,VP_12094,27,KwaZulu-Natal,Rural,Prepaid,5G Smartphone,Debit Order,Excellent,None,Severe (Stage 4+),High Active,4.2,145.76
2026-05-08,VP_12095,71,KwaZulu-Natal,Urban,Postpaid Contract,4G Smartphone,Debit Order,Good,None,Moderate (Stage 1-3),Moderate,20.5,392.48
2026-04-05,VP_12096,18,Gauteng,Suburban,Postpaid Contract,5G Smartphone,Debit Order,Good,Billing Query,Severe (Stage 4+),Moderate,25.2,463.63
2026-05-13,VP_12097,39,Gauteng,Urban,Prepaid,5G Smartphone,Voucher Top-Up,Good,None,Severe (Stage 4+),Low / Inactive,24.6,454.54
2026-03-10,VP_12098,43,Limpopo,Rural,Prepaid,4G Smartphone,Voucher Top-Up,Excellent,None,Severe (Stage 4+),High Active,3.8,139.7
2026-01-22,VP_12099,73,Gauteng,Urban,Postpaid Contract,5G Smartphone,Voucher Top-Up,Fair,Network Coverage,Minimal / No Impact,High Active,4.6,151.81
2026-04-19,VP_12100,35,KwaZulu-Natal,Urban,Prepaid,5G Smartphone,Mobile App / EFT,Excellent,None,Moderate (Stage 1-3),Moderate,9.3,222.95
2026-01-21,VP_12101,67,Eastern Cape,Urban,Postpaid Contract,LTE Router/MiFi,Voucher Top-Up,Good,None,Moderate (Stage 1-3),Low / Inactive,52.1,870.8
2026-04-21,VP_12102,31,Gauteng,Urban,Prepaid,LTE Router/MiFi,Voucher Top-Up,Excellent,SIM Swap / Technical,Moderate (Stage 1-3),High Active,20.9,398.54
2026-06-04,VP_12103,64,Limpopo,Urban,Postpaid Contract,5G Smartphone,Credit Card,Good,None,Moderate (Stage 1-3),High Active,4.8,154.84
2026-02-16,VP_12104,46,Western Cape,Rural,Enterprise Hybrid,5G Smartphone,Voucher Top-Up,Excellent,None,Moderate (Stage 1-3),Low / Inactive,21.9,413.68
2026-05-20,VP_12105,29,Western Cape,Suburban,Enterprise Hybrid,4G Smartphone,Debit Order,Fair,Billing Query,Moderate (Stage 1-3),High Active,17.6,348.59
2026-03-17,VP_12106,53,Limpopo,Suburban,Prepaid,4G Smartphone,Credit Card,Fair,None,Severe (Stage 4+),High Active,24,445.46
2026-03-24,VP_12107,52,Gauteng,Urban,Prepaid,5G Smartphone,Debit Order,Good,None,Severe (Stage 4+),Low / Inactive,15.5,316.8
2026-01-27,VP_12108,69,Gauteng,Urban,Prepaid,4G Smartphone,Voucher Top-Up,Excellent,Network Coverage,Severe (Stage 4+),Low / Inactive,16,324.37
2026-01-21,VP_12109,29,KwaZulu-Natal,Urban,Enterprise Hybrid,Legacy Feature Phone,Debit Order,Excellent,None,Moderate (Stage 1-3),Moderate,9.1,219.93
2026-03-25,VP_12110,24,Gauteng,Rural,Prepaid,5G Smartphone,Voucher Top-Up,Poor / Frequent Drops,None,Severe (Stage 4+),Low / Inactive,61.1,1007.03
2026-06-19,VP_12111,46,Western Cape,Suburban,Prepaid,LTE Router/MiFi,Voucher Top-Up,Good,None,Moderate (Stage 1-3),Moderate,12.1,265.34
2026-03-17,VP_12112,28,Limpopo,Rural,Prepaid,Legacy Feature Phone,Debit Order,Poor / Frequent Drops,Billing Query,Moderate (Stage 1-3),High Active,14.2,297.12
2026-03-20,VP_12113,50,KwaZulu-Natal,Suburban,Prepaid,5G Smartphone,Voucher Top-Up,Excellent,Billing Query,Severe (Stage 4+),Moderate,10.7,244.15
2026-04-25,VP_12114,23,Gauteng,Urban,Prepaid,4G Smartphone,Mobile App / EFT,Poor / Frequent Drops,Network Coverage,Minimal / No Impact,Moderate,1.8,109.43
2026-06-04,VP_12115,64,Limpopo,Urban,Prepaid,5G Smartphone,Debit Order,Poor / Frequent Drops,None,Minimal / No Impact,Moderate,4.3,147.27
2026-04-20,VP_12116,32,KwaZulu-Natal,Urban,Prepaid,4G Smartphone,Voucher Top-Up,Good,Billing Query,Severe (Stage 4+),Low / Inactive,18.1,356.16
2026-02-12,VP_12117,49,KwaZulu-Natal,Urban,Prepaid,4G Smartphone,Debit Order,Excellent,Billing Query,Minimal / No Impact,High Active,11.7,259.28
2026-06-26,VP_12118,68,KwaZulu-Natal,Urban,Enterprise Hybrid,5G Smartphone,Mobile App / EFT,Good,None,Moderate (Stage 1-3),Moderate,3.3,132.14
2026-04-24,VP_12119,28,Limpopo,Urban,Postpaid Contract,4G Smartphone,Voucher Top-Up,Poor / Frequent Drops,SIM Swap / Technical,Moderate (Stage 1-3),Moderate,26.4,481.79
2026-03-31,VP_12120,40,KwaZulu-Natal,Suburban,Postpaid Contract,4G Smartphone,Mobile App / EFT,Fair,Network Coverage,Severe (Stage 4+),High Active,25.8,472.71
2026-04-25,VP_12121,43,Eastern Cape,Rural,Prepaid,5G Smartphone,Debit Order,Excellent,None,Severe (Stage 4+),Moderate,23,430.33
2026-01-11,VP_12122,51,Eastern Cape,Suburban,Postpaid Contract,5G Smartphone,Debit Order,Excellent,Billing Query,Minimal / No Impact,Moderate,17.1,341.02
2026-04-01,VP_12123,63,Gauteng,Rural,Prepaid,5G Smartphone,Debit Order,Fair,Billing Query,Minimal / No Impact,Low / Inactive,45.5,770.9
2026-06-07,VP_12124,51,KwaZulu-Natal,Urban,Prepaid,4G Smartphone,Debit Order,Good,None,Moderate (Stage 1-3),Low / Inactive,11,248.69
2026-04-22,VP_12125,46,Eastern Cape,Urban,Prepaid,Legacy Feature Phone,Voucher Top-Up,Fair,Network Coverage,Minimal / No Impact,Moderate,17.1,341.02
2026-03-12,VP_12126,21,KwaZulu-Natal,Suburban,Prepaid,4G Smartphone,Credit Card,Fair,Billing Query,Moderate (Stage 1-3),Moderate,5.9,171.49
2026-06-13,VP_12127,34,Eastern Cape,Urban,Prepaid,4G Smartphone,Voucher Top-Up,Poor / Frequent Drops,Billing Query,Severe (Stage 4+),Moderate,3.8,139.7
2026-01-15,VP_12128,52,Limpopo,Urban,Enterprise Hybrid,4G Smartphone,Credit Card,Excellent,None,Moderate (Stage 1-3),Moderate,41.3,707.33
2026-01-20,VP_12129,30,Western Cape,Urban,Prepaid,5G Smartphone,Debit Order,Excellent,None,Severe (Stage 4+),High Active,22.9,428.81
2026-06-21,VP_12130,58,Western Cape,Urban,Prepaid,5G Smartphone,Credit Card,Excellent,None,Moderate (Stage 1-3),Moderate,20.9,398.54
2026-06-13,VP_12131,56,Eastern Cape,Urban,Prepaid,4G Smartphone,Debit Order,Poor / Frequent Drops,Billing Query,Minimal / No Impact,Moderate,59.1,976.76
2026-04-14,VP_12132,32,Eastern Cape,Urban,Prepaid,4G Smartphone,Credit Card,Good,None,Moderate (Stage 1-3),Moderate,3,127.59
2026-04-04,VP_12133,72,KwaZulu-Natal,Urban,Prepaid,4G Smartphone,Debit Order,Excellent,None,Moderate (Stage 1-3),Low / Inactive,4.8,154.84
2026-05-12,VP_12134,46,Gauteng,Suburban,Prepaid,Legacy Feature Phone,Credit Card,Excellent,None,Moderate (Stage 1-3),High Active,52.3,873.83
2026-06-23,VP_12135,46,KwaZulu-Natal,Urban,Postpaid Contract,4G Smartphone,Debit Order,Excellent,None,Severe (Stage 4+),Moderate,17.5,347.07
2026-02-10,VP_12136,28,Western Cape,Urban,Prepaid,4G Smartphone,Debit Order,Fair,Billing Query,Moderate (Stage 1-3),Moderate,17.2,342.53
2026-01-08,VP_12137,69,KwaZulu-Natal,Urban,Prepaid,5G Smartphone,Voucher Top-Up,Good,Billing Query,Moderate (Stage 1-3),Moderate,12.2,266.85
2026-02-06,VP_12138,49,Western Cape,Urban,Postpaid Contract,Legacy Feature Phone,Voucher Top-Up,Good,None,Moderate (Stage 1-3),High Active,16.6,333.45
2026-06-05,VP_12139,19,KwaZulu-Natal,Suburban,Postpaid Contract,4G Smartphone,Voucher Top-Up,Excellent,None,Minimal / No Impact,Moderate,22,415.19
2026-06-23,VP_12140,64,Western Cape,Suburban,Postpaid Contract,LTE Router/MiFi,Credit Card,Poor / Frequent Drops,None,Severe (Stage 4+),High Active,38.8,669.48
2026-04-23,VP_12141,31,Gauteng,Suburban,Postpaid Contract,4G Smartphone,Voucher Top-Up,Excellent,None,Moderate (Stage 1-3),Low / Inactive,47.4,799.66
2026-01-09,VP_12142,37,Western Cape,Urban,Prepaid,4G Smartphone,Voucher Top-Up,Good,Billing Query,Moderate (Stage 1-3),Low / Inactive,28.6,515.09
2026-02-02,VP_12143,39,KwaZulu-Natal,Suburban,Prepaid,4G Smartphone,Debit Order,Excellent,None,Severe (Stage 4+),High Active,9.1,219.93
2026-01-18,VP_12144,28,Gauteng,Suburban,Postpaid Contract,5G Smartphone,Voucher Top-Up,Excellent,None,Moderate (Stage 1-3),High Active,33.5,589.26
2026-03-02,VP_12145,44,Gauteng,Urban,Postpaid Contract,4G Smartphone,Voucher Top-Up,Excellent,Billing Query,Severe (Stage 4+),High Active,21.8,412.16
2026-06-15,VP_12146,20,Western Cape,Urban,Prepaid,LTE Router/MiFi,Mobile App / EFT,Good,SIM Swap / Technical,Moderate (Stage 1-3),High Active,20.2,387.94
2026-04-04,VP_12147,34,KwaZulu-Natal,Urban,Prepaid,5G Smartphone,Voucher Top-Up,Good,SIM Swap / Technical,Moderate (Stage 1-3),High Active,9.9,232.04
2026-04-03,VP_12148,61,Gauteng,Suburban,Postpaid Contract,5G Smartphone,Voucher Top-Up,Excellent,SIM Swap / Technical,Severe (Stage 4+),High Active,15.5,316.8
2026-04-09,VP_12149,73,Limpopo,Suburban,Prepaid,4G Smartphone,Debit Order,Excellent,Billing Query,Minimal / No Impact,Moderate,11.3,253.23
2026-05-26,VP_12150,45,Western Cape,Urban,Prepaid,5G Smartphone,Debit Order,Fair,Billing Query,Moderate (Stage 1-3),Moderate,1.6,106.4
2026-01-09,VP_12151,46,Limpopo,Suburban,Prepaid,4G Smartphone,Voucher Top-Up,Excellent,Billing Query,Severe (Stage 4+),Moderate,19.8,381.89
2026-06-04,VP_12152,38,KwaZulu-Natal,Urban,Postpaid Contract,4G Smartphone,Debit Order,Excellent,Network Coverage,Moderate (Stage 1-3),Moderate,53.3,888.96
2026-02-09,VP_12153,64,KwaZulu-Natal,Urban,Enterprise Hybrid,5G Smartphone,Debit Order,Good,SIM Swap / Technical,Minimal / No Impact,Low / Inactive,9.6,227.5
2026-06-23,VP_12154,33,Limpopo,Rural,Prepaid,4G Smartphone,Debit Order,Fair,None,Severe (Stage 4+),Low / Inactive,20.6,394
2026-04-26,VP_12155,54,KwaZulu-Natal,Rural,Prepaid,4G Smartphone,Mobile App / EFT,Excellent,None,Moderate (Stage 1-3),Moderate,6.9,186.63
2026-04-05,VP_12156,37,Western Cape,Urban,Prepaid,LTE Router/MiFi,Debit Order,Poor / Frequent Drops,None,Moderate (Stage 1-3),High Active,31,551.42
2026-04-06,VP_12157,23,Gauteng,Urban,Prepaid,4G Smartphone,Mobile App / EFT,Excellent,Billing Query,Moderate (Stage 1-3),High Active,39.8,684.62
2026-04-24,VP_12158,36,KwaZulu-Natal,Urban,Prepaid,LTE Router/MiFi,Debit Order,Excellent,Billing Query,Severe (Stage 4+),High Active,2.2,115.49
2026-01-20,VP_12159,74,Gauteng,Urban,Prepaid,5G Smartphone,Debit Order,Excellent,Network Coverage,Moderate (Stage 1-3),Moderate,14.3,298.64
2026-05-27,VP_12160,22,Gauteng,Suburban,Prepaid,5G Smartphone,Voucher Top-Up,Good,None,Minimal / No Impact,Moderate,11.8,260.8
2026-02-05,VP_12161,20,Gauteng,Rural,Postpaid Contract,5G Smartphone,Voucher Top-Up,Excellent,None,Minimal / No Impact,Moderate,13.9,292.58
2026-05-16,VP_12162,18,Gauteng,Suburban,Postpaid Contract,4G Smartphone,Voucher Top-Up,Good,SIM Swap / Technical,Severe (Stage 4+),High Active,29.7,531.74
2026-04-04,VP_12163,55,Limpopo,Urban,Prepaid,LTE Router/MiFi,Voucher Top-Up,Excellent,None,Moderate (Stage 1-3),Low / Inactive,13.7,289.56
2026-04-12,VP_12164,32,Gauteng,Suburban,Prepaid,4G Smartphone,Debit Order,Excellent,None,Severe (Stage 4+),High Active,35.1,613.48
2026-03-22,VP_12165,51,Western Cape,Urban,Enterprise Hybrid,4G Smartphone,Voucher Top-Up,Fair,Billing Query,Moderate (Stage 1-3),High Active,1.6,106.4
2026-06-16,VP_12166,52,Eastern Cape,Rural,Prepaid,5G Smartphone,Voucher Top-Up,Good,None,Severe (Stage 4+),Moderate,18.9,368.27
2026-03-13,VP_12167,66,KwaZulu-Natal,Rural,Postpaid Contract,5G Smartphone,Debit Order,Excellent,None,Severe (Stage 4+),High Active,20.2,387.94
2026-03-05,VP_12168,42,Gauteng,Suburban,Prepaid,LTE Router/MiFi,Mobile App / EFT,Good,None,Moderate (Stage 1-3),Moderate,5.3,162.41
2026-01-30,VP_12169,41,Western Cape,Urban,Postpaid Contract,4G Smartphone,Voucher Top-Up,Good,None,Severe (Stage 4+),Low / Inactive,48.8,820.85
2026-01-07,VP_12170,29,Western Cape,Urban,Postpaid Contract,4G Smartphone,Voucher Top-Up,Excellent,None,Moderate (Stage 1-3),Low / Inactive,12.4,269.88
2026-02-17,VP_12171,35,Western Cape,Urban,Postpaid Contract,5G Smartphone,Mobile App / EFT,Good,None,Minimal / No Impact,High Active,26.4,481.79
2026-05-08,VP_12172,32,Eastern Cape,Suburban,Postpaid Contract,LTE Router/MiFi,Credit Card,Excellent,None,Minimal / No Impact,Moderate,8.9,216.9
2026-05-13,VP_12173,61,Limpopo,Urban,Enterprise Hybrid,4G Smartphone,Voucher Top-Up,Good,None,Severe (Stage 4+),Moderate,7.3,192.68
2026-04-10,VP_12174,33,Western Cape,Urban,Prepaid,4G Smartphone,Debit Order,Fair,Billing Query,Moderate (Stage 1-3),Low / Inactive,29,521.15
2026-05-24,VP_12175,44,Gauteng,Urban,Prepaid,5G Smartphone,Credit Card,Excellent,None,Moderate (Stage 1-3),Low / Inactive,8.1,204.79
2026-01-31,VP_12176,25,Western Cape,Suburban,Prepaid,4G Smartphone,Debit Order,Excellent,None,Moderate (Stage 1-3),High Active,14,294.1
2026-03-09,VP_12177,63,Gauteng,Urban,Postpaid Contract,LTE Router/MiFi,Debit Order,Excellent,None,Minimal / No Impact,Low / Inactive,9.7,229.01
2026-03-08,VP_12178,42,Limpopo,Rural,Postpaid Contract,LTE Router/MiFi,Debit Order,Poor / Frequent Drops,None,Moderate (Stage 1-3),High Active,27.8,502.98
2026-06-30,VP_12179,34,Gauteng,Rural,Prepaid,5G Smartphone,Voucher Top-Up,Good,None,Moderate (Stage 1-3),Moderate,11.5,256.26
2026-04-25,VP_12180,46,Gauteng,Rural,Prepaid,5G Smartphone,Credit Card,Excellent,None,Severe (Stage 4+),Moderate,6,173
2026-02-24,VP_12181,70,Eastern Cape,Urban,Postpaid Contract,4G Smartphone,Voucher Top-Up,Good,SIM Swap / Technical,Moderate (Stage 1-3),High Active,22,415.19
2026-06-06,VP_12182,25,Western Cape,Urban,Prepaid,5G Smartphone,Credit Card,Excellent,Network Coverage,Moderate (Stage 1-3),Low / Inactive,45.3,767.87
2026-03-15,VP_12183,32,KwaZulu-Natal,Urban,Prepaid,4G Smartphone,Debit Order,Good,None,Severe (Stage 4+),Moderate,30.8,548.39
2026-06-27,VP_12184,44,KwaZulu-Natal,Urban,Postpaid Contract,5G Smartphone,Debit Order,Good,None,Severe (Stage 4+),Low / Inactive,31.4,557.47
2026-05-06,VP_12185,63,Eastern Cape,Urban,Prepaid,5G Smartphone,Voucher Top-Up,Poor / Frequent Drops,None,Severe (Stage 4+),Low / Inactive,10,233.55
2026-02-21,VP_12186,67,Gauteng,Suburban,Prepaid,4G Smartphone,Credit Card,Excellent,None,Severe (Stage 4+),Low / Inactive,19.1,371.29
2026-02-01,VP_12187,69,Eastern Cape,Urban,Prepaid,4G Smartphone,Voucher Top-Up,Good,Billing Query,Severe (Stage 4+),Moderate,12.3,268.36
2026-02-04,VP_12188,24,Gauteng,Rural,Prepaid,4G Smartphone,Debit Order,Good,None,Severe (Stage 4+),Moderate,6.6,182.09
2026-01-19,VP_12189,20,Eastern Cape,Urban,Prepaid,Legacy Feature Phone,Debit Order,Fair,Network Coverage,Severe (Stage 4+),Moderate,22.4,421.24
2026-04-26,VP_12190,46,Eastern Cape,Suburban,Prepaid,5G Smartphone,Debit Order,Good,SIM Swap / Technical,Moderate (Stage 1-3),Low / Inactive,20.6,394
2026-02-14,VP_12191,61,Gauteng,Suburban,Prepaid,4G Smartphone,Debit Order,Good,None,Moderate (Stage 1-3),High Active,14.9,307.72
2026-04-24,VP_12192,70,KwaZulu-Natal,Suburban,Prepaid,5G Smartphone,Debit Order,Excellent,None,Moderate (Stage 1-3),Moderate,37.6,651.32
2026-01-23,VP_12193,41,Gauteng,Rural,Prepaid,4G Smartphone,Credit Card,Good,None,Minimal / No Impact,Low / Inactive,3.9,141.22
2026-06-24,VP_12194,20,Western Cape,Suburban,Prepaid,5G Smartphone,Voucher Top-Up,Fair,None,Moderate (Stage 1-3),Low / Inactive,25.4,466.65
2026-03-23,VP_12195,37,KwaZulu-Natal,Rural,Enterprise Hybrid,5G Smartphone,Voucher Top-Up,Poor / Frequent Drops,SIM Swap / Technical,Moderate (Stage 1-3),Low / Inactive,22.7,425.79
2026-06-20,VP_12196,63,Western Cape,Urban,Prepaid,5G Smartphone,Debit Order,Good,None,Minimal / No Impact,High Active,2.8,124.57
2026-03-30,VP_12197,32,Gauteng,Urban,Postpaid Contract,5G Smartphone,Debit Order,Excellent,None,Severe (Stage 4+),Moderate,22.2,418.22
2026-01-17,VP_12198,42,Gauteng,Urban,Postpaid Contract,LTE Router/MiFi,Voucher Top-Up,Fair,Billing Query,Moderate (Stage 1-3),Moderate,3.7,138.19
2026-05-21,VP_12199,47,Gauteng,Urban,Prepaid,4G Smartphone,Mobile App / EFT,Excellent,None,Moderate (Stage 1-3),Moderate,11.7,259.28
2026-05-19,VP_12200,31,Gauteng,Urban,Postpaid Contract,Legacy Feature Phone,Voucher Top-Up,Excellent,None,Moderate (Stage 1-3),Moderate,12.9,277.45
2026-03-16,VP_12201,24,KwaZulu-Natal,Urban,Prepaid,4G Smartphone,Mobile App / EFT,Good,None,Severe (Stage 4+),High Active,9.3,222.95
2026-03-18,VP_12202,34,Eastern Cape,Urban,Postpaid Contract,5G Smartphone,Mobile App / EFT,Excellent,Billing Query,Minimal / No Impact,Low / Inactive,8.8,215.39
2026-02-10,VP_12203,61,Western Cape,Urban,Prepaid,5G Smartphone,Debit Order,Poor / Frequent Drops,None,Severe (Stage 4+),Low / Inactive,9.5,225.98
2026-06-29,VP_12204,37,KwaZulu-Natal,Urban,Postpaid Contract,5G Smartphone,Debit Order,Good,Billing Query,Minimal / No Impact,High Active,18.1,356.16
2026-06-13,VP_12205,53,Limpopo,Rural,Prepaid,5G Smartphone,Voucher Top-Up,Good,None,Moderate (Stage 1-3),High Active,34.3,601.37
2026-02-14,VP_12206,26,Western Cape,Urban,Postpaid Contract,4G Smartphone,Voucher Top-Up,Good,None,Moderate (Stage 1-3),High Active,23.9,443.95
2026-04-03,VP_12207,55,Limpopo,Suburban,Prepaid,4G Smartphone,Debit Order,Fair,None,Severe (Stage 4+),Moderate,27.5,498.44
2026-05-11,VP_12208,65,KwaZulu-Natal,Urban,Postpaid Contract,5G Smartphone,Voucher Top-Up,Good,SIM Swap / Technical,Moderate (Stage 1-3),Low / Inactive,43.5,740.63
2026-02-27,VP_12209,74,Gauteng,Rural,Prepaid,5G Smartphone,Voucher Top-Up,Excellent,None,Severe (Stage 4+),High Active,38,657.38
2026-02-01,VP_12210,39,Gauteng,Rural,Postpaid Contract,5G Smartphone,Credit Card,Fair,None,Severe (Stage 4+),Moderate,27,490.87
2026-02-21,VP_12211,71,Western Cape,Suburban,Prepaid,5G Smartphone,Debit Order,Excellent,SIM Swap / Technical,Minimal / No Impact,High Active,4.9,156.35
2026-02-05,VP_12212,70,Gauteng,Suburban,Prepaid,5G Smartphone,Debit Order,Excellent,SIM Swap / Technical,Moderate (Stage 1-3),Low / Inactive,11.5,256.26
2026-03-02,VP_12213,70,Gauteng,Urban,Postpaid Contract,4G Smartphone,Voucher Top-Up,Good,Network Coverage,Moderate (Stage 1-3),Low / Inactive,2.4,118.51
2026-05-07,VP_12214,19,KwaZulu-Natal,Rural,Enterprise Hybrid,5G Smartphone,Voucher Top-Up,Excellent,None,Minimal / No Impact,Low / Inactive,4.6,151.81
2026-01-07,VP_12215,41,KwaZulu-Natal,Rural,Prepaid,4G Smartphone,Voucher Top-Up,Poor / Frequent Drops,None,Severe (Stage 4+),High Active,12.6,272.91
2026-04-03,VP_12216,25,Western Cape,Rural,Enterprise Hybrid,5G Smartphone,Credit Card,Good,None,Moderate (Stage 1-3),Moderate,17.4,345.56
2026-05-22,VP_12217,28,Gauteng,Suburban,Postpaid Contract,5G Smartphone,Mobile App / EFT,Poor / Frequent Drops,Network Coverage,Moderate (Stage 1-3),High Active,34.5,604.4
2026-05-27,VP_12218,30,KwaZulu-Natal,Urban,Postpaid Contract,4G Smartphone,Voucher Top-Up,Excellent,None,Moderate (Stage 1-3),Moderate,28,506.01
2026-04-05,VP_12219,34,Western Cape,Rural,Prepaid,4G Smartphone,Debit Order,Poor / Frequent Drops,None,Minimal / No Impact,High Active,41.1,704.3
2026-04-30,VP_12220,25,Limpopo,Urban,Prepaid,5G Smartphone,Voucher Top-Up,Excellent,None,Minimal / No Impact,Low / Inactive,6.7,183.6
2026-05-22,VP_12221,38,Western Cape,Suburban,Postpaid Contract,LTE Router/MiFi,Voucher Top-Up,Excellent,None,Moderate (Stage 1-3),Moderate,40.1,689.16
2026-02-03,VP_12222,35,Limpopo,Urban,Prepaid,5G Smartphone,Mobile App / EFT,Excellent,Billing Query,Moderate (Stage 1-3),Moderate,23.4,436.38
2026-06-06,VP_12223,47,Eastern Cape,Rural,Prepaid,5G Smartphone,Credit Card,Good,Network Coverage,Moderate (Stage 1-3),Low / Inactive,31.1,552.93
2026-01-23,VP_12224,35,Western Cape,Urban,Prepaid,4G Smartphone,Voucher Top-Up,Excellent,Billing Query,Moderate (Stage 1-3),Moderate,19.6,378.86
2026-01-17,VP_12225,63,Gauteng,Urban,Prepaid,4G Smartphone,Voucher Top-Up,Good,None,Moderate (Stage 1-3),High Active,23.1,431.84
2026-03-21,VP_12226,64,Western Cape,Suburban,Postpaid Contract,5G Smartphone,Debit Order,Excellent,Network Coverage,Severe (Stage 4+),Moderate,17.1,341.02
2026-04-12,VP_12227,48,Western Cape,Suburban,Postpaid Contract,5G Smartphone,Debit Order,Excellent,None,Severe (Stage 4+),Low / Inactive,13.5,286.53
2026-05-03,VP_12228,55,Western Cape,Suburban,Prepaid,LTE Router/MiFi,Debit Order,Good,None,Minimal / No Impact,Moderate,18,354.64
2026-05-15,VP_12229,49,KwaZulu-Natal,Urban,Prepaid,5G Smartphone,Debit Order,Excellent,None,Severe (Stage 4+),Moderate,22.3,419.73
2026-04-16,VP_12230,28,KwaZulu-Natal,Urban,Prepaid,5G Smartphone,Voucher Top-Up,Fair,None,Moderate (Stage 1-3),Low / Inactive,50.4,845.07
2026-04-15,VP_12231,62,Gauteng,Suburban,Prepaid,4G Smartphone,Debit Order,Good,None,Minimal / No Impact,Moderate,9.5,225.98
2026-05-28,VP_12232,42,KwaZulu-Natal,Rural,Prepaid,LTE Router/MiFi,Voucher Top-Up,Poor / Frequent Drops,None,Moderate (Stage 1-3),Low / Inactive,9.7,229.01
2026-01-19,VP_12233,50,Gauteng,Suburban,Postpaid Contract,5G Smartphone,Voucher Top-Up,Excellent,SIM Swap / Technical,Moderate (Stage 1-3),High Active,11.9,262.31
2026-02-02,VP_12234,55,Eastern Cape,Urban,Postpaid Contract,4G Smartphone,Voucher Top-Up,Poor / Frequent Drops,Network Coverage,Severe (Stage 4+),Moderate,42.6,727
2026-03-23,VP_12235,58,Gauteng,Rural,Prepaid,4G Smartphone,Voucher Top-Up,Good,None,Minimal / No Impact,High Active,34.7,607.42
2026-06-14,VP_12236,25,Gauteng,Urban,Postpaid Contract,4G Smartphone,Debit Order,Poor / Frequent Drops,None,Severe (Stage 4+),Moderate,20,384.92
2026-01-19,VP_12237,28,KwaZulu-Natal,Urban,Prepaid,4G Smartphone,Credit Card,Excellent,None,Moderate (Stage 1-3),High Active,15.4,315.29
2026-04-26,VP_12238,39,Western Cape,Urban,Postpaid Contract,Legacy Feature Phone,Debit Order,Good,None,Moderate (Stage 1-3),High Active,7.1,189.65
2026-04-30,VP_12239,68,KwaZulu-Natal,Urban,Prepaid,5G Smartphone,Credit Card,Fair,None,Moderate (Stage 1-3),High Active,4,142.73
2026-06-24,VP_12240,41,Gauteng,Suburban,Postpaid Contract,5G Smartphone,Debit Order,Excellent,None,Severe (Stage 4+),Moderate,13.7,289.56
2026-05-13,VP_12241,58,KwaZulu-Natal,Urban,Prepaid,LTE Router/MiFi,Voucher Top-Up,Good,Billing Query,Moderate (Stage 1-3),High Active,6.5,180.57
2026-03-30,VP_12242,34,Gauteng,Urban,Prepaid,4G Smartphone,Debit Order,Fair,None,Severe (Stage 4+),Low / Inactive,33.4,587.75
2026-02-02,VP_12243,29,Limpopo,Urban,Prepaid,4G Smartphone,Debit Order,Good,None,Moderate (Stage 1-3),High Active,19,369.78
2026-05-22,VP_12244,74,Limpopo,Urban,Prepaid,4G Smartphone,Voucher Top-Up,Excellent,Billing Query,Moderate (Stage 1-3),Moderate,16.3,328.91
2026-06-13,VP_12245,63,KwaZulu-Natal,Suburban,Prepaid,4G Smartphone,Voucher Top-Up,Good,Billing Query,Severe (Stage 4+),High Active,5.6,166.95
2026-05-31,VP_12246,49,Gauteng,Urban,Prepaid,4G Smartphone,Debit Order,Excellent,None,Moderate (Stage 1-3),High Active,12,263.82
2026-02-16,VP_12247,32,Western Cape,Urban,Prepaid,LTE Router/MiFi,Voucher Top-Up,Fair,None,Minimal / No Impact,Low / Inactive,16.6,333.45
2026-02-03,VP_12248,33,Gauteng,Suburban,Postpaid Contract,4G Smartphone,Debit Order,Excellent,Network Coverage,Minimal / No Impact,Low / Inactive,43,733.06
2026-04-21,VP_12249,71,KwaZulu-Natal,Suburban,Prepaid,5G Smartphone,Voucher Top-Up,Excellent,Billing Query,Moderate (Stage 1-3),Low / Inactive,17.4,345.56
2026-05-09,VP_12250,39,Gauteng,Suburban,Postpaid Contract,4G Smartphone,Credit Card,Excellent,None,Moderate (Stage 1-3),Moderate,24.5,453.03
2026-01-15,VP_12251,45,Limpopo,Urban,Prepaid,4G Smartphone,Mobile App / EFT,Good,None,Moderate (Stage 1-3),High Active,8.8,215.39
2026-02-01,VP_12252,37,Gauteng,Rural,Enterprise Hybrid,4G Smartphone,Voucher Top-Up,Poor / Frequent Drops,None,Minimal / No Impact,High Active,14.7,304.69
2026-05-13,VP_12253,50,KwaZulu-Natal,Rural,Enterprise Hybrid,4G Smartphone,Debit Order,Excellent,None,Minimal / No Impact,Moderate,4.7,153.33
2026-02-09,VP_12254,27,Western Cape,Suburban,Prepaid,5G Smartphone,Debit Order,Excellent,None,Moderate (Stage 1-3),Low / Inactive,38,657.38
2026-03-19,VP_12255,57,KwaZulu-Natal,Suburban,Postpaid Contract,4G Smartphone,Credit Card,Excellent,None,Minimal / No Impact,Low / Inactive,32.4,572.61
2026-02-12,VP_12256,49,Gauteng,Urban,Prepaid,4G Smartphone,Debit Order,Fair,Billing Query,Minimal / No Impact,High Active,49.3,828.42
2026-02-11,VP_12257,67,Limpopo,Rural,Enterprise Hybrid,4G Smartphone,Mobile App / EFT,Good,None,Minimal / No Impact,Moderate,16.5,331.94
2026-03-24,VP_12258,50,KwaZulu-Natal,Urban,Prepaid,4G Smartphone,Voucher Top-Up,Excellent,None,Moderate (Stage 1-3),High Active,2.5,120.03
2026-02-27,VP_12259,19,Western Cape,Urban,Prepaid,5G Smartphone,Credit Card,Good,None,Minimal / No Impact,Low / Inactive,15.3,313.77
2026-03-30,VP_12260,50,Gauteng,Urban,Prepaid,4G Smartphone,Voucher Top-Up,Excellent,None,Minimal / No Impact,High Active,9,218.41
2026-05-13,VP_12261,50,KwaZulu-Natal,Urban,Prepaid,4G Smartphone,Voucher Top-Up,Good,None,Severe (Stage 4+),Moderate,18.9,368.27
2026-03-14,VP_12262,58,KwaZulu-Natal,Rural,Prepaid,4G Smartphone,Voucher Top-Up,Excellent,None,Minimal / No Impact,Low / Inactive,17.2,342.53
2026-01-21,VP_12263,30,Gauteng,Suburban,Postpaid Contract,4G Smartphone,Credit Card,Fair,Billing Query,Moderate (Stage 1-3),Low / Inactive,13.7,289.56
2026-03-06,VP_12264,47,Gauteng,Suburban,Prepaid,4G Smartphone,Credit Card,Poor / Frequent Drops,None,Moderate (Stage 1-3),High Active,8.6,212.36
2026-02-20,VP_12265,50,Eastern Cape,Suburban,Prepaid,5G Smartphone,Voucher Top-Up,Fair,Billing Query,Moderate (Stage 1-3),High Active,32.7,577.15
2026-06-12,VP_12266,30,Gauteng,Urban,Prepaid,4G Smartphone,Mobile App / EFT,Good,Billing Query,Moderate (Stage 1-3),Low / Inactive,7.4,194.2
2026-05-22,VP_12267,69,Gauteng,Urban,Prepaid,5G Smartphone,Voucher Top-Up,Good,None,Minimal / No Impact,Moderate,19.4,375.83
2026-03-12,VP_12268,43,KwaZulu-Natal,Suburban,Prepaid,4G Smartphone,Mobile App / EFT,Excellent,Billing Query,Moderate (Stage 1-3),Moderate,46.5,786.04
2026-02-02,VP_12269,39,Eastern Cape,Suburban,Postpaid Contract,5G Smartphone,Mobile App / EFT,Good,SIM Swap / Technical,Moderate (Stage 1-3),High Active,31.3,555.96
2026-06-10,VP_12270,56,Gauteng,Urban,Prepaid,5G Smartphone,Voucher Top-Up,Good,None,Severe (Stage 4+),Low / Inactive,8,203.28
2026-03-19,VP_12271,19,Western Cape,Suburban,Prepaid,4G Smartphone,Voucher Top-Up,Poor / Frequent Drops,Network Coverage,Moderate (Stage 1-3),Low / Inactive,20.3,389.46
2026-06-07,VP_12272,55,Gauteng,Urban,Prepaid,4G Smartphone,Voucher Top-Up,Excellent,None,Moderate (Stage 1-3),Low / Inactive,4.5,150.3
2026-05-17,VP_12273,56,Gauteng,Urban,Prepaid,4G Smartphone,Voucher Top-Up,Fair,None,Moderate (Stage 1-3),Moderate,7,188.14
2026-01-24,VP_12274,43,Gauteng,Urban,Postpaid Contract,4G Smartphone,Mobile App / EFT,Good,None,Moderate (Stage 1-3),High Active,13.1,280.47
2026-05-09,VP_12275,63,Eastern Cape,Urban,Prepaid,4G Smartphone,Voucher Top-Up,Excellent,Billing Query,Severe (Stage 4+),High Active,14.3,298.64
2026-06-14,VP_12276,67,Gauteng,Suburban,Prepaid,4G Smartphone,Debit Order,Good,None,Moderate (Stage 1-3),Low / Inactive,29.9,534.77
2026-02-13,VP_12277,32,Gauteng,Suburban,Prepaid,4G Smartphone,Voucher Top-Up,Poor / Frequent Drops,Billing Query,Severe (Stage 4+),High Active,14.1,295.61
2026-06-01,VP_12278,51,KwaZulu-Natal,Urban,Prepaid,4G Smartphone,Debit Order,Poor / Frequent Drops,Network Coverage,Moderate (Stage 1-3),High Active,16.7,334.97
2026-05-29,VP_12279,59,Eastern Cape,Suburban,Prepaid,4G Smartphone,Voucher Top-Up,Good,None,Moderate (Stage 1-3),High Active,29,521.15
2026-02-09,VP_12280,72,Gauteng,Suburban,Prepaid,4G Smartphone,Credit Card,Excellent,None,Severe (Stage 4+),Low / Inactive,8.4,209.33
2026-02-13,VP_12281,61,KwaZulu-Natal,Urban,Postpaid Contract,LTE Router/MiFi,Voucher Top-Up,Fair,None,Minimal / No Impact,Low / Inactive,45.5,770.9
2026-06-18,VP_12282,66,Gauteng,Urban,Prepaid,5G Smartphone,Mobile App / EFT,Good,None,Moderate (Stage 1-3),Low / Inactive,39.5,680.08
2026-06-09,VP_12283,57,KwaZulu-Natal,Rural,Prepaid,LTE Router/MiFi,Debit Order,Excellent,Network Coverage,Moderate (Stage 1-3),Moderate,18.2,357.67
2026-06-04,VP_12284,28,Western Cape,Suburban,Prepaid,5G Smartphone,Credit Card,Excellent,None,Moderate (Stage 1-3),Low / Inactive,27.2,493.9
2026-03-28,VP_12285,20,Western Cape,Rural,Prepaid,5G Smartphone,Voucher Top-Up,Excellent,None,Moderate (Stage 1-3),High Active,18.1,356.16
2026-05-25,VP_12286,23,Gauteng,Urban,Prepaid,5G Smartphone,Debit Order,Excellent,None,Moderate (Stage 1-3),Low / Inactive,15.5,316.8
2026-01-11,VP_12287,26,Gauteng,Suburban,Postpaid Contract,4G Smartphone,Voucher Top-Up,Fair,Network Coverage,Moderate (Stage 1-3),Moderate,20.6,394
2026-01-08,VP_12288,23,Gauteng,Urban,Postpaid Contract,5G Smartphone,Credit Card,Excellent,None,Moderate (Stage 1-3),Moderate,33.1,583.21
2026-01-21,VP_12289,26,KwaZulu-Natal,Urban,Prepaid,LTE Router/MiFi,Debit Order,Excellent,SIM Swap / Technical,Moderate (Stage 1-3),High Active,30.8,548.39
2026-01-12,VP_12290,56,Gauteng,Urban,Prepaid,4G Smartphone,Voucher Top-Up,Excellent,Billing Query,Severe (Stage 4+),High Active,9.4,224.47
2026-06-14,VP_12291,48,Eastern Cape,Urban,Prepaid,4G Smartphone,Credit Card,Good,Network Coverage,Minimal / No Impact,Moderate,16.1,325.88
2026-05-28,VP_12292,49,Limpopo,Urban,Prepaid,4G Smartphone,Debit Order,Excellent,None,Minimal / No Impact,High Active,5.9,171.49
2026-03-09,VP_12293,58,Limpopo,Urban,Postpaid Contract,LTE Router/MiFi,Voucher Top-Up,Excellent,None,Moderate (Stage 1-3),Moderate,24.7,456.06
2026-06-16,VP_12294,67,Eastern Cape,Urban,Postpaid Contract,4G Smartphone,Voucher Top-Up,Excellent,None,Severe (Stage 4+),High Active,27.4,496.93
2026-02-23,VP_12295,29,Western Cape,Suburban,Enterprise Hybrid,4G Smartphone,Debit Order,Good,None,Severe (Stage 4+),High Active,23.2,433.35
2026-05-27,VP_12296,25,Western Cape,Urban,Prepaid,4G Smartphone,Voucher Top-Up,Excellent,Billing Query,Moderate (Stage 1-3),Low / Inactive,79.1,1279.49
2026-04-17,VP_12297,25,Gauteng,Urban,Prepaid,4G Smartphone,Debit Order,Good,None,Severe (Stage 4+),Low / Inactive,19.3,374.32
2026-06-08,VP_12298,67,Western Cape,Urban,Postpaid Contract,4G Smartphone,Mobile App / EFT,Excellent,None,Moderate (Stage 1-3),Low / Inactive,2.3,117
2026-06-13,VP_12299,45,KwaZulu-Natal,Urban,Postpaid Contract,5G Smartphone,Debit Order,Excellent,None,Minimal / No Impact,Moderate,17.1,341.02
2026-01-08,VP_12300,37,KwaZulu-Natal,Suburban,Postpaid Contract,4G Smartphone,Debit Order,Excellent,None,Minimal / No Impact,Low / Inactive,7.8,200.25
2026-05-08,VP_12301,64,Eastern Cape,Urban,Prepaid,5G Smartphone,Voucher Top-Up,Excellent,None,Severe (Stage 4+),Low / Inactive,29.3,525.69
2026-06-10,VP_12302,24,Gauteng,Suburban,Prepaid,5G Smartphone,Voucher Top-Up,Excellent,None,Minimal / No Impact,Moderate,33.8,593.8
2026-05-20,VP_12303,28,Gauteng,Urban,Prepaid,4G Smartphone,Debit Order,Excellent,Billing Query,Moderate (Stage 1-3),Moderate,13.8,291.07
2026-03-16,VP_12304,37,Limpopo,Urban,Prepaid,Legacy Feature Phone,Mobile App / EFT,Excellent,None,Severe (Stage 4+),High Active,17,339.51
2026-06-14,VP_12305,33,Gauteng,Rural,Prepaid,Legacy Feature Phone,Credit Card,Good,None,Moderate (Stage 1-3),High Active,21.2,403.08
2026-03-19,VP_12306,21,KwaZulu-Natal,Suburban,Postpaid Contract,4G Smartphone,Mobile App / EFT,Excellent,None,Moderate (Stage 1-3),Low / Inactive,20.6,394
2026-05-04,VP_12307,23,Limpopo,Urban,Prepaid,4G Smartphone,Voucher Top-Up,Fair,None,Minimal / No Impact,Moderate,33.9,595.31
2026-03-04,VP_12308,39,Western Cape,Suburban,Prepaid,5G Smartphone,Mobile App / EFT,Fair,Network Coverage,Severe (Stage 4+),Moderate,20,384.92
2026-06-25,VP_12309,43,KwaZulu-Natal,Urban,Postpaid Contract,4G Smartphone,Credit Card,Fair,Billing Query,Severe (Stage 4+),High Active,16.3,328.91
2026-04-14,VP_12310,20,Gauteng,Suburban,Prepaid,5G Smartphone,Voucher Top-Up,Excellent,None,Moderate (Stage 1-3),High Active,13.8,291.07
2026-03-18,VP_12311,58,Gauteng,Suburban,Postpaid Contract,5G Smartphone,Debit Order,Fair,None,Minimal / No Impact,Moderate,5.1,159.38
2026-04-27,VP_12312,59,Eastern Cape,Suburban,Prepaid,4G Smartphone,Debit Order,Excellent,None,Minimal / No Impact,Moderate,7.3,192.68
2026-01-19,VP_12313,31,KwaZulu-Natal,Rural,Prepaid,5G Smartphone,Voucher Top-Up,Excellent,Network Coverage,Severe (Stage 4+),Moderate,6.9,186.63
2026-06-26,VP_12314,28,KwaZulu-Natal,Urban,Enterprise Hybrid,5G Smartphone,Credit Card,Excellent,Billing Query,Moderate (Stage 1-3),Moderate,68.3,1116.01
2026-01-16,VP_12315,35,Gauteng,Suburban,Enterprise Hybrid,4G Smartphone,Voucher Top-Up,Poor / Frequent Drops,None,Minimal / No Impact,Moderate,15.9,322.86
2026-02-10,VP_12316,71,Gauteng,Urban,Prepaid,5G Smartphone,Voucher Top-Up,Excellent,Network Coverage,Moderate (Stage 1-3),Low / Inactive,27.2,493.9
2026-04-23,VP_12317,29,Limpopo,Urban,Postpaid Contract,5G Smartphone,Debit Order,Poor / Frequent Drops,None,Minimal / No Impact,Low / Inactive,24.7,456.06
2026-04-17,VP_12318,40,KwaZulu-Natal,Urban,Prepaid,5G Smartphone,Debit Order,Excellent,Billing Query,Minimal / No Impact,High Active,2.6,121.54
2026-05-04,VP_12319,29,Western Cape,Urban,Prepaid,5G Smartphone,Voucher Top-Up,Poor / Frequent Drops,SIM Swap / Technical,Severe (Stage 4+),Moderate,14.5,301.67
2026-04-29,VP_12320,30,Gauteng,Suburban,Prepaid,5G Smartphone,Credit Card,Poor / Frequent Drops,None,Moderate (Stage 1-3),Moderate,22.9,428.81
2026-02-22,VP_12321,42,Western Cape,Suburban,Prepaid,4G Smartphone,Voucher Top-Up,Poor / Frequent Drops,None,Severe (Stage 4+),Moderate,1.7,107.92
2026-03-29,VP_12322,62,Limpopo,Suburban,Postpaid Contract,5G Smartphone,Mobile App / EFT,Good,Billing Query,Minimal / No Impact,Moderate,14.5,301.67
2026-06-05,VP_12323,68,Western Cape,Urban,Postpaid Contract,4G Smartphone,Debit Order,Fair,None,Moderate (Stage 1-3),High Active,28.8,518.12
2026-02-06,VP_12324,36,Gauteng,Urban,Enterprise Hybrid,5G Smartphone,Voucher Top-Up,Poor / Frequent Drops,Network Coverage,Minimal / No Impact,Low / Inactive,12.6,272.91
2026-03-22,VP_12325,72,Western Cape,Rural,Postpaid Contract,4G Smartphone,Voucher Top-Up,Excellent,None,Minimal / No Impact,Moderate,26,475.74
2026-03-23,VP_12326,63,Eastern Cape,Urban,Prepaid,4G Smartphone,Mobile App / EFT,Good,Billing Query,Severe (Stage 4+),Low / Inactive,8,203.28
2026-03-30,VP_12327,53,KwaZulu-Natal,Suburban,Postpaid Contract,4G Smartphone,Debit Order,Good,None,Severe (Stage 4+),High Active,11.9,262.31
2026-04-13,VP_12328,62,Eastern Cape,Suburban,Enterprise Hybrid,4G Smartphone,Debit Order,Excellent,None,Moderate (Stage 1-3),High Active,27.2,493.9
2026-02-03,VP_12329,25,Western Cape,Suburban,Postpaid Contract,LTE Router/MiFi,Debit Order,Fair,Network Coverage,Minimal / No Impact,Moderate,15,309.23
2026-04-05,VP_12330,46,Limpopo,Urban,Postpaid Contract,5G Smartphone,Credit Card,Excellent,Billing Query,Minimal / No Impact,Moderate,5.9,171.49
2026-05-12,VP_12331,72,Western Cape,Rural,Enterprise Hybrid,4G Smartphone,Debit Order,Good,None,Minimal / No Impact,Moderate,29,521.15
2026-05-24,VP_12332,70,Gauteng,Urban,Prepaid,LTE Router/MiFi,Debit Order,Excellent,None,Moderate (Stage 1-3),Low / Inactive,20.5,392.48
2026-01-28,VP_12333,72,Gauteng,Rural,Postpaid Contract,5G Smartphone,Voucher Top-Up,Excellent,Billing Query,Severe (Stage 4+),Moderate,8.4,209.33
2026-03-23,VP_12334,49,Gauteng,Urban,Postpaid Contract,5G Smartphone,Voucher Top-Up,Excellent,Network Coverage,Severe (Stage 4+),Moderate,26.9,489.36
2026-03-03,VP_12335,68,Limpopo,Urban,Enterprise Hybrid,5G Smartphone,Mobile App / EFT,Fair,Billing Query,Severe (Stage 4+),Low / Inactive,13.3,283.5
2026-04-30,VP_12336,61,Eastern Cape,Urban,Prepaid,4G Smartphone,Credit Card,Excellent,None,Moderate (Stage 1-3),Moderate,39.8,684.62
2026-02-01,VP_12337,35,Western Cape,Suburban,Prepaid,5G Smartphone,Voucher Top-Up,Fair,None,Minimal / No Impact,Moderate,33.7,592.29
2026-03-10,VP_12338,23,Gauteng,Urban,Postpaid Contract,5G Smartphone,Credit Card,Fair,Network Coverage,Moderate (Stage 1-3),Moderate,17.2,342.53
2026-04-26,VP_12339,35,Gauteng,Urban,Prepaid,4G Smartphone,Voucher Top-Up,Good,Billing Query,Minimal / No Impact,Moderate,23.7,440.92
2026-03-05,VP_12340,36,Eastern Cape,Urban,Postpaid Contract,4G Smartphone,Debit Order,Excellent,None,Moderate (Stage 1-3),Moderate,38.2,660.4
2026-02-06,VP_12341,39,KwaZulu-Natal,Rural,Prepaid,5G Smartphone,Credit Card,Excellent,None,Moderate (Stage 1-3),High Active,17,339.51
2026-01-25,VP_12342,54,Gauteng,Suburban,Prepaid,5G Smartphone,Voucher Top-Up,Good,None,Moderate (Stage 1-3),Moderate,2.4,118.51
2026-01-13,VP_12343,49,Western Cape,Suburban,Prepaid,4G Smartphone,Voucher Top-Up,Excellent,Network Coverage,Moderate (Stage 1-3),High Active,23.5,437.89
2026-03-16,VP_12344,73,Gauteng,Suburban,Prepaid,LTE Router/MiFi,Voucher Top-Up,Good,Billing Query,Minimal / No Impact,Low / Inactive,29.8,533.25
2026-04-09,VP_12345,58,Gauteng,Urban,Prepaid,4G Smartphone,Voucher Top-Up,Poor / Frequent Drops,Network Coverage,Moderate (Stage 1-3),High Active,30.6,545.36
2026-06-07,VP_12346,20,KwaZulu-Natal,Urban,Prepaid,4G Smartphone,Debit Order,Excellent,None,Severe (Stage 4+),High Active,7.9,201.76
2026-04-18,VP_12347,45,Gauteng,Rural,Prepaid,5G Smartphone,Voucher Top-Up,Good,None,Minimal / No Impact,Moderate,40.2,690.68
2026-03-05,VP_12348,27,Limpopo,Urban,Prepaid,5G Smartphone,Mobile App / EFT,Poor / Frequent Drops,Network Coverage,Minimal / No Impact,Moderate,70.5,1149.31
2026-02-10,VP_12349,68,Gauteng,Urban,Prepaid,4G Smartphone,Voucher Top-Up,Fair,None,Moderate (Stage 1-3),Moderate,30.2,539.31
2026-03-25,VP_12350,52,Gauteng,Urban,Prepaid,4G Smartphone,Debit Order,Fair,None,Severe (Stage 4+),Moderate,13.2,281.99
2026-05-28,VP_12351,46,Gauteng,Urban,Prepaid,4G Smartphone,Credit Card,Fair,None,Severe (Stage 4+),Low / Inactive,21.6,409.13
2026-03-22,VP_12352,71,Eastern Cape,Urban,Postpaid Contract,4G Smartphone,Debit Order,Excellent,Network Coverage,Severe (Stage 4+),Moderate,26,475.74
2026-02-18,VP_12353,32,KwaZulu-Natal,Urban,Prepaid,Legacy Feature Phone,Debit Order,Fair,None,Severe (Stage 4+),Moderate,28,506.01
2026-02-10,VP_12354,50,KwaZulu-Natal,Urban,Prepaid,5G Smartphone,Debit Order,Poor / Frequent Drops,None,Minimal / No Impact,Low / Inactive,19.4,375.83
2026-05-08,VP_12355,24,Gauteng,Urban,Postpaid Contract,5G Smartphone,Debit Order,Good,None,Severe (Stage 4+),High Active,6.7,183.6
2026-05-12,VP_12356,29,Gauteng,Urban,Prepaid,5G Smartphone,Voucher Top-Up,Excellent,None,Moderate (Stage 1-3),Low / Inactive,27.6,499.95
2026-04-30,VP_12357,66,KwaZulu-Natal,Urban,Enterprise Hybrid,5G Smartphone,Voucher Top-Up,Good,None,Moderate (Stage 1-3),Moderate,9.9,232.04
2026-05-08,VP_12358,47,Eastern Cape,Urban,Postpaid Contract,5G Smartphone,Mobile App / EFT,Excellent,None,Minimal / No Impact,Low / Inactive,13.1,280.47
2026-03-20,VP_12359,38,Limpopo,Suburban,Prepaid,LTE Router/MiFi,Credit Card,Excellent,Network Coverage,Severe (Stage 4+),High Active,8.4,209.33
2026-05-08,VP_12360,48,Gauteng,Urban,Prepaid,5G Smartphone,Mobile App / EFT,Good,None,Moderate (Stage 1-3),Low / Inactive,6.1,174.52
2026-01-06,VP_12361,41,KwaZulu-Natal,Suburban,Prepaid,5G Smartphone,Voucher Top-Up,Good,None,Severe (Stage 4+),Moderate,12.7,274.42
2026-01-24,VP_12362,37,Limpopo,Suburban,Prepaid,5G Smartphone,Voucher Top-Up,Good,Network Coverage,Severe (Stage 4+),Moderate,20.7,395.51
2026-04-11,VP_12363,54,KwaZulu-Natal,Suburban,Prepaid,LTE Router/MiFi,Mobile App / EFT,Excellent,None,Moderate (Stage 1-3),Moderate,10.9,247.17
2026-05-10,VP_12364,21,Eastern Cape,Urban,Prepaid,4G Smartphone,Voucher Top-Up,Fair,None,Moderate (Stage 1-3),Low / Inactive,8.1,204.79
2026-04-28,VP_12365,45,Gauteng,Urban,Postpaid Contract,LTE Router/MiFi,Mobile App / EFT,Excellent,None,Severe (Stage 4+),Moderate,16.6,333.45
2026-03-03,VP_12366,61,Limpopo,Urban,Prepaid,Legacy Feature Phone,Voucher Top-Up,Excellent,Billing Query,Moderate (Stage 1-3),Moderate,3,127.59
2026-02-25,VP_12367,37,Eastern Cape,Suburban,Prepaid,4G Smartphone,Voucher Top-Up,Good,Billing Query,Severe (Stage 4+),Low / Inactive,1.2,100.35
2026-05-30,VP_12368,41,Limpopo,Urban,Postpaid Contract,5G Smartphone,Voucher Top-Up,Excellent,None,Minimal / No Impact,High Active,31.4,557.47
2026-04-01,VP_12369,67,Western Cape,Suburban,Prepaid,5G Smartphone,Voucher Top-Up,Excellent,None,Moderate (Stage 1-3),High Active,5,157.87
2026-01-13,VP_12370,66,KwaZulu-Natal,Rural,Prepaid,5G Smartphone,Voucher Top-Up,Excellent,Network Coverage,Minimal / No Impact,Low / Inactive,17.8,351.62
2026-01-13,VP_12371,68,Limpopo,Urban,Prepaid,4G Smartphone,Voucher Top-Up,Fair,None,Severe (Stage 4+),High Active,31.7,562.01
2026-03-14,VP_12372,49,Gauteng,Urban,Prepaid,5G Smartphone,Voucher Top-Up,Good,Billing Query,Minimal / No Impact,Low / Inactive,18.1,356.16
2026-05-07,VP_12373,58,Gauteng,Suburban,Enterprise Hybrid,5G Smartphone,Credit Card,Excellent,None,Moderate (Stage 1-3),Moderate,8.8,215.39
2026-06-02,VP_12374,53,Western Cape,Urban,Prepaid,4G Smartphone,Credit Card,Excellent,None,Severe (Stage 4+),Moderate,17,339.51
2026-06-17,VP_12375,70,Eastern Cape,Urban,Prepaid,4G Smartphone,Debit Order,Good,None,Moderate (Stage 1-3),High Active,9.7,229.01
2026-06-22,VP_12376,51,Limpopo,Rural,Prepaid,4G Smartphone,Debit Order,Fair,None,Moderate (Stage 1-3),Low / Inactive,12.2,266.85
2026-05-01,VP_12377,53,Gauteng,Urban,Prepaid,5G Smartphone,Voucher Top-Up,Good,None,Minimal / No Impact,Low / Inactive,3.8,139.7
2026-03-15,VP_12378,19,Eastern Cape,Rural,Prepaid,4G Smartphone,Voucher Top-Up,Fair,None,Moderate (Stage 1-3),Moderate,1.2,100.35
2026-05-18,VP_12379,32,Western Cape,Suburban,Postpaid Contract,4G Smartphone,Debit Order,Good,None,Severe (Stage 4+),Moderate,11.5,256.26
2026-01-03,VP_12380,51,Gauteng,Suburban,Enterprise Hybrid,5G Smartphone,Debit Order,Good,None,Moderate (Stage 1-3),High Active,5.7,168.46
2026-01-28,VP_12381,53,KwaZulu-Natal,Urban,Prepaid,4G Smartphone,Mobile App / EFT,Fair,None,Moderate (Stage 1-3),Low / Inactive,23.3,434.87
2026-04-21,VP_12382,23,Gauteng,Urban,Prepaid,Legacy Feature Phone,Mobile App / EFT,Fair,None,Severe (Stage 4+),Moderate,16.3,328.91
2026-02-04,VP_12383,56,Gauteng,Urban,Postpaid Contract,5G Smartphone,Voucher Top-Up,Poor / Frequent Drops,Network Coverage,Moderate (Stage 1-3),High Active,12.2,266.85
2026-03-09,VP_12384,59,Limpopo,Urban,Prepaid,5G Smartphone,Voucher Top-Up,Good,Network Coverage,Moderate (Stage 1-3),Low / Inactive,48.5,816.31
2026-04-04,VP_12385,68,Western Cape,Urban,Prepaid,4G Smartphone,Voucher Top-Up,Poor / Frequent Drops,None,Minimal / No Impact,Low / Inactive,20.4,390.97
2026-04-14,VP_12386,68,Western Cape,Urban,Prepaid,5G Smartphone,Debit Order,Good,None,Moderate (Stage 1-3),High Active,18.6,363.73
2026-04-04,VP_12387,71,Limpopo,Urban,Prepaid,LTE Router/MiFi,Voucher Top-Up,Fair,None,Moderate (Stage 1-3),Low / Inactive,39.2,675.54
2026-01-12,VP_12388,29,KwaZulu-Natal,Urban,Prepaid,5G Smartphone,Debit Order,Excellent,None,Severe (Stage 4+),Low / Inactive,7.4,194.2
2026-04-13,VP_12389,20,Eastern Cape,Suburban,Postpaid Contract,4G Smartphone,Voucher Top-Up,Good,Billing Query,Severe (Stage 4+),Low / Inactive,10.7,244.15
2026-01-14,VP_12390,62,KwaZulu-Natal,Urban,Postpaid Contract,4G Smartphone,Debit Order,Fair,None,Minimal / No Impact,High Active,6.6,182.09
2026-05-26,VP_12391,35,Eastern Cape,Urban,Prepaid,4G Smartphone,Voucher Top-Up,Excellent,Billing Query,Minimal / No Impact,Moderate,16.1,325.88
2026-05-24,VP_12392,57,Gauteng,Suburban,Prepaid,5G Smartphone,Voucher Top-Up,Good,None,Moderate (Stage 1-3),Low / Inactive,57.9,958.59
2026-02-19,VP_12393,38,Limpopo,Rural,Enterprise Hybrid,5G Smartphone,Voucher Top-Up,Fair,None,Minimal / No Impact,High Active,10.8,245.66
2026-04-03,VP_12394,32,Gauteng,Urban,Prepaid,5G Smartphone,Debit Order,Excellent,Network Coverage,Moderate (Stage 1-3),Moderate,14.8,306.21
2026-05-22,VP_12395,50,Gauteng,Urban,Postpaid Contract,5G Smartphone,Debit Order,Good,None,Minimal / No Impact,Moderate,5,157.87
2026-03-15,VP_12396,52,Eastern Cape,Suburban,Prepaid,5G Smartphone,Voucher Top-Up,Good,None,Severe (Stage 4+),Moderate,31.9,565.04
2026-01-19,VP_12397,43,KwaZulu-Natal,Rural,Prepaid,4G Smartphone,Debit Order,Good,None,Moderate (Stage 1-3),Moderate,44.2,751.22
2026-04-09,VP_12398,25,Western Cape,Suburban,Prepaid,5G Smartphone,Debit Order,Excellent,SIM Swap / Technical,Moderate (Stage 1-3),Low / Inactive,11,248.69
2026-05-10,VP_12399,53,KwaZulu-Natal,Suburban,Postpaid Contract,4G Smartphone,Voucher Top-Up,Excellent,None,Moderate (Stage 1-3),High Active,69.9,1140.23
2026-04-26,VP_12400,65,Western Cape,Urban,Prepaid,4G Smartphone,Mobile App / EFT,Excellent,None,Severe (Stage 4+),Moderate,2.7,123.05
2026-05-21,VP_12401,47,Gauteng,Urban,Prepaid,4G Smartphone,Debit Order,Excellent,Billing Query,Moderate (Stage 1-3),Moderate,13.7,289.56
2026-03-13,VP_12402,40,Gauteng,Urban,Prepaid,Legacy Feature Phone,Voucher Top-Up,Excellent,None,Moderate (Stage 1-3),High Active,10.7,244.15
2026-06-09,VP_12403,59,Gauteng,Suburban,Postpaid Contract,5G Smartphone,Credit Card,Good,Network Coverage,Severe (Stage 4+),High Active,17.1,341.02
2026-06-24,VP_12404,61,KwaZulu-Natal,Suburban,Enterprise Hybrid,LTE Router/MiFi,Credit Card,Good,None,Moderate (Stage 1-3),Low / Inactive,28.2,509.04
2026-06-06,VP_12405,31,Gauteng,Rural,Enterprise Hybrid,4G Smartphone,Debit Order,Fair,SIM Swap / Technical,Moderate (Stage 1-3),Moderate,42.3,722.46
2026-01-31,VP_12406,31,KwaZulu-Natal,Urban,Enterprise Hybrid,4G Smartphone,Mobile App / EFT,Excellent,Billing Query,Minimal / No Impact,Moderate,9.4,224.47
2026-02-02,VP_12407,19,KwaZulu-Natal,Urban,Prepaid,4G Smartphone,Voucher Top-Up,Good,None,Moderate (Stage 1-3),Low / Inactive,20.8,397.03
2026-01-25,VP_12408,72,Gauteng,Urban,Prepaid,4G Smartphone,Credit Card,Excellent,None,Severe (Stage 4+),High Active,18.8,366.75
2026-04-11,VP_12409,54,Western Cape,Suburban,Prepaid,5G Smartphone,Voucher Top-Up,Fair,SIM Swap / Technical,Moderate (Stage 1-3),Moderate,30.8,548.39
2026-04-06,VP_12410,22,Limpopo,Suburban,Prepaid,5G Smartphone,Mobile App / EFT,Good,Billing Query,Severe (Stage 4+),High Active,11.9,262.31
2026-03-28,VP_12411,55,Gauteng,Urban,Postpaid Contract,4G Smartphone,Mobile App / EFT,Fair,None,Moderate (Stage 1-3),Moderate,8.9,216.9
2026-05-23,VP_12412,62,Western Cape,Urban,Postpaid Contract,Legacy Feature Phone,Voucher Top-Up,Excellent,Billing Query,Severe (Stage 4+),High Active,10,233.55
2026-04-04,VP_12413,58,Western Cape,Urban,Prepaid,4G Smartphone,Mobile App / EFT,Good,None,Moderate (Stage 1-3),Low / Inactive,25.6,469.68
2026-02-06,VP_12414,71,KwaZulu-Natal,Urban,Postpaid Contract,5G Smartphone,Debit Order,Good,None,Severe (Stage 4+),Moderate,3.6,136.68
2026-02-20,VP_12415,64,Western Cape,Rural,Enterprise Hybrid,4G Smartphone,Debit Order,Fair,None,Severe (Stage 4+),Moderate,10.4,239.61
2026-06-04,VP_12416,31,KwaZulu-Natal,Urban,Prepaid,4G Smartphone,Voucher Top-Up,Good,None,Minimal / No Impact,Moderate,15,309.23
2026-05-11,VP_12417,73,KwaZulu-Natal,Suburban,Prepaid,5G Smartphone,Credit Card,Good,None,Minimal / No Impact,High Active,20.4,390.97
2026-04-13,VP_12418,56,Gauteng,Suburban,Prepaid,5G Smartphone,Voucher Top-Up,Excellent,None,Moderate (Stage 1-3),Low / Inactive,19.8,381.89
2026-05-09,VP_12419,42,Western Cape,Suburban,Prepaid,5G Smartphone,Voucher Top-Up,Good,Billing Query,Severe (Stage 4+),High Active,6.8,185.11
2026-01-11,VP_12420,37,Western Cape,Urban,Prepaid,LTE Router/MiFi,Voucher Top-Up,Excellent,None,Minimal / No Impact,Moderate,4.8,154.84
2026-01-12,VP_12421,19,Gauteng,Suburban,Prepaid,4G Smartphone,Debit Order,Excellent,None,Minimal / No Impact,High Active,21.8,412.16
2026-01-10,VP_12422,56,KwaZulu-Natal,Urban,Prepaid,5G Smartphone,Voucher Top-Up,Excellent,Network Coverage,Minimal / No Impact,Low / Inactive,9.5,225.98
2026-02-05,VP_12423,23,Limpopo,Urban,Enterprise Hybrid,5G Smartphone,Voucher Top-Up,Poor / Frequent Drops,None,Moderate (Stage 1-3),Moderate,14.8,306.21
2026-03-27,VP_12424,34,KwaZulu-Natal,Urban,Prepaid,4G Smartphone,Credit Card,Excellent,None,Severe (Stage 4+),High Active,7.6,197.22
2026-05-02,VP_12425,42,KwaZulu-Natal,Urban,Prepaid,LTE Router/MiFi,Debit Order,Fair,Network Coverage,Severe (Stage 4+),Moderate,7.5,195.71
2026-05-13,VP_12426,74,Limpopo,Urban,Enterprise Hybrid,4G Smartphone,Voucher Top-Up,Poor / Frequent Drops,Billing Query,Minimal / No Impact,Low / Inactive,23.8,442.44
2026-04-27,VP_12427,45,Western Cape,Urban,Prepaid,4G Smartphone,Debit Order,Poor / Frequent Drops,None,Minimal / No Impact,Moderate,17.7,350.1
2026-02-08,VP_12428,19,Western Cape,Rural,Prepaid,5G Smartphone,Debit Order,Fair,None,Moderate (Stage 1-3),Moderate,13.1,280.47
2026-06-05,VP_12429,52,Eastern Cape,Urban,Postpaid Contract,4G Smartphone,Voucher Top-Up,Fair,None,Moderate (Stage 1-3),High Active,15.8,321.34
2026-05-12,VP_12430,54,Eastern Cape,Suburban,Prepaid,5G Smartphone,Voucher Top-Up,Excellent,Network Coverage,Moderate (Stage 1-3),High Active,10.8,245.66
2026-02-05,VP_12431,22,KwaZulu-Natal,Rural,Postpaid Contract,4G Smartphone,Debit Order,Excellent,None,Minimal / No Impact,High Active,16.5,331.94
2026-03-25,VP_12432,18,KwaZulu-Natal,Urban,Prepaid,5G Smartphone,Debit Order,Good,None,Moderate (Stage 1-3),Moderate,12.7,274.42
2026-06-06,VP_12433,57,KwaZulu-Natal,Suburban,Prepaid,4G Smartphone,Mobile App / EFT,Good,Network Coverage,Moderate (Stage 1-3),Low / Inactive,42.9,731.54
2026-03-23,VP_12434,29,Limpopo,Urban,Prepaid,5G Smartphone,Credit Card,Excellent,None,Severe (Stage 4+),Low / Inactive,10.3,238.09
2026-02-11,VP_12435,73,Western Cape,Urban,Prepaid,4G Smartphone,Debit Order,Good,None,Severe (Stage 4+),Low / Inactive,8.2,206.3
2026-04-11,VP_12436,53,Gauteng,Urban,Postpaid Contract,5G Smartphone,Voucher Top-Up,Good,None,Moderate (Stage 1-3),High Active,33.6,590.77
2026-06-07,VP_12437,62,Eastern Cape,Rural,Postpaid Contract,4G Smartphone,Debit Order,Fair,None,Minimal / No Impact,Low / Inactive,13.3,283.5
2026-03-18,VP_12438,40,KwaZulu-Natal,Urban,Enterprise Hybrid,4G Smartphone,Credit Card,Good,Billing Query,Severe (Stage 4+),Moderate,35.5,619.53
2026-06-01,VP_12439,64,Gauteng,Suburban,Postpaid Contract,5G Smartphone,Voucher Top-Up,Good,None,Severe (Stage 4+),Moderate,24.2,448.49
2026-03-28,VP_12440,48,KwaZulu-Natal,Urban,Prepaid,LTE Router/MiFi,Mobile App / EFT,Good,None,Moderate (Stage 1-3),Moderate,7.4,194.2
2026-05-10,VP_12441,28,KwaZulu-Natal,Rural,Postpaid Contract,4G Smartphone,Debit Order,Good,None,Moderate (Stage 1-3),High Active,16.9,337.99
2026-05-11,VP_12442,27,Eastern Cape,Urban,Postpaid Contract,4G Smartphone,Voucher Top-Up,Poor / Frequent Drops,None,Moderate (Stage 1-3),High Active,5.6,166.95
2026-05-17,VP_12443,20,Gauteng,Suburban,Postpaid Contract,4G Smartphone,Voucher Top-Up,Excellent,SIM Swap / Technical,Moderate (Stage 1-3),Moderate,40.7,698.24
2026-05-06,VP_12444,71,Eastern Cape,Suburban,Postpaid Contract,LTE Router/MiFi,Debit Order,Good,Billing Query,Moderate (Stage 1-3),High Active,8.1,204.79
2026-05-25,VP_12445,31,KwaZulu-Natal,Suburban,Prepaid,4G Smartphone,Debit Order,Good,None,Minimal / No Impact,Moderate,1,97.32
2026-03-18,VP_12446,33,Gauteng,Rural,Prepaid,LTE Router/MiFi,Voucher Top-Up,Good,None,Severe (Stage 4+),Moderate,6.5,180.57
2026-05-02,VP_12447,27,Limpopo,Suburban,Postpaid Contract,5G Smartphone,Voucher Top-Up,Excellent,None,Moderate (Stage 1-3),Low / Inactive,46.6,787.55
2026-01-05,VP_12448,46,KwaZulu-Natal,Urban,Prepaid,5G Smartphone,Debit Order,Excellent,None,Severe (Stage 4+),Low / Inactive,21.1,401.57
2026-04-05,VP_12449,27,Gauteng,Urban,Prepaid,4G Smartphone,Voucher Top-Up,Excellent,SIM Swap / Technical,Minimal / No Impact,Low / Inactive,16.9,337.99
2026-03-26,VP_12450,29,KwaZulu-Natal,Urban,Postpaid Contract,5G Smartphone,Debit Order,Excellent,Billing Query,Minimal / No Impact,Low / Inactive,3.1,129.11
2026-06-22,VP_12451,47,Eastern Cape,Urban,Prepaid,4G Smartphone,Debit Order,Fair,None,Severe (Stage 4+),Low / Inactive,49,823.88
2026-01-29,VP_12452,58,Gauteng,Urban,Prepaid,5G Smartphone,Voucher Top-Up,Good,None,Severe (Stage 4+),Moderate,37.2,645.27
2026-04-17,VP_12453,18,Gauteng,Urban,Prepaid,4G Smartphone,Debit Order,Excellent,None,Severe (Stage 4+),Low / Inactive,6.5,180.57
2026-05-30,VP_12454,22,Gauteng,Urban,Postpaid Contract,4G Smartphone,Voucher Top-Up,Excellent,None,Moderate (Stage 1-3),Moderate,2.9,126.08
2026-03-20,VP_12455,37,Gauteng,Rural,Prepaid,4G Smartphone,Voucher Top-Up,Excellent,None,Severe (Stage 4+),Low / Inactive,27.2,493.9
2026-06-26,VP_12456,25,Eastern Cape,Urban,Postpaid Contract,Legacy Feature Phone,Voucher Top-Up,Poor / Frequent Drops,None,Moderate (Stage 1-3),High Active,31.6,560.5
2026-06-11,VP_12457,60,KwaZulu-Natal,Rural,Prepaid,4G Smartphone,Voucher Top-Up,Good,None,Moderate (Stage 1-3),Moderate,21.8,412.16
2026-01-07,VP_12458,29,Gauteng,Urban,Prepaid,5G Smartphone,Credit Card,Poor / Frequent Drops,None,Moderate (Stage 1-3),Low / Inactive,36.8,639.21
2026-06-02,VP_12459,18,Gauteng,Suburban,Prepaid,5G Smartphone,Voucher Top-Up,Excellent,None,Minimal / No Impact,Moderate,19.4,375.83
2026-05-02,VP_12460,74,Gauteng,Suburban,Postpaid Contract,5G Smartphone,Voucher Top-Up,Fair,Network Coverage,Moderate (Stage 1-3),High Active,9.5,225.98
2026-03-09,VP_12461,71,Limpopo,Urban,Prepaid,4G Smartphone,Debit Order,Excellent,Network Coverage,Minimal / No Impact,Moderate,38.9,671
2026-06-17,VP_12462,37,Gauteng,Urban,Enterprise Hybrid,5G Smartphone,Voucher Top-Up,Excellent,None,Severe (Stage 4+),Moderate,9.2,221.44
2026-05-29,VP_12463,45,Limpopo,Urban,Enterprise Hybrid,5G Smartphone,Voucher Top-Up,Excellent,None,Severe (Stage 4+),Low / Inactive,15.9,322.86
2026-05-28,VP_12464,74,KwaZulu-Natal,Urban,Postpaid Contract,LTE Router/MiFi,Debit Order,Good,None,Moderate (Stage 1-3),Moderate,21.4,406.11
2026-02-28,VP_12465,60,Gauteng,Rural,Enterprise Hybrid,4G Smartphone,Voucher Top-Up,Excellent,Network Coverage,Moderate (Stage 1-3),High Active,14.9,307.72
2026-01-14,VP_12466,54,Limpopo,Suburban,Prepaid,5G Smartphone,Debit Order,Good,SIM Swap / Technical,Severe (Stage 4+),Low / Inactive,41.9,716.41
2026-05-30,VP_12467,64,KwaZulu-Natal,Urban,Prepaid,5G Smartphone,Debit Order,Fair,Network Coverage,Moderate (Stage 1-3),Low / Inactive,34.6,605.91
2026-05-03,VP_12468,54,Western Cape,Urban,Postpaid Contract,LTE Router/MiFi,Debit Order,Excellent,Billing Query,Moderate (Stage 1-3),High Active,9.6,227.5
2026-02-13,VP_12469,29,Limpopo,Urban,Postpaid Contract,LTE Router/MiFi,Voucher Top-Up,Excellent,None,Minimal / No Impact,Low / Inactive,41.7,713.38
2026-05-15,VP_12470,54,Gauteng,Urban,Postpaid Contract,5G Smartphone,Mobile App / EFT,Fair,None,Moderate (Stage 1-3),Moderate,2.9,126.08
2026-06-11,VP_12471,66,Gauteng,Suburban,Postpaid Contract,4G Smartphone,Debit Order,Good,None,Moderate (Stage 1-3),Moderate,2.8,124.57
2026-06-08,VP_12472,66,Western Cape,Urban,Enterprise Hybrid,4G Smartphone,Voucher Top-Up,Fair,None,Minimal / No Impact,Low / Inactive,80.5,1300.68
2026-04-08,VP_12473,73,Gauteng,Urban,Prepaid,4G Smartphone,Debit Order,Excellent,None,Moderate (Stage 1-3),Low / Inactive,34.6,605.91
2026-02-07,VP_12474,61,Gauteng,Urban,Postpaid Contract,4G Smartphone,Debit Order,Excellent,Billing Query,Moderate (Stage 1-3),Moderate,6.1,174.52
2026-06-24,VP_12475,73,Gauteng,Urban,Postpaid Contract,4G Smartphone,Mobile App / EFT,Excellent,Billing Query,Moderate (Stage 1-3),High Active,13.2,281.99
2026-03-04,VP_12476,45,Gauteng,Suburban,Postpaid Contract,LTE Router/MiFi,Voucher Top-Up,Poor / Frequent Drops,None,Moderate (Stage 1-3),High Active,13.2,281.99
2026-01-09,VP_12477,64,Eastern Cape,Urban,Prepaid,5G Smartphone,Debit Order,Fair,Network Coverage,Severe (Stage 4+),Low / Inactive,30.7,546.88
2026-05-27,VP_12478,32,Gauteng,Rural,Postpaid Contract,5G Smartphone,Debit Order,Poor / Frequent Drops,None,Severe (Stage 4+),Low / Inactive,25.6,469.68
2026-06-29,VP_12479,23,KwaZulu-Natal,Rural,Enterprise Hybrid,4G Smartphone,Mobile App / EFT,Good,Network Coverage,Moderate (Stage 1-3),Moderate,40,687.65
2026-01-29,VP_12480,61,Western Cape,Urban,Prepaid,4G Smartphone,Debit Order,Fair,Network Coverage,Moderate (Stage 1-3),Moderate,8.9,216.9
2026-02-18,VP_12481,37,KwaZulu-Natal,Urban,Postpaid Contract,LTE Router/MiFi,Debit Order,Good,None,Severe (Stage 4+),Moderate,32.3,571.1
2026-01-05,VP_12482,67,Gauteng,Suburban,Prepaid,5G Smartphone,Voucher Top-Up,Good,None,Severe (Stage 4+),Low / Inactive,8,203.28
2026-04-23,VP_12483,31,Eastern Cape,Rural,Enterprise Hybrid,4G Smartphone,Voucher Top-Up,Fair,None,Severe (Stage 4+),Moderate,21.7,410.65
2026-03-22,VP_12484,19,Gauteng,Suburban,Prepaid,5G Smartphone,Voucher Top-Up,Excellent,Billing Query,Moderate (Stage 1-3),Moderate,21.8,412.16
2026-04-18,VP_12485,26,Eastern Cape,Urban,Prepaid,4G Smartphone,Mobile App / EFT,Excellent,None,Moderate (Stage 1-3),Moderate,14.9,307.72
2026-02-08,VP_12486,54,Limpopo,Rural,Prepaid,5G Smartphone,Debit Order,Excellent,SIM Swap / Technical,Moderate (Stage 1-3),High Active,8,203.28
2026-04-16,VP_12487,37,KwaZulu-Natal,Urban,Postpaid Contract,4G Smartphone,Voucher Top-Up,Fair,None,Moderate (Stage 1-3),High Active,23.4,436.38
2026-06-26,VP_12488,43,KwaZulu-Natal,Suburban,Prepaid,4G Smartphone,Debit Order,Excellent,Billing Query,Minimal / No Impact,Moderate,31.7,562.01
2026-02-22,VP_12489,46,KwaZulu-Natal,Rural,Postpaid Contract,5G Smartphone,Voucher Top-Up,Excellent,SIM Swap / Technical,Moderate (Stage 1-3),Moderate,64.8,1063.04
2026-04-16,VP_12490,18,KwaZulu-Natal,Urban,Enterprise Hybrid,5G Smartphone,Mobile App / EFT,Poor / Frequent Drops,Billing Query,Moderate (Stage 1-3),Low / Inactive,15.5,316.8
2026-05-09,VP_12491,72,Limpopo,Rural,Postpaid Contract,4G Smartphone,Voucher Top-Up,Excellent,None,Minimal / No Impact,Moderate,13.6,288.04
2026-06-06,VP_12492,52,Limpopo,Urban,Prepaid,4G Smartphone,Voucher Top-Up,Excellent,None,Minimal / No Impact,High Active,40.5,695.22
2026-05-01,VP_12493,23,Gauteng,Rural,Enterprise Hybrid,5G Smartphone,Mobile App / EFT,Good,None,Moderate (Stage 1-3),Moderate,38.8,669.48
2026-01-16,VP_12494,54,Western Cape,Urban,Postpaid Contract,5G Smartphone,Debit Order,Fair,None,Minimal / No Impact,High Active,4.1,144.24
2026-06-30,VP_12495,70,Limpopo,Rural,Prepaid,5G Smartphone,Voucher Top-Up,Excellent,None,Moderate (Stage 1-3),High Active,32.6,575.64
2026-02-05,VP_12496,22,Limpopo,Urban,Prepaid,LTE Router/MiFi,Credit Card,Good,None,Moderate (Stage 1-3),Moderate,29.7,531.74
2026-05-13,VP_12497,50,KwaZulu-Natal,Suburban,Prepaid,5G Smartphone,Voucher Top-Up,Excellent,Billing Query,Moderate (Stage 1-3),Low / Inactive,14.4,300.15
2026-02-23,VP_12498,66,KwaZulu-Natal,Urban,Postpaid Contract,5G Smartphone,Debit Order,Good,None,Moderate (Stage 1-3),Low / Inactive,19.4,375.83
2026-05-24,VP_12499,68,Gauteng,Urban,Prepaid,4G Smartphone,Debit Order,Excellent,Billing Query,Moderate (Stage 1-3),Low / Inactive,4.4,148.79
2026-03-25,VP_12500,31,Limpopo,Urban,Prepaid,4G Smartphone,Debit Order,Excellent,None,Moderate (Stage 1-3),Moderate,31.8,563.53
2026-06-19,VP_12501,29,Gauteng,Suburban,Postpaid Contract,5G Smartphone,Debit Order,Good,None,Minimal / No Impact,Low / Inactive,27.5,498.44
2026-05-03,VP_12502,59,Western Cape,Urban,Prepaid,Legacy Feature Phone,Voucher Top-Up,Poor / Frequent Drops,None,Moderate (Stage 1-3),Low / Inactive,42.6,727
2026-05-15,VP_12503,37,Gauteng,Suburban,Postpaid Contract,4G Smartphone,Debit Order,Good,None,Severe (Stage 4+),Moderate,8.9,216.9
2026-04-07,VP_12504,70,Gauteng,Urban,Postpaid Contract,4G Smartphone,Debit Order,Poor / Frequent Drops,None,Severe (Stage 4+),Moderate,10.2,236.58
2026-03-22,VP_12505,67,KwaZulu-Natal,Rural,Prepaid,5G Smartphone,Voucher Top-Up,Good,None,Minimal / No Impact,High Active,15.1,310.75
2026-02-14,VP_12506,41,Limpopo,Urban,Postpaid Contract,LTE Router/MiFi,Voucher Top-Up,Excellent,SIM Swap / Technical,Minimal / No Impact,Moderate,3.5,135.16
2026-04-28,VP_12507,60,Gauteng,Urban,Prepaid,5G Smartphone,Voucher Top-Up,Excellent,None,Moderate (Stage 1-3),Low / Inactive,12.2,266.85
2026-05-17,VP_12508,51,Western Cape,Urban,Prepaid,5G Smartphone,Voucher Top-Up,Poor / Frequent Drops,None,Minimal / No Impact,Moderate,39.6,681.59
2026-03-29,VP_12509,42,Gauteng,Urban,Postpaid Contract,5G Smartphone,Debit Order,Good,None,Minimal / No Impact,High Active,23,430.33
2026-05-20,VP_12510,67,Gauteng,Urban,Prepaid,4G Smartphone,Debit Order,Poor / Frequent Drops,Network Coverage,Minimal / No Impact,Moderate,3.6,136.68
2026-04-01,VP_12511,46,KwaZulu-Natal,Urban,Enterprise Hybrid,4G Smartphone,Debit Order,Excellent,Billing Query,Moderate (Stage 1-3),Moderate,9.3,222.95
2026-06-23,VP_12512,74,KwaZulu-Natal,Rural,Prepaid,4G Smartphone,Voucher Top-Up,Excellent,Billing Query,Moderate (Stage 1-3),Low / Inactive,8.7,213.87
2026-06-24,VP_12513,56,Gauteng,Suburban,Prepaid,5G Smartphone,Debit Order,Excellent,None,Severe (Stage 4+),High Active,48.9,822.36
2026-06-14,VP_12514,48,Gauteng,Suburban,Enterprise Hybrid,4G Smartphone,Voucher Top-Up,Excellent,None,Minimal / No Impact,Moderate,25.4,466.65
2026-06-27,VP_12515,73,Gauteng,Urban,Prepaid,4G Smartphone,Debit Order,Excellent,None,Minimal / No Impact,Moderate,39.6,681.59
2026-03-09,VP_12516,64,Gauteng,Suburban,Postpaid Contract,5G Smartphone,Credit Card,Good,Network Coverage,Moderate (Stage 1-3),Low / Inactive,2.5,120.03
2026-06-06,VP_12517,60,Limpopo,Urban,Prepaid,4G Smartphone,Voucher Top-Up,Good,None,Moderate (Stage 1-3),Moderate,15.8,321.34
2026-05-04,VP_12518,67,Limpopo,Suburban,Postpaid Contract,5G Smartphone,Voucher Top-Up,Excellent,None,Moderate (Stage 1-3),Low / Inactive,8.7,213.87
2026-02-19,VP_12519,40,Gauteng,Urban,Prepaid,4G Smartphone,Mobile App / EFT,Excellent,None,Moderate (Stage 1-3),High Active,10.1,235.06
2026-03-05,VP_12520,61,Western Cape,Urban,Prepaid,5G Smartphone,Voucher Top-Up,Good,None,Severe (Stage 4+),High Active,12.9,277.45
2026-03-13,VP_12521,55,Limpopo,Urban,Prepaid,4G Smartphone,Voucher Top-Up,Good,None,Moderate (Stage 1-3),Moderate,14,294.1
2026-05-23,VP_12522,37,Gauteng,Rural,Prepaid,Legacy Feature Phone,Credit Card,Good,None,Severe (Stage 4+),Moderate,12.3,268.36
2026-03-18,VP_12523,40,Eastern Cape,Urban,Postpaid Contract,Legacy Feature Phone,Voucher Top-Up,Good,None,Minimal / No Impact,Moderate,4.7,153.33
2026-02-27,VP_12524,62,Limpopo,Suburban,Prepaid,5G Smartphone,Mobile App / EFT,Fair,SIM Swap / Technical,Moderate (Stage 1-3),High Active,49.6,832.96
2026-03-18,VP_12525,69,Gauteng,Urban,Prepaid,4G Smartphone,Voucher Top-Up,Good,None,Minimal / No Impact,Moderate,18.1,356.16
2026-03-15,VP_12526,33,Gauteng,Suburban,Prepaid,5G Smartphone,Mobile App / EFT,Poor / Frequent Drops,None,Moderate (Stage 1-3),Moderate,60.2,993.41
2026-06-30,VP_12527,67,Limpopo,Rural,Postpaid Contract,LTE Router/MiFi,Debit Order,Good,None,Severe (Stage 4+),Moderate,37.8,654.35
2026-02-23,VP_12528,59,KwaZulu-Natal,Urban,Postpaid Contract,4G Smartphone,Debit Order,Excellent,Network Coverage,Severe (Stage 4+),High Active,10.4,239.61
2026-06-26,VP_12529,72,Gauteng,Urban,Prepaid,5G Smartphone,Voucher Top-Up,Excellent,None,Minimal / No Impact,Low / Inactive,37.6,651.32
2026-06-30,VP_12530,25,Gauteng,Rural,Prepaid,5G Smartphone,Debit Order,Good,None,Moderate (Stage 1-3),Moderate,5.4,163.92
2026-05-06,VP_12531,67,KwaZulu-Natal,Urban,Prepaid,LTE Router/MiFi,Debit Order,Good,None,Severe (Stage 4+),High Active,10.5,241.12
2026-03-23,VP_12532,38,Western Cape,Urban,Postpaid Contract,4G Smartphone,Debit Order,Good,None,Severe (Stage 4+),Moderate,13.4,285.01
2026-05-03,VP_12533,18,Western Cape,Suburban,Prepaid,5G Smartphone,Voucher Top-Up,Excellent,None,Moderate (Stage 1-3),Moderate,16.8,336.48
2026-03-31,VP_12534,72,Limpopo,Suburban,Prepaid,5G Smartphone,Mobile App / EFT,Good,None,Moderate (Stage 1-3),Moderate,11,248.69
2026-05-24,VP_12535,25,Gauteng,Urban,Postpaid Contract,5G Smartphone,Voucher Top-Up,Fair,Billing Query,Severe (Stage 4+),Moderate,15.1,310.75
2026-03-12,VP_12536,46,KwaZulu-Natal,Suburban,Enterprise Hybrid,4G Smartphone,Mobile App / EFT,Good,Billing Query,Moderate (Stage 1-3),Low / Inactive,20.9,398.54
2026-03-15,VP_12537,49,KwaZulu-Natal,Urban,Prepaid,LTE Router/MiFi,Voucher Top-Up,Good,Network Coverage,Moderate (Stage 1-3),Low / Inactive,15.7,319.83
2026-02-01,VP_12538,55,KwaZulu-Natal,Urban,Postpaid Contract,LTE Router/MiFi,Debit Order,Poor / Frequent Drops,None,Moderate (Stage 1-3),High Active,13.8,291.07
2026-05-27,VP_12539,22,Gauteng,Suburban,Prepaid,4G Smartphone,Debit Order,Good,None,Minimal / No Impact,High Active,34.1,598.34
2026-06-23,VP_12540,64,Limpopo,Urban,Enterprise Hybrid,4G Smartphone,Voucher Top-Up,Excellent,SIM Swap / Technical,Moderate (Stage 1-3),High Active,37.1,643.75
2026-05-20,VP_12541,39,Eastern Cape,Urban,Prepaid,4G Smartphone,Debit Order,Fair,Billing Query,Minimal / No Impact,Moderate,23.9,443.95
2026-04-08,VP_12542,64,KwaZulu-Natal,Suburban,Prepaid,5G Smartphone,Debit Order,Excellent,None,Severe (Stage 4+),High Active,7.9,201.76
2026-04-12,VP_12543,51,Western Cape,Rural,Postpaid Contract,Legacy Feature Phone,Voucher Top-Up,Good,None,Severe (Stage 4+),Low / Inactive,5.5,165.44
2026-03-30,VP_12544,18,Gauteng,Rural,Prepaid,5G Smartphone,Voucher Top-Up,Excellent,SIM Swap / Technical,Severe (Stage 4+),Moderate,16.5,331.94
2026-02-07,VP_12545,72,KwaZulu-Natal,Rural,Prepaid,5G Smartphone,Voucher Top-Up,Excellent,None,Moderate (Stage 1-3),Moderate,9.5,225.98
2026-03-16,VP_12546,72,Western Cape,Rural,Prepaid,Legacy Feature Phone,Mobile App / EFT,Excellent,Network Coverage,Minimal / No Impact,Moderate,21.1,401.57
2026-01-11,VP_12547,43,KwaZulu-Natal,Urban,Postpaid Contract,5G Smartphone,Voucher Top-Up,Excellent,None,Minimal / No Impact,Low / Inactive,6.8,185.11
2026-03-15,VP_12548,60,Limpopo,Urban,Prepaid,4G Smartphone,Voucher Top-Up,Excellent,None,Moderate (Stage 1-3),High Active,37.7,652.83
2026-01-21,VP_12549,27,Western Cape,Suburban,Postpaid Contract,LTE Router/MiFi,Credit Card,Excellent,None,Moderate (Stage 1-3),Moderate,51.2,857.18
2026-03-30,VP_12550,47,KwaZulu-Natal,Urban,Prepaid,4G Smartphone,Debit Order,Fair,None,Moderate (Stage 1-3),Moderate,17.1,341.02
2026-04-24,VP_12551,67,Eastern Cape,Suburban,Prepaid,5G Smartphone,Voucher Top-Up,Fair,None,Moderate (Stage 1-3),Moderate,13.3,283.5
2026-06-17,VP_12552,35,Gauteng,Suburban,Prepaid,5G Smartphone,Mobile App / EFT,Fair,Network Coverage,Severe (Stage 4+),Moderate,55.1,916.21
2026-03-07,VP_12553,34,KwaZulu-Natal,Urban,Prepaid,5G Smartphone,Voucher Top-Up,Fair,Billing Query,Moderate (Stage 1-3),High Active,27.7,501.47
2026-05-03,VP_12554,43,Gauteng,Rural,Postpaid Contract,4G Smartphone,Mobile App / EFT,Good,Billing Query,Moderate (Stage 1-3),Moderate,47.6,802.69
2026-02-24,VP_12555,25,KwaZulu-Natal,Urban,Postpaid Contract,4G Smartphone,Voucher Top-Up,Fair,None,Severe (Stage 4+),Low / Inactive,16.5,331.94
2026-02-21,VP_12556,64,Eastern Cape,Urban,Prepaid,4G Smartphone,Voucher Top-Up,Good,None,Severe (Stage 4+),High Active,8.1,204.79
2026-05-18,VP_12557,57,KwaZulu-Natal,Rural,Prepaid,4G Smartphone,Debit Order,Good,None,Severe (Stage 4+),Moderate,17.2,342.53
2026-03-11,VP_12558,66,Eastern Cape,Urban,Postpaid Contract,4G Smartphone,Credit Card,Good,SIM Swap / Technical,Moderate (Stage 1-3),High Active,34.2,599.86
2026-05-24,VP_12559,29,Western Cape,Urban,Postpaid Contract,4G Smartphone,Mobile App / EFT,Excellent,None,Severe (Stage 4+),Moderate,27.2,493.9
2026-06-28,VP_12560,44,Gauteng,Urban,Postpaid Contract,LTE Router/MiFi,Mobile App / EFT,Fair,None,Moderate (Stage 1-3),Low / Inactive,14.6,303.18
2026-03-11,VP_12561,25,Eastern Cape,Suburban,Postpaid Contract,5G Smartphone,Voucher Top-Up,Good,SIM Swap / Technical,Moderate (Stage 1-3),Moderate,5.8,169.98
2026-02-05,VP_12562,42,Gauteng,Suburban,Prepaid,4G Smartphone,Debit Order,Excellent,None,Moderate (Stage 1-3),Moderate,13.6,288.04
2026-01-28,VP_12563,63,Gauteng,Suburban,Postpaid Contract,4G Smartphone,Debit Order,Excellent,Network Coverage,Minimal / No Impact,High Active,5.9,171.49
2026-06-07,VP_12564,21,KwaZulu-Natal,Suburban,Prepaid,5G Smartphone,Mobile App / EFT,Excellent,Network Coverage,Moderate (Stage 1-3),Low / Inactive,54.7,910.16
2026-05-31,VP_12565,50,Gauteng,Urban,Prepaid,5G Smartphone,Voucher Top-Up,Fair,None,Moderate (Stage 1-3),Moderate,1.7,107.92
2026-03-03,VP_12566,18,Gauteng,Rural,Postpaid Contract,5G Smartphone,Debit Order,Poor / Frequent Drops,None,Minimal / No Impact,High Active,8.9,216.9
2026-03-04,VP_12567,36,Western Cape,Rural,Enterprise Hybrid,4G Smartphone,Voucher Top-Up,Excellent,SIM Swap / Technical,Moderate (Stage 1-3),Moderate,13.3,283.5
2026-01-13,VP_12568,48,KwaZulu-Natal,Urban,Postpaid Contract,5G Smartphone,Voucher Top-Up,Excellent,None,Minimal / No Impact,High Active,26.1,477.25
2026-06-21,VP_12569,33,KwaZulu-Natal,Urban,Prepaid,LTE Router/MiFi,Voucher Top-Up,Excellent,None,Moderate (Stage 1-3),Low / Inactive,20.4,390.97
2026-05-16,VP_12570,31,Limpopo,Rural,Prepaid,4G Smartphone,Voucher Top-Up,Fair,None,Severe (Stage 4+),High Active,2.9,126.08
2026-02-27,VP_12571,70,Western Cape,Rural,Prepaid,LTE Router/MiFi,Voucher Top-Up,Excellent,None,Moderate (Stage 1-3),Moderate,9.9,232.04
2026-06-13,VP_12572,65,Eastern Cape,Rural,Postpaid Contract,5G Smartphone,Mobile App / EFT,Poor / Frequent Drops,Billing Query,Severe (Stage 4+),High Active,12,263.82
2026-03-01,VP_12573,22,Gauteng,Rural,Prepaid,5G Smartphone,Debit Order,Good,SIM Swap / Technical,Severe (Stage 4+),Moderate,12.1,265.34
2026-01-14,VP_12574,58,KwaZulu-Natal,Urban,Postpaid Contract,5G Smartphone,Debit Order,Fair,Network Coverage,Severe (Stage 4+),Moderate,19.5,377.35
2026-01-26,VP_12575,43,Eastern Cape,Suburban,Prepaid,5G Smartphone,Voucher Top-Up,Good,SIM Swap / Technical,Severe (Stage 4+),Low / Inactive,41.3,707.33
2026-04-16,VP_12576,45,Western Cape,Urban,Postpaid Contract,LTE Router/MiFi,Credit Card,Good,None,Moderate (Stage 1-3),Moderate,4.3,147.27
2026-03-26,VP_12577,19,Western Cape,Urban,Enterprise Hybrid,5G Smartphone,Voucher Top-Up,Good,Billing Query,Minimal / No Impact,High Active,18.9,368.27
2026-05-01,VP_12578,67,KwaZulu-Natal,Suburban,Prepaid,4G Smartphone,Voucher Top-Up,Fair,None,Minimal / No Impact,High Active,5.7,168.46
2026-01-26,VP_12579,23,Gauteng,Urban,Prepaid,5G Smartphone,Voucher Top-Up,Fair,None,Severe (Stage 4+),Low / Inactive,31.4,557.47
2026-06-24,VP_12580,26,KwaZulu-Natal,Suburban,Postpaid Contract,4G Smartphone,Voucher Top-Up,Good,Network Coverage,Moderate (Stage 1-3),Moderate,23.1,431.84
2026-02-05,VP_12581,50,KwaZulu-Natal,Urban,Prepaid,4G Smartphone,Credit Card,Good,None,Severe (Stage 4+),Moderate,3,127.59
2026-01-02,VP_12582,58,Eastern Cape,Urban,Postpaid Contract,4G Smartphone,Mobile App / EFT,Poor / Frequent Drops,Network Coverage,Moderate (Stage 1-3),Low / Inactive,29.8,533.25
2026-05-21,VP_12583,42,Gauteng,Urban,Postpaid Contract,4G Smartphone,Voucher Top-Up,Poor / Frequent Drops,None,Minimal / No Impact,High Active,18.4,360.7
2026-02-10,VP_12584,65,Limpopo,Urban,Prepaid,5G Smartphone,Voucher Top-Up,Good,Network Coverage,Severe (Stage 4+),Moderate,3.4,133.65
2026-04-15,VP_12585,30,Limpopo,Urban,Postpaid Contract,LTE Router/MiFi,Debit Order,Excellent,None,Minimal / No Impact,High Active,15.2,312.26
2026-06-17,VP_12586,26,Gauteng,Urban,Prepaid,4G Smartphone,Voucher Top-Up,Excellent,None,Minimal / No Impact,High Active,23,430.33
2026-05-02,VP_12587,70,Gauteng,Rural,Enterprise Hybrid,4G Smartphone,Voucher Top-Up,Fair,None,Moderate (Stage 1-3),High Active,87.4,1405.12
2026-05-03,VP_12588,30,Limpopo,Urban,Prepaid,4G Smartphone,Voucher Top-Up,Excellent,None,Moderate (Stage 1-3),Low / Inactive,6.5,180.57
2026-06-16,VP_12589,48,Limpopo,Urban,Postpaid Contract,LTE Router/MiFi,Debit Order,Excellent,None,Moderate (Stage 1-3),Moderate,2.5,120.03
2026-02-21,VP_12590,58,KwaZulu-Natal,Suburban,Prepaid,4G Smartphone,Credit Card,Excellent,SIM Swap / Technical,Minimal / No Impact,High Active,9.9,232.04
2026-03-15,VP_12591,28,Gauteng,Suburban,Prepaid,4G Smartphone,Voucher Top-Up,Good,Billing Query,Moderate (Stage 1-3),High Active,20.4,390.97
2026-03-24,VP_12592,21,KwaZulu-Natal,Urban,Prepaid,4G Smartphone,Voucher Top-Up,Good,None,Moderate (Stage 1-3),High Active,20.5,392.48
2026-03-15,VP_12593,51,Western Cape,Suburban,Postpaid Contract,5G Smartphone,Debit Order,Excellent,None,Moderate (Stage 1-3),Low / Inactive,16.8,336.48
2026-06-15,VP_12594,55,Gauteng,Suburban,Prepaid,4G Smartphone,Voucher Top-Up,Excellent,None,Moderate (Stage 1-3),Moderate,16.4,330.42
2026-01-16,VP_12595,63,Western Cape,Urban,Postpaid Contract,4G Smartphone,Mobile App / EFT,Fair,None,Minimal / No Impact,Low / Inactive,14.4,300.15
2026-01-23,VP_12596,21,Gauteng,Urban,Prepaid,4G Smartphone,Voucher Top-Up,Poor / Frequent Drops,None,Minimal / No Impact,Low / Inactive,13.5,286.53
2026-06-16,VP_12597,55,Gauteng,Rural,Postpaid Contract,4G Smartphone,Voucher Top-Up,Excellent,None,Moderate (Stage 1-3),Low / Inactive,43.1,734.57
2026-05-27,VP_12598,36,KwaZulu-Natal,Suburban,Postpaid Contract,5G Smartphone,Debit Order,Excellent,Billing Query,Moderate (Stage 1-3),High Active,7.4,194.2
2026-03-01,VP_12599,23,KwaZulu-Natal,Suburban,Prepaid,4G Smartphone,Voucher Top-Up,Good,None,Minimal / No Impact,High Active,10.9,247.17
2026-05-17,VP_12600,51,Gauteng,Urban,Prepaid,LTE Router/MiFi,Credit Card,Fair,None,Severe (Stage 4+),Moderate,4.3,147.27
2026-01-10,VP_12601,35,KwaZulu-Natal,Urban,Prepaid,LTE Router/MiFi,Voucher Top-Up,Fair,None,Moderate (Stage 1-3),Moderate,21.4,406.11
2026-02-14,VP_12602,30,Gauteng,Suburban,Prepaid,5G Smartphone,Credit Card,Good,None,Moderate (Stage 1-3),Moderate,33.4,587.75
2026-04-17,VP_12603,58,Gauteng,Urban,Prepaid,4G Smartphone,Credit Card,Fair,Network Coverage,Moderate (Stage 1-3),High Active,17.3,344.05
2026-02-15,VP_12604,40,Gauteng,Urban,Postpaid Contract,4G Smartphone,Credit Card,Excellent,None,Moderate (Stage 1-3),Low / Inactive,44.6,757.28
2026-01-10,VP_12605,36,Limpopo,Suburban,Prepaid,4G Smartphone,Mobile App / EFT,Excellent,None,Moderate (Stage 1-3),High Active,15.1,310.75
2026-04-12,VP_12606,62,KwaZulu-Natal,Urban,Postpaid Contract,4G Smartphone,Debit Order,Good,None,Moderate (Stage 1-3),High Active,4.1,144.24
2026-05-07,VP_12607,28,KwaZulu-Natal,Suburban,Enterprise Hybrid,LTE Router/MiFi,Credit Card,Fair,Network Coverage,Severe (Stage 4+),Moderate,24.5,453.03
2026-02-17,VP_12608,18,Western Cape,Suburban,Prepaid,4G Smartphone,Debit Order,Good,Billing Query,Severe (Stage 4+),High Active,2.5,120.03
2026-03-16,VP_12609,41,Limpopo,Urban,Postpaid Contract,4G Smartphone,Debit Order,Poor / Frequent Drops,None,Severe (Stage 4+),High Active,8.3,207.82
2026-01-10,VP_12610,71,Gauteng,Suburban,Prepaid,5G Smartphone,Debit Order,Fair,None,Severe (Stage 4+),High Active,13.8,291.07
2026-01-03,VP_12611,24,Western Cape,Urban,Postpaid Contract,5G Smartphone,Debit Order,Good,None,Moderate (Stage 1-3),High Active,7.7,198.74
2026-03-18,VP_12612,42,Western Cape,Suburban,Prepaid,5G Smartphone,Voucher Top-Up,Excellent,None,Moderate (Stage 1-3),High Active,70.5,1149.31
2026-05-26,VP_12613,38,Western Cape,Urban,Postpaid Contract,LTE Router/MiFi,Voucher Top-Up,Excellent,SIM Swap / Technical,Severe (Stage 4+),High Active,17,339.51
2026-06-04,VP_12614,32,Gauteng,Urban,Enterprise Hybrid,4G Smartphone,Debit Order,Fair,None,Moderate (Stage 1-3),Moderate,16.4,330.42
2026-01-28,VP_12615,18,Western Cape,Suburban,Prepaid,4G Smartphone,Voucher Top-Up,Excellent,Network Coverage,Moderate (Stage 1-3),Moderate,23.4,436.38
2026-03-27,VP_12616,29,Gauteng,Urban,Postpaid Contract,4G Smartphone,Voucher Top-Up,Excellent,None,Severe (Stage 4+),Moderate,7.4,194.2
2026-03-14,VP_12617,24,Western Cape,Rural,Prepaid,4G Smartphone,Mobile App / EFT,Poor / Frequent Drops,None,Moderate (Stage 1-3),Moderate,25.6,469.68
2026-04-27,VP_12618,32,Western Cape,Urban,Prepaid,4G Smartphone,Debit Order,Fair,SIM Swap / Technical,Moderate (Stage 1-3),High Active,29.7,531.74
2026-06-14,VP_12619,38,Gauteng,Urban,Postpaid Contract,5G Smartphone,Debit Order,Excellent,None,Severe (Stage 4+),High Active,23.8,442.44
2026-05-20,VP_12620,36,Eastern Cape,Urban,Prepaid,4G Smartphone,Debit Order,Fair,None,Severe (Stage 4+),Low / Inactive,73,1187.16
2026-05-15,VP_12621,46,Gauteng,Urban,Postpaid Contract,5G Smartphone,Debit Order,Excellent,Network Coverage,Minimal / No Impact,Moderate,10.2,236.58
2026-05-07,VP_12622,42,Eastern Cape,Urban,Prepaid,5G Smartphone,Voucher Top-Up,Excellent,SIM Swap / Technical,Moderate (Stage 1-3),High Active,15,309.23
2026-02-04,VP_12623,50,KwaZulu-Natal,Suburban,Postpaid Contract,5G Smartphone,Voucher Top-Up,Good,Network Coverage,Moderate (Stage 1-3),Low / Inactive,4.1,144.24
2026-05-10,VP_12624,66,Gauteng,Suburban,Prepaid,5G Smartphone,Debit Order,Fair,Network Coverage,Moderate (Stage 1-3),Moderate,13.6,288.04
2026-04-30,VP_12625,49,Gauteng,Rural,Prepaid,5G Smartphone,Voucher Top-Up,Excellent,Billing Query,Minimal / No Impact,High Active,15.8,321.34
2026-03-11,VP_12626,66,Limpopo,Rural,Prepaid,4G Smartphone,Voucher Top-Up,Excellent,None,Minimal / No Impact,Low / Inactive,21.7,410.65
2026-02-19,VP_12627,52,Gauteng,Urban,Prepaid,5G Smartphone,Credit Card,Excellent,Billing Query,Moderate (Stage 1-3),Moderate,16.1,325.88
2026-01-29,VP_12628,61,Gauteng,Suburban,Prepaid,4G Smartphone,Debit Order,Poor / Frequent Drops,SIM Swap / Technical,Moderate (Stage 1-3),Low / Inactive,7.4,194.2
2026-03-26,VP_12629,55,Gauteng,Urban,Prepaid,5G Smartphone,Mobile App / EFT,Good,None,Moderate (Stage 1-3),High Active,23.5,437.89
2026-02-11,VP_12630,43,Western Cape,Suburban,Prepaid,5G Smartphone,Voucher Top-Up,Good,None,Severe (Stage 4+),High Active,21,400.05
2026-04-28,VP_12631,28,KwaZulu-Natal,Urban,Prepaid,4G Smartphone,Debit Order,Excellent,None,Minimal / No Impact,Moderate,14,294.1
2026-06-15,VP_12632,52,Gauteng,Rural,Prepaid,LTE Router/MiFi,Credit Card,Good,Billing Query,Moderate (Stage 1-3),High Active,10.7,244.15
2026-03-07,VP_12633,25,Gauteng,Suburban,Prepaid,LTE Router/MiFi,Mobile App / EFT,Good,None,Moderate (Stage 1-3),High Active,8.2,206.3
2026-02-17,VP_12634,63,Gauteng,Rural,Prepaid,Legacy Feature Phone,Voucher Top-Up,Fair,Billing Query,Minimal / No Impact,Low / Inactive,40,687.65
2026-01-04,VP_12635,31,Gauteng,Suburban,Enterprise Hybrid,4G Smartphone,Voucher Top-Up,Excellent,None,Severe (Stage 4+),High Active,28.6,515.09
2026-03-28,VP_12636,27,KwaZulu-Natal,Rural,Prepaid,4G Smartphone,Voucher Top-Up,Poor / Frequent Drops,None,Severe (Stage 4+),Low / Inactive,27.8,502.98
2026-03-17,VP_12637,19,Western Cape,Suburban,Prepaid,4G Smartphone,Debit Order,Good,None,Moderate (Stage 1-3),Moderate,15.8,321.34
2026-05-26,VP_12638,63,Gauteng,Urban,Prepaid,4G Smartphone,Debit Order,Excellent,None,Moderate (Stage 1-3),Low / Inactive,32.7,577.15
2026-06-22,VP_12639,26,KwaZulu-Natal,Urban,Postpaid Contract,5G Smartphone,Mobile App / EFT,Excellent,None,Moderate (Stage 1-3),Moderate,19.2,372.81
2026-02-19,VP_12640,20,KwaZulu-Natal,Urban,Prepaid,4G Smartphone,Mobile App / EFT,Good,None,Severe (Stage 4+),Moderate,15.3,313.77
2026-02-14,VP_12641,38,Limpopo,Urban,Postpaid Contract,5G Smartphone,Debit Order,Poor / Frequent Drops,None,Moderate (Stage 1-3),Moderate,8,203.28
2026-06-06,VP_12642,43,Limpopo,Urban,Prepaid,4G Smartphone,Mobile App / EFT,Good,None,Severe (Stage 4+),Moderate,16,324.37
2026-06-13,VP_12643,25,Eastern Cape,Urban,Prepaid,4G Smartphone,Voucher Top-Up,Good,None,Moderate (Stage 1-3),Moderate,1.2,100.35
2026-04-14,VP_12644,65,Gauteng,Urban,Postpaid Contract,5G Smartphone,Debit Order,Excellent,None,Severe (Stage 4+),High Active,31.9,565.04
2026-04-20,VP_12645,19,Gauteng,Rural,Prepaid,5G Smartphone,Voucher Top-Up,Excellent,SIM Swap / Technical,Moderate (Stage 1-3),High Active,7.1,189.65
2026-05-12,VP_12646,23,Gauteng,Rural,Prepaid,5G Smartphone,Voucher Top-Up,Good,Billing Query,Minimal / No Impact,High Active,8.8,215.39
2026-03-25,VP_12647,45,Gauteng,Urban,Postpaid Contract,Legacy Feature Phone,Mobile App / EFT,Good,Network Coverage,Minimal / No Impact,Moderate,11.9,262.31
2026-01-23,VP_12648,70,KwaZulu-Natal,Urban,Postpaid Contract,5G Smartphone,Mobile App / EFT,Fair,None,Moderate (Stage 1-3),Moderate,8.1,204.79
2026-04-13,VP_12649,46,Eastern Cape,Urban,Postpaid Contract,5G Smartphone,Debit Order,Excellent,None,Moderate (Stage 1-3),High Active,22.4,421.24
2026-06-21,VP_12650,43,Eastern Cape,Urban,Postpaid Contract,LTE Router/MiFi,Voucher Top-Up,Excellent,None,Moderate (Stage 1-3),High Active,35.3,616.51
2026-01-25,VP_12651,42,Eastern Cape,Suburban,Postpaid Contract,4G Smartphone,Mobile App / EFT,Excellent,Billing Query,Moderate (Stage 1-3),Low / Inactive,36.8,639.21
2026-02-17,VP_12652,29,KwaZulu-Natal,Urban,Postpaid Contract,5G Smartphone,Mobile App / EFT,Poor / Frequent Drops,None,Minimal / No Impact,Moderate,13.6,288.04
2026-02-05,VP_12653,22,Western Cape,Suburban,Prepaid,5G Smartphone,Debit Order,Good,Billing Query,Minimal / No Impact,Low / Inactive,9.3,222.95
2026-05-03,VP_12654,51,Gauteng,Rural,Postpaid Contract,5G Smartphone,Voucher Top-Up,Excellent,None,Minimal / No Impact,Low / Inactive,33.7,592.29
2026-03-24,VP_12655,65,Gauteng,Suburban,Postpaid Contract,5G Smartphone,Mobile App / EFT,Excellent,None,Minimal / No Impact,High Active,5.8,169.98
2026-03-05,VP_12656,54,Western Cape,Urban,Prepaid,5G Smartphone,Debit Order,Excellent,None,Severe (Stage 4+),Low / Inactive,30.5,543.85
2026-01-02,VP_12657,32,Gauteng,Suburban,Prepaid,4G Smartphone,Voucher Top-Up,Good,Network Coverage,Moderate (Stage 1-3),High Active,23.1,431.84
2026-03-08,VP_12658,61,KwaZulu-Natal,Urban,Prepaid,4G Smartphone,Mobile App / EFT,Fair,None,Minimal / No Impact,Low / Inactive,21.9,413.68
2026-04-09,VP_12659,53,Gauteng,Urban,Postpaid Contract,4G Smartphone,Debit Order,Poor / Frequent Drops,None,Minimal / No Impact,Moderate,9.6,227.5
2026-03-02,VP_12660,32,Western Cape,Urban,Prepaid,4G Smartphone,Mobile App / EFT,Good,SIM Swap / Technical,Minimal / No Impact,Moderate,28.5,513.58
2026-04-25,VP_12661,60,Eastern Cape,Urban,Enterprise Hybrid,5G Smartphone,Debit Order,Excellent,Billing Query,Moderate (Stage 1-3),Moderate,16.9,337.99
2026-03-10,VP_12662,65,Gauteng,Urban,Prepaid,5G Smartphone,Debit Order,Good,None,Moderate (Stage 1-3),Low / Inactive,29.3,525.69
2026-03-26,VP_12663,40,Eastern Cape,Urban,Postpaid Contract,4G Smartphone,Debit Order,Fair,None,Severe (Stage 4+),Moderate,3.7,138.19
2026-03-19,VP_12664,23,Gauteng,Suburban,Prepaid,5G Smartphone,Debit Order,Excellent,None,Moderate (Stage 1-3),Moderate,1.8,109.43
2026-05-30,VP_12665,63,KwaZulu-Natal,Suburban,Postpaid Contract,LTE Router/MiFi,Debit Order,Fair,None,Moderate (Stage 1-3),High Active,60.5,997.95
2026-05-27,VP_12666,67,Western Cape,Urban,Postpaid Contract,4G Smartphone,Voucher Top-Up,Fair,Billing Query,Minimal / No Impact,Low / Inactive,3.4,133.65
2026-01-03,VP_12667,61,Western Cape,Urban,Postpaid Contract,4G Smartphone,Debit Order,Good,None,Minimal / No Impact,High Active,39.6,681.59
2026-03-08,VP_12668,60,Limpopo,Suburban,Postpaid Contract,5G Smartphone,Credit Card,Good,Network Coverage,Moderate (Stage 1-3),Moderate,26.6,484.82
2026-06-17,VP_12669,62,Gauteng,Urban,Postpaid Contract,5G Smartphone,Voucher Top-Up,Good,None,Severe (Stage 4+),Moderate,28.8,518.12
2026-04-03,VP_12670,38,Western Cape,Rural,Prepaid,4G Smartphone,Voucher Top-Up,Good,None,Moderate (Stage 1-3),Moderate,2.3,117
2026-06-27,VP_12671,40,Western Cape,Suburban,Prepaid,4G Smartphone,Voucher Top-Up,Excellent,SIM Swap / Technical,Moderate (Stage 1-3),Moderate,24.5,453.03
2026-03-02,VP_12672,60,Limpopo,Urban,Postpaid Contract,5G Smartphone,Voucher Top-Up,Excellent,None,Severe (Stage 4+),Low / Inactive,16.4,330.42
2026-01-16,VP_12673,72,Gauteng,Urban,Prepaid,Legacy Feature Phone,Voucher Top-Up,Excellent,Network Coverage,Severe (Stage 4+),Low / Inactive,5.8,169.98
2026-06-20,VP_12674,33,Eastern Cape,Urban,Prepaid,5G Smartphone,Debit Order,Fair,Billing Query,Minimal / No Impact,High Active,10.1,235.06
2026-01-31,VP_12675,64,KwaZulu-Natal,Urban,Prepaid,5G Smartphone,Mobile App / EFT,Good,None,Severe (Stage 4+),Low / Inactive,14.3,298.64
2026-04-30,VP_12676,70,Gauteng,Urban,Prepaid,4G Smartphone,Voucher Top-Up,Good,None,Severe (Stage 4+),Low / Inactive,13.1,280.47
2026-03-20,VP_12677,32,KwaZulu-Natal,Suburban,Prepaid,4G Smartphone,Debit Order,Fair,None,Moderate (Stage 1-3),Low / Inactive,50.1,840.53
2026-02-10,VP_12678,42,Gauteng,Urban,Postpaid Contract,Legacy Feature Phone,Voucher Top-Up,Excellent,SIM Swap / Technical,Minimal / No Impact,Low / Inactive,12.4,269.88
2026-04-14,VP_12679,53,Western Cape,Urban,Prepaid,4G Smartphone,Voucher Top-Up,Good,None,Minimal / No Impact,Moderate,36,627.1
2026-06-25,VP_12680,28,Limpopo,Suburban,Prepaid,5G Smartphone,Debit Order,Good,None,Minimal / No Impact,High Active,20.9,398.54
2026-05-09,VP_12681,68,KwaZulu-Natal,Urban,Prepaid,4G Smartphone,Mobile App / EFT,Excellent,None,Moderate (Stage 1-3),Moderate,3.2,130.62
2026-06-30,VP_12682,32,Western Cape,Urban,Postpaid Contract,5G Smartphone,Voucher Top-Up,Excellent,None,Moderate (Stage 1-3),Moderate,5.4,163.92
2026-03-21,VP_12683,21,KwaZulu-Natal,Urban,Enterprise Hybrid,4G Smartphone,Voucher Top-Up,Poor / Frequent Drops,None,Minimal / No Impact,Low / Inactive,3.8,139.7
2026-06-26,VP_12684,38,Gauteng,Urban,Postpaid Contract,4G Smartphone,Voucher Top-Up,Fair,None,Moderate (Stage 1-3),Moderate,20.7,395.51
2026-01-31,VP_12685,30,Gauteng,Suburban,Prepaid,5G Smartphone,Credit Card,Excellent,SIM Swap / Technical,Moderate (Stage 1-3),Low / Inactive,24.5,453.03
2026-06-13,VP_12686,39,KwaZulu-Natal,Urban,Enterprise Hybrid,4G Smartphone,Debit Order,Poor / Frequent Drops,None,Moderate (Stage 1-3),Moderate,9.8,230.52
2026-03-17,VP_12687,36,Gauteng,Suburban,Postpaid Contract,4G Smartphone,Voucher Top-Up,Fair,None,Minimal / No Impact,High Active,27.2,493.9
2026-04-05,VP_12688,51,Gauteng,Urban,Postpaid Contract,4G Smartphone,Debit Order,Excellent,Billing Query,Minimal / No Impact,High Active,20.6,394
2026-06-07,VP_12689,31,KwaZulu-Natal,Urban,Postpaid Contract,4G Smartphone,Voucher Top-Up,Excellent,Network Coverage,Moderate (Stage 1-3),Low / Inactive,30.2,539.31
2026-02-26,VP_12690,21,Gauteng,Urban,Prepaid,5G Smartphone,Debit Order,Excellent,None,Moderate (Stage 1-3),High Active,21.1,401.57
2026-02-26,VP_12691,65,Gauteng,Suburban,Prepaid,5G Smartphone,Debit Order,Good,None,Minimal / No Impact,High Active,25.7,471.19
2026-02-04,VP_12692,70,KwaZulu-Natal,Urban,Prepaid,5G Smartphone,Mobile App / EFT,Good,None,Severe (Stage 4+),Moderate,10.9,247.17
2026-05-03,VP_12693,69,Gauteng,Urban,Prepaid,5G Smartphone,Voucher Top-Up,Excellent,None,Moderate (Stage 1-3),Low / Inactive,17.1,341.02
2026-02-09,VP_12694,63,Limpopo,Suburban,Postpaid Contract,4G Smartphone,Debit Order,Good,Billing Query,Moderate (Stage 1-3),Moderate,8.7,213.87
2026-04-27,VP_12695,44,Eastern Cape,Urban,Postpaid Contract,Legacy Feature Phone,Voucher Top-Up,Excellent,None,Moderate (Stage 1-3),Low / Inactive,51,854.15
2026-06-05,VP_12696,46,Western Cape,Urban,Postpaid Contract,4G Smartphone,Voucher Top-Up,Excellent,Billing Query,Moderate (Stage 1-3),High Active,26.3,480.28
2026-04-06,VP_12697,64,Gauteng,Suburban,Prepaid,4G Smartphone,Debit Order,Good,None,Moderate (Stage 1-3),High Active,20.1,386.43
2026-04-17,VP_12698,45,Eastern Cape,Urban,Prepaid,4G Smartphone,Debit Order,Excellent,Network Coverage,Moderate (Stage 1-3),Moderate,3.9,141.22
2026-06-29,VP_12699,52,Eastern Cape,Suburban,Prepaid,5G Smartphone,Credit Card,Good,None,Minimal / No Impact,Low / Inactive,35.2,614.99
2026-05-21,VP_12700,25,Eastern Cape,Urban,Prepaid,LTE Router/MiFi,Voucher Top-Up,Poor / Frequent Drops,Network Coverage,Moderate (Stage 1-3),Moderate,39.9,686.13
2026-05-01,VP_12701,33,Gauteng,Suburban,Prepaid,Legacy Feature Phone,Voucher Top-Up,Excellent,None,Minimal / No Impact,High Active,5.9,171.49
2026-05-18,VP_12702,59,Western Cape,Suburban,Postpaid Contract,4G Smartphone,Mobile App / EFT,Excellent,Billing Query,Moderate (Stage 1-3),Moderate,15.9,322.86
2026-06-20,VP_12703,53,Eastern Cape,Urban,Prepaid,5G Smartphone,Voucher Top-Up,Excellent,None,Moderate (Stage 1-3),Low / Inactive,18.8,366.75
2026-02-25,VP_12704,47,Western Cape,Suburban,Enterprise Hybrid,4G Smartphone,Debit Order,Good,None,Moderate (Stage 1-3),High Active,7.3,192.68
2026-03-05,VP_12705,35,Western Cape,Rural,Prepaid,5G Smartphone,Debit Order,Good,Network Coverage,Moderate (Stage 1-3),High Active,11.6,257.77
2026-06-24,VP_12706,19,KwaZulu-Natal,Urban,Postpaid Contract,4G Smartphone,Voucher Top-Up,Good,None,Severe (Stage 4+),Moderate,10.4,239.61
2026-06-02,VP_12707,66,KwaZulu-Natal,Urban,Prepaid,4G Smartphone,Mobile App / EFT,Good,None,Moderate (Stage 1-3),High Active,33.8,593.8
2026-01-21,VP_12708,30,Gauteng,Suburban,Prepaid,5G Smartphone,Debit Order,Excellent,Billing Query,Minimal / No Impact,Moderate,46.7,789.06
2026-05-15,VP_12709,21,Western Cape,Suburban,Postpaid Contract,Legacy Feature Phone,Debit Order,Excellent,Billing Query,Moderate (Stage 1-3),High Active,14.2,297.12
2026-04-25,VP_12710,43,Gauteng,Urban,Postpaid Contract,Legacy Feature Phone,Mobile App / EFT,Excellent,None,Moderate (Stage 1-3),High Active,23.7,440.92
2026-05-16,VP_12711,42,KwaZulu-Natal,Rural,Prepaid,LTE Router/MiFi,Debit Order,Good,None,Severe (Stage 4+),Moderate,3.2,130.62
2026-06-30,VP_12712,47,Gauteng,Urban,Prepaid,4G Smartphone,Voucher Top-Up,Excellent,None,Severe (Stage 4+),High Active,38.9,671
2026-04-03,VP_12713,28,KwaZulu-Natal,Suburban,Prepaid,5G Smartphone,Debit Order,Fair,Network Coverage,Moderate (Stage 1-3),High Active,24.4,451.52
2026-01-20,VP_12714,24,Gauteng,Suburban,Postpaid Contract,4G Smartphone,Voucher Top-Up,Good,None,Severe (Stage 4+),Low / Inactive,18.7,365.24
2026-05-25,VP_12715,48,Western Cape,Rural,Enterprise Hybrid,4G Smartphone,Voucher Top-Up,Excellent,Billing Query,Severe (Stage 4+),High Active,15.5,316.8
2026-01-29,VP_12716,61,Eastern Cape,Urban,Prepaid,5G Smartphone,Debit Order,Good,None,Moderate (Stage 1-3),Moderate,8.7,213.87
2026-01-16,VP_12717,27,Gauteng,Suburban,Prepaid,4G Smartphone,Voucher Top-Up,Poor / Frequent Drops,None,Moderate (Stage 1-3),Low / Inactive,33.9,595.31
2026-05-21,VP_12718,56,Gauteng,Urban,Enterprise Hybrid,4G Smartphone,Voucher Top-Up,Excellent,None,Severe (Stage 4+),High Active,25.6,469.68
2026-05-10,VP_12719,30,Gauteng,Urban,Prepaid,5G Smartphone,Voucher Top-Up,Excellent,Billing Query,Severe (Stage 4+),High Active,30.2,539.31
2026-02-21,VP_12720,48,Eastern Cape,Urban,Postpaid Contract,5G Smartphone,Voucher Top-Up,Good,None,Severe (Stage 4+),Moderate,17.9,353.13
2026-05-27,VP_12721,24,KwaZulu-Natal,Suburban,Prepaid,5G Smartphone,Voucher Top-Up,Good,None,Severe (Stage 4+),Moderate,37.3,646.78
2026-05-18,VP_12722,73,KwaZulu-Natal,Urban,Prepaid,4G Smartphone,Voucher Top-Up,Excellent,None,Severe (Stage 4+),Moderate,9.3,222.95
2026-02-08,VP_12723,66,Gauteng,Urban,Prepaid,4G Smartphone,Voucher Top-Up,Poor / Frequent Drops,None,Moderate (Stage 1-3),Low / Inactive,43.9,746.68
2026-02-12,VP_12724,59,Western Cape,Suburban,Prepaid,5G Smartphone,Voucher Top-Up,Good,None,Moderate (Stage 1-3),High Active,35.8,624.07
2026-03-25,VP_12725,59,Eastern Cape,Suburban,Prepaid,Legacy Feature Phone,Voucher Top-Up,Fair,None,Moderate (Stage 1-3),Moderate,20.7,395.51
2026-05-14,VP_12726,73,Eastern Cape,Suburban,Postpaid Contract,5G Smartphone,Voucher Top-Up,Excellent,Billing Query,Minimal / No Impact,Low / Inactive,7.3,192.68
2026-04-24,VP_12727,53,Western Cape,Rural,Postpaid Contract,4G Smartphone,Debit Order,Fair,None,Moderate (Stage 1-3),High Active,34.7,607.42
2026-01-30,VP_12728,37,Gauteng,Urban,Postpaid Contract,4G Smartphone,Debit Order,Excellent,None,Severe (Stage 4+),High Active,8.9,216.9
2026-06-24,VP_12729,21,Gauteng,Rural,Postpaid Contract,4G Smartphone,Debit Order,Excellent,SIM Swap / Technical,Severe (Stage 4+),Moderate,13.6,288.04
2026-02-22,VP_12730,71,Gauteng,Rural,Prepaid,5G Smartphone,Credit Card,Poor / Frequent Drops,None,Minimal / No Impact,Low / Inactive,5,157.87
2026-05-30,VP_12731,24,Gauteng,Urban,Prepaid,LTE Router/MiFi,Mobile App / EFT,Excellent,SIM Swap / Technical,Minimal / No Impact,High Active,7.4,194.2
2026-05-06,VP_12732,71,Gauteng,Urban,Postpaid Contract,LTE Router/MiFi,Voucher Top-Up,Poor / Frequent Drops,None,Severe (Stage 4+),Moderate,19.3,374.32
2026-01-24,VP_12733,18,Gauteng,Urban,Prepaid,4G Smartphone,Debit Order,Good,None,Severe (Stage 4+),High Active,46.6,787.55
2026-05-11,VP_12734,61,KwaZulu-Natal,Urban,Prepaid,4G Smartphone,Debit Order,Poor / Frequent Drops,None,Moderate (Stage 1-3),Moderate,22.9,428.81
2026-04-25,VP_12735,73,Limpopo,Suburban,Prepaid,5G Smartphone,Mobile App / EFT,Good,None,Moderate (Stage 1-3),High Active,23.9,443.95
2026-01-15,VP_12736,62,Western Cape,Suburban,Prepaid,4G Smartphone,Mobile App / EFT,Fair,None,Moderate (Stage 1-3),Moderate,22.5,422.76
2026-04-27,VP_12737,59,Eastern Cape,Suburban,Prepaid,4G Smartphone,Debit Order,Excellent,None,Moderate (Stage 1-3),Moderate,25.6,469.68
2026-02-03,VP_12738,64,Western Cape,Urban,Postpaid Contract,4G Smartphone,Mobile App / EFT,Good,Billing Query,Severe (Stage 4+),Low / Inactive,27.6,499.95
2026-05-12,VP_12739,30,Gauteng,Urban,Enterprise Hybrid,4G Smartphone,Voucher Top-Up,Good,None,Severe (Stage 4+),Low / Inactive,34.1,598.34
2026-04-17,VP_12740,72,Western Cape,Rural,Postpaid Contract,4G Smartphone,Debit Order,Fair,None,Moderate (Stage 1-3),Low / Inactive,40.9,701.27
2026-04-27,VP_12741,39,Gauteng,Urban,Enterprise Hybrid,5G Smartphone,Voucher Top-Up,Excellent,None,Minimal / No Impact,High Active,10.8,245.66
2026-05-25,VP_12742,71,Western Cape,Rural,Enterprise Hybrid,5G Smartphone,Voucher Top-Up,Good,Billing Query,Severe (Stage 4+),High Active,32.6,575.64
2026-01-15,VP_12743,38,Gauteng,Urban,Prepaid,5G Smartphone,Mobile App / EFT,Good,None,Moderate (Stage 1-3),Moderate,47.1,795.12
2026-05-24,VP_12744,39,Limpopo,Rural,Prepaid,5G Smartphone,Debit Order,Excellent,None,Moderate (Stage 1-3),Moderate,12.1,265.34
2026-04-29,VP_12745,45,Gauteng,Urban,Postpaid Contract,4G Smartphone,Debit Order,Good,Network Coverage,Severe (Stage 4+),Moderate,8.1,204.79
2026-06-22,VP_12746,26,Gauteng,Urban,Prepaid,4G Smartphone,Debit Order,Fair,SIM Swap / Technical,Minimal / No Impact,High Active,35.5,619.53
2026-03-20,VP_12747,43,Limpopo,Urban,Prepaid,4G Smartphone,Debit Order,Excellent,None,Moderate (Stage 1-3),Moderate,44.8,760.3
2026-01-06,VP_12748,26,Gauteng,Suburban,Prepaid,4G Smartphone,Voucher Top-Up,Good,SIM Swap / Technical,Moderate (Stage 1-3),High Active,13.3,283.5
2026-04-12,VP_12749,32,Western Cape,Rural,Prepaid,4G Smartphone,Debit Order,Poor / Frequent Drops,None,Moderate (Stage 1-3),Moderate,40.6,696.73
2026-03-07,VP_12750,27,Western Cape,Urban,Prepaid,5G Smartphone,Voucher Top-Up,Excellent,SIM Swap / Technical,Severe (Stage 4+),High Active,40.3,692.19
2026-01-01,VP_12751,41,Eastern Cape,Rural,Prepaid,5G Smartphone,Voucher Top-Up,Good,None,Moderate (Stage 1-3),Low / Inactive,14.8,306.21
2026-02-25,VP_12752,74,Limpopo,Suburban,Prepaid,5G Smartphone,Voucher Top-Up,Good,Network Coverage,Moderate (Stage 1-3),High Active,10.1,235.06
2026-05-29,VP_12753,59,Limpopo,Suburban,Postpaid Contract,4G Smartphone,Voucher Top-Up,Fair,Billing Query,Severe (Stage 4+),Low / Inactive,11.2,251.71
2026-01-19,VP_12754,25,Gauteng,Suburban,Prepaid,5G Smartphone,Voucher Top-Up,Good,None,Moderate (Stage 1-3),Low / Inactive,19.6,378.86
2026-01-12,VP_12755,41,Eastern Cape,Urban,Postpaid Contract,5G Smartphone,Debit Order,Good,None,Severe (Stage 4+),Low / Inactive,9.3,222.95
2026-04-19,VP_12756,33,Western Cape,Urban,Prepaid,4G Smartphone,Debit Order,Excellent,None,Severe (Stage 4+),Low / Inactive,7,188.14
2026-03-30,VP_12757,66,Western Cape,Rural,Prepaid,LTE Router/MiFi,Debit Order,Good,None,Moderate (Stage 1-3),High Active,10.4,239.61
2026-06-29,VP_12758,43,Gauteng,Rural,Prepaid,4G Smartphone,Debit Order,Fair,None,Severe (Stage 4+),Moderate,33.1,583.21
2026-01-17,VP_12759,44,Western Cape,Rural,Prepaid,4G Smartphone,Debit Order,Excellent,SIM Swap / Technical,Moderate (Stage 1-3),Low / Inactive,16.2,327.4
2026-05-19,VP_12760,54,Limpopo,Rural,Postpaid Contract,4G Smartphone,Debit Order,Excellent,None,Minimal / No Impact,High Active,8.8,215.39
2026-01-16,VP_12761,21,Limpopo,Urban,Postpaid Contract,4G Smartphone,Voucher Top-Up,Fair,None,Severe (Stage 4+),Moderate,20,384.92
2026-01-18,VP_12762,67,KwaZulu-Natal,Suburban,Postpaid Contract,4G Smartphone,Credit Card,Good,None,Moderate (Stage 1-3),Moderate,22.1,416.7
2026-05-01,VP_12763,41,Gauteng,Urban,Enterprise Hybrid,4G Smartphone,Debit Order,Good,None,Moderate (Stage 1-3),Moderate,6.1,174.52
2026-01-09,VP_12764,36,KwaZulu-Natal,Rural,Prepaid,5G Smartphone,Mobile App / EFT,Poor / Frequent Drops,None,Moderate (Stage 1-3),Low / Inactive,1.3,101.86
2026-03-15,VP_12765,53,Eastern Cape,Urban,Prepaid,5G Smartphone,Debit Order,Fair,None,Moderate (Stage 1-3),Moderate,3.3,132.14
2026-04-15,VP_12766,56,Western Cape,Suburban,Prepaid,5G Smartphone,Voucher Top-Up,Poor / Frequent Drops,Network Coverage,Moderate (Stage 1-3),High Active,11.8,260.8
2026-02-16,VP_12767,27,KwaZulu-Natal,Urban,Prepaid,4G Smartphone,Voucher Top-Up,Poor / Frequent Drops,Network Coverage,Severe (Stage 4+),Low / Inactive,39.9,686.13
2026-02-04,VP_12768,42,Gauteng,Urban,Prepaid,LTE Router/MiFi,Credit Card,Good,Billing Query,Severe (Stage 4+),High Active,47.8,805.71
2026-06-14,VP_12769,35,KwaZulu-Natal,Urban,Prepaid,5G Smartphone,Debit Order,Fair,Billing Query,Moderate (Stage 1-3),Low / Inactive,2.8,124.57
2026-06-15,VP_12770,36,KwaZulu-Natal,Rural,Prepaid,5G Smartphone,Debit Order,Good,None,Severe (Stage 4+),Low / Inactive,24.1,446.98
2026-04-18,VP_12771,53,Limpopo,Suburban,Prepaid,LTE Router/MiFi,Debit Order,Fair,Billing Query,Minimal / No Impact,Low / Inactive,8.8,215.39
2026-04-06,VP_12772,27,Western Cape,Urban,Prepaid,4G Smartphone,Voucher Top-Up,Fair,None,Moderate (Stage 1-3),Moderate,9.9,232.04
2026-04-08,VP_12773,50,Gauteng,Suburban,Postpaid Contract,4G Smartphone,Credit Card,Excellent,None,Severe (Stage 4+),Moderate,12.9,277.45
2026-04-25,VP_12774,72,KwaZulu-Natal,Suburban,Postpaid Contract,LTE Router/MiFi,Mobile App / EFT,Excellent,None,Severe (Stage 4+),Moderate,11.2,251.71
2026-04-07,VP_12775,67,Gauteng,Urban,Postpaid Contract,4G Smartphone,Voucher Top-Up,Excellent,None,Severe (Stage 4+),Moderate,9.5,225.98
2026-04-07,VP_12776,22,Limpopo,Urban,Postpaid Contract,4G Smartphone,Voucher Top-Up,Fair,None,Moderate (Stage 1-3),High Active,29.9,534.77
2026-01-21,VP_12777,64,KwaZulu-Natal,Rural,Prepaid,5G Smartphone,Mobile App / EFT,Fair,None,Minimal / No Impact,High Active,16.7,334.97
2026-06-24,VP_12778,66,KwaZulu-Natal,Suburban,Prepaid,5G Smartphone,Voucher Top-Up,Good,None,Severe (Stage 4+),Moderate,12.9,277.45
2026-06-19,VP_12779,52,KwaZulu-Natal,Urban,Prepaid,4G Smartphone,Debit Order,Good,None,Severe (Stage 4+),Moderate,9.7,229.01
2026-05-19,VP_12780,61,Western Cape,Suburban,Postpaid Contract,4G Smartphone,Mobile App / EFT,Fair,Billing Query,Moderate (Stage 1-3),Moderate,32.4,572.61
2026-02-04,VP_12781,51,Western Cape,Urban,Postpaid Contract,Legacy Feature Phone,Debit Order,Excellent,None,Severe (Stage 4+),Moderate,7.6,197.22
2026-06-17,VP_12782,50,Western Cape,Urban,Prepaid,Legacy Feature Phone,Debit Order,Excellent,Network Coverage,Moderate (Stage 1-3),Low / Inactive,7.6,197.22
2026-03-31,VP_12783,72,Gauteng,Urban,Prepaid,LTE Router/MiFi,Debit Order,Good,None,Moderate (Stage 1-3),Moderate,13.7,289.56
2026-01-31,VP_12784,38,Gauteng,Urban,Enterprise Hybrid,5G Smartphone,Voucher Top-Up,Poor / Frequent Drops,Billing Query,Moderate (Stage 1-3),High Active,34.2,599.86
2026-02-15,VP_12785,34,Gauteng,Suburban,Prepaid,Legacy Feature Phone,Voucher Top-Up,Fair,Billing Query,Moderate (Stage 1-3),Moderate,45,763.33
2026-05-18,VP_12786,39,Western Cape,Rural,Postpaid Contract,4G Smartphone,Debit Order,Excellent,SIM Swap / Technical,Moderate (Stage 1-3),High Active,15.2,312.26
2026-04-11,VP_12787,65,Gauteng,Urban,Prepaid,5G Smartphone,Voucher Top-Up,Excellent,None,Moderate (Stage 1-3),Moderate,8.1,204.79
2026-05-16,VP_12788,54,Western Cape,Urban,Prepaid,4G Smartphone,Mobile App / EFT,Good,None,Severe (Stage 4+),High Active,48.4,814.8
2026-02-02,VP_12789,32,Eastern Cape,Suburban,Postpaid Contract,5G Smartphone,Credit Card,Fair,None,Moderate (Stage 1-3),Low / Inactive,61.1,1007.03
2026-02-27,VP_12790,52,Limpopo,Rural,Postpaid Contract,5G Smartphone,Voucher Top-Up,Good,None,Moderate (Stage 1-3),High Active,22.4,421.24
2026-01-01,VP_12791,45,KwaZulu-Natal,Suburban,Postpaid Contract,4G Smartphone,Mobile App / EFT,Good,None,Severe (Stage 4+),High Active,39.9,686.13
2026-01-06,VP_12792,24,KwaZulu-Natal,Rural,Prepaid,4G Smartphone,Mobile App / EFT,Excellent,Network Coverage,Severe (Stage 4+),Low / Inactive,9.9,232.04
2026-03-18,VP_12793,49,Gauteng,Urban,Prepaid,5G Smartphone,Debit Order,Poor / Frequent Drops,None,Severe (Stage 4+),High Active,8.3,207.82
2026-04-29,VP_12794,28,Western Cape,Suburban,Postpaid Contract,4G Smartphone,Debit Order,Excellent,None,Severe (Stage 4+),Moderate,18,354.64
2026-06-22,VP_12795,27,Eastern Cape,Urban,Prepaid,LTE Router/MiFi,Voucher Top-Up,Excellent,None,Moderate (Stage 1-3),Low / Inactive,16.4,330.42
2026-05-20,VP_12796,26,Gauteng,Urban,Prepaid,4G Smartphone,Debit Order,Fair,None,Severe (Stage 4+),Moderate,51,854.15
2026-04-19,VP_12797,31,KwaZulu-Natal,Urban,Postpaid Contract,5G Smartphone,Debit Order,Poor / Frequent Drops,SIM Swap / Technical,Moderate (Stage 1-3),Moderate,12.6,272.91
2026-05-17,VP_12798,30,Eastern Cape,Urban,Prepaid,5G Smartphone,Voucher Top-Up,Good,Network Coverage,Moderate (Stage 1-3),Low / Inactive,15.1,310.75
2026-04-08,VP_12799,74,Eastern Cape,Rural,Prepaid,5G Smartphone,Debit Order,Good,None,Moderate (Stage 1-3),High Active,27.2,493.9
2026-02-28,VP_12800,42,Gauteng,Rural,Postpaid Contract,Legacy Feature Phone,Debit Order,Excellent,None,Moderate (Stage 1-3),Moderate,25.7,471.19
2026-03-05,VP_12801,19,KwaZulu-Natal,Urban,Enterprise Hybrid,4G Smartphone,Voucher Top-Up,Excellent,Network Coverage,Moderate (Stage 1-3),Moderate,5.7,168.46
2026-04-28,VP_12802,52,Gauteng,Urban,Prepaid,4G Smartphone,Voucher Top-Up,Excellent,None,Severe (Stage 4+),High Active,32.9,580.18
2026-03-30,VP_12803,24,Gauteng,Urban,Prepaid,4G Smartphone,Mobile App / EFT,Good,None,Severe (Stage 4+),High Active,9.5,225.98
2026-02-09,VP_12804,38,Limpopo,Urban,Postpaid Contract,LTE Router/MiFi,Voucher Top-Up,Excellent,Network Coverage,Severe (Stage 4+),Moderate,44.4,754.25
2026-03-12,VP_12805,35,Eastern Cape,Suburban,Postpaid Contract,4G Smartphone,Voucher Top-Up,Fair,None,Moderate (Stage 1-3),Low / Inactive,21.3,404.59
2026-02-18,VP_12806,20,Eastern Cape,Rural,Postpaid Contract,4G Smartphone,Voucher Top-Up,Excellent,None,Severe (Stage 4+),Low / Inactive,16.8,336.48
2026-01-29,VP_12807,59,Gauteng,Rural,Prepaid,5G Smartphone,Debit Order,Good,None,Moderate (Stage 1-3),Moderate,52.7,879.88
2026-01-09,VP_12808,71,Eastern Cape,Suburban,Prepaid,5G Smartphone,Debit Order,Good,SIM Swap / Technical,Minimal / No Impact,Moderate,7,188.14
2026-06-19,VP_12809,56,KwaZulu-Natal,Suburban,Postpaid Contract,LTE Router/MiFi,Mobile App / EFT,Good,None,Severe (Stage 4+),Moderate,5.3,162.41
2026-04-18,VP_12810,58,Gauteng,Urban,Postpaid Contract,LTE Router/MiFi,Voucher Top-Up,Excellent,None,Minimal / No Impact,Low / Inactive,39.9,686.13
2026-06-07,VP_12811,66,KwaZulu-Natal,Urban,Postpaid Contract,LTE Router/MiFi,Mobile App / EFT,Fair,Billing Query,Minimal / No Impact,High Active,34.8,608.94
2026-01-05,VP_12812,28,Gauteng,Urban,Prepaid,LTE Router/MiFi,Voucher Top-Up,Good,Network Coverage,Minimal / No Impact,High Active,56.5,937.4
2026-03-03,VP_12813,56,Eastern Cape,Suburban,Prepaid,4G Smartphone,Debit Order,Good,None,Minimal / No Impact,Moderate,37,642.24
2026-02-22,VP_12814,41,Western Cape,Suburban,Prepaid,4G Smartphone,Voucher Top-Up,Good,None,Severe (Stage 4+),Moderate,19.8,381.89
2026-01-18,VP_12815,63,Gauteng,Urban,Enterprise Hybrid,4G Smartphone,Voucher Top-Up,Excellent,None,Severe (Stage 4+),Moderate,9.8,230.52
2026-01-26,VP_12816,36,Gauteng,Urban,Postpaid Contract,4G Smartphone,Voucher Top-Up,Good,None,Severe (Stage 4+),Moderate,25.6,469.68
2026-06-02,VP_12817,21,Gauteng,Urban,Prepaid,5G Smartphone,Voucher Top-Up,Good,None,Severe (Stage 4+),High Active,12.1,265.34
2026-01-09,VP_12818,43,Gauteng,Rural,Prepaid,5G Smartphone,Credit Card,Fair,Network Coverage,Moderate (Stage 1-3),High Active,4.2,145.76
2026-04-25,VP_12819,55,Western Cape,Urban,Prepaid,Legacy Feature Phone,Mobile App / EFT,Fair,None,Minimal / No Impact,Low / Inactive,8.1,204.79
2026-06-03,VP_12820,59,Eastern Cape,Suburban,Prepaid,5G Smartphone,Credit Card,Excellent,None,Severe (Stage 4+),High Active,9.2,221.44
2026-06-22,VP_12821,49,Gauteng,Suburban,Postpaid Contract,LTE Router/MiFi,Debit Order,Excellent,None,Severe (Stage 4+),High Active,23.7,440.92
2026-06-30,VP_12822,56,Gauteng,Urban,Postpaid Contract,5G Smartphone,Debit Order,Excellent,None,Moderate (Stage 1-3),Moderate,3.8,139.7
2026-01-13,VP_12823,62,Western Cape,Suburban,Prepaid,5G Smartphone,Debit Order,Poor / Frequent Drops,Billing Query,Severe (Stage 4+),Moderate,4.6,151.81
2026-03-04,VP_12824,63,Eastern Cape,Rural,Prepaid,5G Smartphone,Debit Order,Excellent,Billing Query,Moderate (Stage 1-3),Moderate,10.8,245.66
2026-01-12,VP_12825,53,Gauteng,Urban,Postpaid Contract,5G Smartphone,Voucher Top-Up,Good,Billing Query,Severe (Stage 4+),Moderate,8.5,210.85
2026-04-13,VP_12826,57,Gauteng,Rural,Prepaid,5G Smartphone,Voucher Top-Up,Good,None,Minimal / No Impact,Low / Inactive,19.8,381.89
2026-04-23,VP_12827,54,Western Cape,Urban,Prepaid,5G Smartphone,Voucher Top-Up,Good,Billing Query,Moderate (Stage 1-3),High Active,12.5,271.39
2026-03-01,VP_12828,50,Gauteng,Urban,Enterprise Hybrid,4G Smartphone,Credit Card,Excellent,None,Moderate (Stage 1-3),Moderate,13.1,280.47
2026-05-19,VP_12829,53,Gauteng,Rural,Postpaid Contract,5G Smartphone,Credit Card,Excellent,None,Severe (Stage 4+),Moderate,29.7,531.74
2026-02-25,VP_12830,20,Western Cape,Suburban,Postpaid Contract,5G Smartphone,Debit Order,Good,None,Minimal / No Impact,High Active,33.1,583.21
2026-01-15,VP_12831,26,Western Cape,Rural,Prepaid,5G Smartphone,Mobile App / EFT,Excellent,None,Moderate (Stage 1-3),Moderate,9.5,225.98
2026-02-05,VP_12832,25,Western Cape,Suburban,Prepaid,4G Smartphone,Voucher Top-Up,Excellent,None,Moderate (Stage 1-3),Low / Inactive,24,445.46
2026-05-09,VP_12833,50,Western Cape,Rural,Prepaid,4G Smartphone,Voucher Top-Up,Excellent,None,Minimal / No Impact,Moderate,7.6,197.22
2026-03-16,VP_12834,23,Western Cape,Suburban,Prepaid,4G Smartphone,Mobile App / EFT,Good,None,Moderate (Stage 1-3),Low / Inactive,29,521.15
2026-03-01,VP_12835,58,Gauteng,Suburban,Postpaid Contract,5G Smartphone,Debit Order,Excellent,None,Moderate (Stage 1-3),Moderate,6.6,182.09
2026-05-28,VP_12836,56,KwaZulu-Natal,Suburban,Prepaid,5G Smartphone,Mobile App / EFT,Excellent,Billing Query,Severe (Stage 4+),Low / Inactive,35.1,613.48
2026-03-23,VP_12837,21,Gauteng,Urban,Postpaid Contract,4G Smartphone,Voucher Top-Up,Excellent,None,Moderate (Stage 1-3),Low / Inactive,2.1,113.97
2026-05-28,VP_12838,30,Gauteng,Rural,Prepaid,4G Smartphone,Mobile App / EFT,Excellent,Network Coverage,Minimal / No Impact,Moderate,7.1,189.65
2026-06-03,VP_12839,66,Western Cape,Urban,Prepaid,5G Smartphone,Credit Card,Good,None,Severe (Stage 4+),Moderate,10.7,244.15
2026-06-22,VP_12840,19,Eastern Cape,Urban,Enterprise Hybrid,4G Smartphone,Voucher Top-Up,Excellent,None,Minimal / No Impact,Moderate,12.7,274.42
2026-03-24,VP_12841,22,Limpopo,Urban,Prepaid,5G Smartphone,Debit Order,Good,None,Moderate (Stage 1-3),Moderate,5.7,168.46
2026-03-02,VP_12842,61,Western Cape,Suburban,Prepaid,5G Smartphone,Debit Order,Excellent,None,Moderate (Stage 1-3),Moderate,10,233.55
2026-03-19,VP_12843,44,Gauteng,Urban,Prepaid,4G Smartphone,Debit Order,Poor / Frequent Drops,Network Coverage,Moderate (Stage 1-3),High Active,13.8,291.07
2026-02-06,VP_12844,49,Gauteng,Urban,Prepaid,4G Smartphone,Debit Order,Excellent,None,Severe (Stage 4+),Low / Inactive,2.2,115.49
2026-06-19,VP_12845,38,Eastern Cape,Rural,Prepaid,5G Smartphone,Mobile App / EFT,Poor / Frequent Drops,None,Severe (Stage 4+),Moderate,20.8,397.03
2026-05-14,VP_12846,25,Western Cape,Urban,Prepaid,5G Smartphone,Debit Order,Fair,None,Severe (Stage 4+),Moderate,21.1,401.57
2026-02-26,VP_12847,55,Western Cape,Suburban,Postpaid Contract,Legacy Feature Phone,Credit Card,Good,None,Moderate (Stage 1-3),High Active,34.6,605.91
2026-04-16,VP_12848,25,Eastern Cape,Urban,Postpaid Contract,4G Smartphone,Voucher Top-Up,Poor / Frequent Drops,None,Minimal / No Impact,Moderate,74.7,1212.89
2026-03-18,VP_12849,67,Western Cape,Urban,Prepaid,LTE Router/MiFi,Debit Order,Excellent,None,Moderate (Stage 1-3),Low / Inactive,7,188.14
2026-03-12,VP_12850,20,Eastern Cape,Urban,Prepaid,4G Smartphone,Voucher Top-Up,Excellent,None,Moderate (Stage 1-3),Low / Inactive,39.1,674.03
2026-01-16,VP_12851,71,Gauteng,Suburban,Postpaid Contract,4G Smartphone,Voucher Top-Up,Excellent,Billing Query,Severe (Stage 4+),Moderate,4.7,153.33
2026-05-23,VP_12852,61,Western Cape,Urban,Prepaid,5G Smartphone,Voucher Top-Up,Excellent,Billing Query,Moderate (Stage 1-3),Moderate,13.1,280.47
2026-06-01,VP_12853,20,Eastern Cape,Rural,Postpaid Contract,5G Smartphone,Voucher Top-Up,Excellent,None,Moderate (Stage 1-3),Moderate,21.6,409.13
2026-02-14,VP_12854,39,Gauteng,Urban,Postpaid Contract,4G Smartphone,Debit Order,Good,None,Moderate (Stage 1-3),High Active,21.5,407.62
2026-06-10,VP_12855,23,Western Cape,Urban,Prepaid,4G Smartphone,Voucher Top-Up,Excellent,Billing Query,Minimal / No Impact,Moderate,33.5,589.26
2026-06-23,VP_12856,19,Gauteng,Urban,Postpaid Contract,5G Smartphone,Voucher Top-Up,Excellent,Billing Query,Minimal / No Impact,Moderate,11.8,260.8
2026-04-20,VP_12857,40,Limpopo,Urban,Enterprise Hybrid,4G Smartphone,Mobile App / EFT,Excellent,None,Moderate (Stage 1-3),Low / Inactive,17.8,351.62
2026-05-23,VP_12858,61,Gauteng,Suburban,Postpaid Contract,5G Smartphone,Mobile App / EFT,Good,None,Minimal / No Impact,Moderate,19.1,371.29
2026-05-07,VP_12859,19,Western Cape,Rural,Prepaid,5G Smartphone,Debit Order,Poor / Frequent Drops,None,Moderate (Stage 1-3),Moderate,43.7,743.65
2026-01-13,VP_12860,55,Gauteng,Suburban,Prepaid,5G Smartphone,Debit Order,Good,None,Minimal / No Impact,Low / Inactive,16.2,327.4
2026-03-30,VP_12861,34,Western Cape,Urban,Enterprise Hybrid,4G Smartphone,Voucher Top-Up,Good,None,Moderate (Stage 1-3),Moderate,11.5,256.26
2026-06-14,VP_12862,52,Gauteng,Urban,Prepaid,5G Smartphone,Credit Card,Excellent,None,Severe (Stage 4+),High Active,30.2,539.31
2026-06-21,VP_12863,51,Gauteng,Urban,Postpaid Contract,5G Smartphone,Voucher Top-Up,Fair,Network Coverage,Minimal / No Impact,Moderate,16.1,325.88
2026-04-08,VP_12864,40,KwaZulu-Natal,Rural,Prepaid,4G Smartphone,Debit Order,Excellent,None,Severe (Stage 4+),Moderate,34.4,602.88
2026-05-15,VP_12865,47,Limpopo,Urban,Prepaid,4G Smartphone,Debit Order,Poor / Frequent Drops,None,Severe (Stage 4+),Moderate,34.3,601.37
2026-03-23,VP_12866,69,Gauteng,Suburban,Postpaid Contract,4G Smartphone,Debit Order,Good,None,Severe (Stage 4+),High Active,2.9,126.08
2026-06-28,VP_12867,25,Gauteng,Urban,Postpaid Contract,5G Smartphone,Debit Order,Excellent,Billing Query,Moderate (Stage 1-3),Moderate,70.2,1144.77
2026-04-17,VP_12868,39,Eastern Cape,Urban,Postpaid Contract,4G Smartphone,Voucher Top-Up,Poor / Frequent Drops,None,Severe (Stage 4+),Low / Inactive,5.1,159.38
2026-04-15,VP_12869,61,KwaZulu-Natal,Urban,Enterprise Hybrid,4G Smartphone,Voucher Top-Up,Poor / Frequent Drops,None,Moderate (Stage 1-3),Moderate,18.9,368.27
2026-02-08,VP_12870,53,Limpopo,Urban,Prepaid,5G Smartphone,Debit Order,Good,None,Minimal / No Impact,High Active,9.6,227.5
2026-03-18,VP_12871,22,Gauteng,Suburban,Prepaid,4G Smartphone,Debit Order,Excellent,None,Severe (Stage 4+),Moderate,9.1,219.93
2026-04-07,VP_12872,30,Western Cape,Urban,Enterprise Hybrid,4G Smartphone,Voucher Top-Up,Good,None,Moderate (Stage 1-3),Moderate,6.5,180.57
2026-02-17,VP_12873,46,Gauteng,Suburban,Prepaid,5G Smartphone,Mobile App / EFT,Excellent,None,Severe (Stage 4+),Moderate,31.3,555.96
2026-05-18,VP_12874,48,Gauteng,Urban,Postpaid Contract,LTE Router/MiFi,Voucher Top-Up,Excellent,None,Severe (Stage 4+),Moderate,12.2,266.85
2026-05-02,VP_12875,64,Western Cape,Rural,Prepaid,4G Smartphone,Credit Card,Excellent,None,Moderate (Stage 1-3),Moderate,38.1,658.89
2026-03-03,VP_12876,74,Western Cape,Urban,Prepaid,Legacy Feature Phone,Voucher Top-Up,Good,None,Minimal / No Impact,Low / Inactive,11.8,260.8
2026-02-27,VP_12877,72,Eastern Cape,Rural,Prepaid,4G Smartphone,Debit Order,Good,None,Severe (Stage 4+),Moderate,11.6,257.77
2026-03-18,VP_12878,33,Gauteng,Suburban,Prepaid,5G Smartphone,Debit Order,Excellent,None,Moderate (Stage 1-3),Moderate,7.3,192.68
2026-02-06,VP_12879,59,KwaZulu-Natal,Rural,Postpaid Contract,5G Smartphone,Voucher Top-Up,Poor / Frequent Drops,None,Severe (Stage 4+),Low / Inactive,14.7,304.69
2026-04-29,VP_12880,47,KwaZulu-Natal,Urban,Postpaid Contract,4G Smartphone,Voucher Top-Up,Excellent,Network Coverage,Minimal / No Impact,High Active,2.2,115.49
2026-01-15,VP_12881,74,Limpopo,Suburban,Postpaid Contract,Legacy Feature Phone,Voucher Top-Up,Excellent,Billing Query,Severe (Stage 4+),High Active,37.2,645.27
2026-05-24,VP_12882,72,Gauteng,Urban,Prepaid,4G Smartphone,Mobile App / EFT,Good,SIM Swap / Technical,Moderate (Stage 1-3),Low / Inactive,21.7,410.65
2026-04-16,VP_12883,33,Gauteng,Urban,Prepaid,LTE Router/MiFi,Voucher Top-Up,Fair,None,Minimal / No Impact,High Active,16.5,331.94
2026-04-17,VP_12884,29,KwaZulu-Natal,Urban,Prepaid,5G Smartphone,Debit Order,Poor / Frequent Drops,None,Moderate (Stage 1-3),High Active,2.4,118.51
2026-05-23,VP_12885,34,KwaZulu-Natal,Urban,Prepaid,4G Smartphone,Mobile App / EFT,Fair,None,Minimal / No Impact,Moderate,7.8,200.25
2026-05-16,VP_12886,33,Gauteng,Rural,Prepaid,LTE Router/MiFi,Voucher Top-Up,Excellent,None,Minimal / No Impact,High Active,1.6,106.4
2026-02-04,VP_12887,29,Limpopo,Urban,Prepaid,4G Smartphone,Voucher Top-Up,Poor / Frequent Drops,None,Moderate (Stage 1-3),Moderate,5.6,166.95
2026-04-10,VP_12888,25,Gauteng,Suburban,Prepaid,Legacy Feature Phone,Voucher Top-Up,Poor / Frequent Drops,None,Moderate (Stage 1-3),Moderate,15.2,312.26
2026-03-04,VP_12889,37,Limpopo,Suburban,Prepaid,4G Smartphone,Voucher Top-Up,Excellent,None,Severe (Stage 4+),Moderate,22.5,422.76
2026-03-07,VP_12890,20,Gauteng,Urban,Prepaid,4G Smartphone,Debit Order,Good,None,Minimal / No Impact,High Active,7.7,198.74
2026-02-22,VP_12891,33,Western Cape,Suburban,Prepaid,4G Smartphone,Voucher Top-Up,Good,SIM Swap / Technical,Severe (Stage 4+),Low / Inactive,6.8,185.11
2026-03-26,VP_12892,47,Limpopo,Urban,Prepaid,LTE Router/MiFi,Debit Order,Good,None,Moderate (Stage 1-3),High Active,27.4,496.93
2026-06-15,VP_12893,62,Gauteng,Suburban,Prepaid,4G Smartphone,Voucher Top-Up,Poor / Frequent Drops,None,Moderate (Stage 1-3),Moderate,17.2,342.53
2026-01-21,VP_12894,40,Limpopo,Urban,Enterprise Hybrid,5G Smartphone,Debit Order,Excellent,None,Moderate (Stage 1-3),Low / Inactive,29.7,531.74
2026-04-26,VP_12895,45,KwaZulu-Natal,Rural,Prepaid,4G Smartphone,Debit Order,Good,Network Coverage,Severe (Stage 4+),Moderate,42.9,731.54
2026-04-05,VP_12896,68,Limpopo,Suburban,Postpaid Contract,4G Smartphone,Debit Order,Excellent,Billing Query,Moderate (Stage 1-3),High Active,20.3,389.46
2026-01-24,VP_12897,57,Western Cape,Rural,Prepaid,5G Smartphone,Voucher Top-Up,Good,None,Severe (Stage 4+),High Active,10.6,242.63
2026-05-18,VP_12898,71,Gauteng,Urban,Postpaid Contract,4G Smartphone,Mobile App / EFT,Fair,None,Severe (Stage 4+),Low / Inactive,13.2,281.99
2026-02-18,VP_12899,22,Gauteng,Urban,Prepaid,5G Smartphone,Debit Order,Excellent,Billing Query,Severe (Stage 4+),Low / Inactive,14.4,300.15
2026-01-14,VP_12900,37,Gauteng,Urban,Postpaid Contract,4G Smartphone,Voucher Top-Up,Excellent,None,Severe (Stage 4+),Low / Inactive,12.9,277.45
2026-03-10,VP_12901,57,Gauteng,Urban,Prepaid,4G Smartphone,Debit Order,Poor / Frequent Drops,SIM Swap / Technical,Moderate (Stage 1-3),Moderate,21.8,412.16
2026-04-07,VP_12902,73,Gauteng,Urban,Postpaid Contract,4G Smartphone,Mobile App / EFT,Fair,None,Moderate (Stage 1-3),Moderate,16.9,337.99
2026-06-22,VP_12903,61,Gauteng,Suburban,Prepaid,4G Smartphone,Debit Order,Good,None,Severe (Stage 4+),High Active,7,188.14
2026-06-04,VP_12904,18,KwaZulu-Natal,Urban,Prepaid,5G Smartphone,Debit Order,Excellent,Network Coverage,Moderate (Stage 1-3),Low / Inactive,4.9,156.35
2026-06-04,VP_12905,74,Eastern Cape,Urban,Postpaid Contract,Legacy Feature Phone,Debit Order,Good,None,Moderate (Stage 1-3),Moderate,15.1,310.75
2026-01-11,VP_12906,47,Gauteng,Rural,Prepaid,5G Smartphone,Credit Card,Fair,None,Moderate (Stage 1-3),Moderate,1.2,100.35
2026-01-19,VP_12907,38,Gauteng,Suburban,Enterprise Hybrid,5G Smartphone,Voucher Top-Up,Fair,None,Minimal / No Impact,Moderate,34.9,610.45
2026-02-18,VP_12908,37,Western Cape,Urban,Prepaid,LTE Router/MiFi,Debit Order,Excellent,Billing Query,Severe (Stage 4+),High Active,9.3,222.95
2026-05-31,VP_12909,23,Gauteng,Urban,Prepaid,4G Smartphone,Debit Order,Good,None,Minimal / No Impact,Moderate,47.9,807.23
2026-06-21,VP_12910,39,Gauteng,Urban,Postpaid Contract,5G Smartphone,Debit Order,Excellent,None,Moderate (Stage 1-3),Moderate,39.4,678.57
2026-05-24,VP_12911,35,Gauteng,Urban,Prepaid,Legacy Feature Phone,Debit Order,Excellent,None,Moderate (Stage 1-3),High Active,40,687.65
2026-02-25,VP_12912,25,Limpopo,Suburban,Prepaid,4G Smartphone,Mobile App / EFT,Good,Network Coverage,Moderate (Stage 1-3),High Active,10.8,245.66
2026-05-03,VP_12913,56,Eastern Cape,Urban,Postpaid Contract,Legacy Feature Phone,Voucher Top-Up,Excellent,None,Moderate (Stage 1-3),Moderate,5.2,160.89
2026-02-23,VP_12914,49,KwaZulu-Natal,Rural,Postpaid Contract,4G Smartphone,Voucher Top-Up,Excellent,None,Moderate (Stage 1-3),Moderate,21.3,404.59
2026-03-27,VP_12915,50,Western Cape,Suburban,Enterprise Hybrid,4G Smartphone,Debit Order,Good,None,Moderate (Stage 1-3),High Active,25.2,463.63
2026-03-19,VP_12916,70,KwaZulu-Natal,Suburban,Prepaid,4G Smartphone,Voucher Top-Up,Good,Billing Query,Severe (Stage 4+),High Active,5,157.87
2026-01-04,VP_12917,33,Western Cape,Urban,Prepaid,5G Smartphone,Debit Order,Fair,Network Coverage,Moderate (Stage 1-3),Low / Inactive,72.4,1178.07
2026-02-24,VP_12918,29,Western Cape,Urban,Prepaid,4G Smartphone,Debit Order,Good,None,Moderate (Stage 1-3),High Active,7.1,189.65
2026-02-18,VP_12919,55,Western Cape,Suburban,Prepaid,4G Smartphone,Voucher Top-Up,Good,Network Coverage,Moderate (Stage 1-3),High Active,10.6,242.63
2026-01-31,VP_12920,69,Gauteng,Urban,Postpaid Contract,5G Smartphone,Debit Order,Excellent,None,Severe (Stage 4+),Moderate,26.6,484.82
2026-05-03,VP_12921,51,Gauteng,Urban,Prepaid,5G Smartphone,Voucher Top-Up,Excellent,None,Severe (Stage 4+),High Active,24.8,457.57
2026-03-04,VP_12922,31,KwaZulu-Natal,Urban,Prepaid,5G Smartphone,Mobile App / EFT,Good,Network Coverage,Severe (Stage 4+),Moderate,12.8,275.93
2026-06-28,VP_12923,53,Limpopo,Urban,Prepaid,LTE Router/MiFi,Debit Order,Excellent,None,Severe (Stage 4+),Low / Inactive,12.3,268.36
2026-06-04,VP_12924,50,KwaZulu-Natal,Suburban,Postpaid Contract,4G Smartphone,Mobile App / EFT,Fair,None,Severe (Stage 4+),Moderate,11.9,262.31
2026-06-30,VP_12925,40,Eastern Cape,Urban,Enterprise Hybrid,4G Smartphone,Debit Order,Good,SIM Swap / Technical,Severe (Stage 4+),Low / Inactive,34.7,607.42
2026-02-22,VP_12926,67,Limpopo,Urban,Postpaid Contract,Legacy Feature Phone,Debit Order,Excellent,None,Severe (Stage 4+),Low / Inactive,20.6,394
2026-04-12,VP_12927,62,Gauteng,Urban,Prepaid,4G Smartphone,Voucher Top-Up,Good,None,Moderate (Stage 1-3),High Active,8.9,216.9
2026-03-03,VP_12928,19,Western Cape,Suburban,Postpaid Contract,Legacy Feature Phone,Voucher Top-Up,Poor / Frequent Drops,Network Coverage,Minimal / No Impact,Moderate,15.5,316.8
2026-05-22,VP_12929,58,Western Cape,Rural,Postpaid Contract,5G Smartphone,Debit Order,Excellent,None,Minimal / No Impact,Moderate,30.6,545.36
2026-03-24,VP_12930,38,Limpopo,Rural,Prepaid,5G Smartphone,Mobile App / EFT,Excellent,None,Severe (Stage 4+),Moderate,10.7,244.15
2026-03-14,VP_12931,19,Limpopo,Urban,Prepaid,4G Smartphone,Credit Card,Fair,None,Severe (Stage 4+),Moderate,23,430.33
2026-04-08,VP_12932,44,Western Cape,Urban,Prepaid,4G Smartphone,Debit Order,Excellent,None,Moderate (Stage 1-3),Moderate,10.4,239.61
2026-04-30,VP_12933,74,Gauteng,Urban,Prepaid,LTE Router/MiFi,Mobile App / EFT,Excellent,Billing Query,Severe (Stage 4+),Moderate,5.6,166.95
2026-05-17,VP_12934,26,Eastern Cape,Suburban,Postpaid Contract,4G Smartphone,Voucher Top-Up,Excellent,None,Moderate (Stage 1-3),High Active,12.1,265.34
2026-06-16,VP_12935,18,Gauteng,Suburban,Prepaid,5G Smartphone,Credit Card,Good,None,Moderate (Stage 1-3),High Active,20.1,386.43
2026-04-02,VP_12936,28,Eastern Cape,Suburban,Prepaid,4G Smartphone,Debit Order,Good,Network Coverage,Moderate (Stage 1-3),Moderate,71.3,1161.42
2026-03-20,VP_12937,20,Limpopo,Urban,Enterprise Hybrid,4G Smartphone,Mobile App / EFT,Good,None,Minimal / No Impact,High Active,16.4,330.42
2026-03-08,VP_12938,69,KwaZulu-Natal,Suburban,Postpaid Contract,5G Smartphone,Debit Order,Poor / Frequent Drops,None,Minimal / No Impact,Low / Inactive,13.8,291.07
2026-04-03,VP_12939,40,Western Cape,Urban,Postpaid Contract,4G Smartphone,Mobile App / EFT,Fair,Billing Query,Minimal / No Impact,Moderate,9.9,232.04
2026-05-12,VP_12940,43,KwaZulu-Natal,Suburban,Prepaid,LTE Router/MiFi,Voucher Top-Up,Poor / Frequent Drops,Billing Query,Severe (Stage 4+),Moderate,19.3,374.32
2026-05-08,VP_12941,21,KwaZulu-Natal,Urban,Prepaid,4G Smartphone,Voucher Top-Up,Good,None,Minimal / No Impact,Moderate,14.9,307.72
2026-04-30,VP_12942,35,Gauteng,Suburban,Prepaid,4G Smartphone,Debit Order,Excellent,None,Moderate (Stage 1-3),Low / Inactive,12.4,269.88
2026-01-26,VP_12943,72,Eastern Cape,Urban,Prepaid,5G Smartphone,Mobile App / EFT,Poor / Frequent Drops,None,Moderate (Stage 1-3),Low / Inactive,9.1,219.93
2026-05-01,VP_12944,23,Limpopo,Urban,Prepaid,5G Smartphone,Voucher Top-Up,Excellent,None,Minimal / No Impact,Low / Inactive,1.6,106.4
2026-03-23,VP_12945,52,Limpopo,Suburban,Prepaid,4G Smartphone,Voucher Top-Up,Fair,None,Minimal / No Impact,Moderate,22.5,422.76
2026-02-22,VP_12946,39,Gauteng,Urban,Prepaid,4G Smartphone,Voucher Top-Up,Excellent,Billing Query,Moderate (Stage 1-3),High Active,12.1,265.34
2026-04-05,VP_12947,60,Eastern Cape,Suburban,Prepaid,5G Smartphone,Mobile App / EFT,Fair,None,Moderate (Stage 1-3),Moderate,5.1,159.38
2026-03-22,VP_12948,32,Western Cape,Suburban,Prepaid,5G Smartphone,Debit Order,Poor / Frequent Drops,SIM Swap / Technical,Moderate (Stage 1-3),Moderate,13.6,288.04
2026-04-16,VP_12949,39,Gauteng,Suburban,Postpaid Contract,LTE Router/MiFi,Debit Order,Excellent,Billing Query,Moderate (Stage 1-3),Low / Inactive,12.2,266.85
2026-01-12,VP_12950,54,Gauteng,Urban,Postpaid Contract,4G Smartphone,Credit Card,Excellent,None,Minimal / No Impact,Moderate,1.3,101.86
2026-05-25,VP_12951,69,Gauteng,Urban,Prepaid,4G Smartphone,Voucher Top-Up,Excellent,None,Moderate (Stage 1-3),Moderate,3.8,139.7
2026-02-26,VP_12952,59,Limpopo,Suburban,Prepaid,5G Smartphone,Debit Order,Good,Billing Query,Moderate (Stage 1-3),Low / Inactive,4.1,144.24
2026-02-07,VP_12953,29,Western Cape,Urban,Prepaid,5G Smartphone,Debit Order,Excellent,Billing Query,Moderate (Stage 1-3),Moderate,51.4,860.21
2026-01-05,VP_12954,64,Western Cape,Suburban,Prepaid,5G Smartphone,Mobile App / EFT,Good,SIM Swap / Technical,Severe (Stage 4+),Moderate,21.5,407.62
2026-03-08,VP_12955,66,Gauteng,Urban,Prepaid,4G Smartphone,Debit Order,Excellent,None,Minimal / No Impact,High Active,9.2,221.44
2026-05-22,VP_12956,59,Western Cape,Urban,Postpaid Contract,5G Smartphone,Voucher Top-Up,Excellent,None,Severe (Stage 4+),High Active,12.7,274.42
2026-05-30,VP_12957,55,Gauteng,Urban,Enterprise Hybrid,4G Smartphone,Mobile App / EFT,Good,Network Coverage,Moderate (Stage 1-3),Moderate,15.2,312.26
2026-05-29,VP_12958,35,KwaZulu-Natal,Urban,Postpaid Contract,Legacy Feature Phone,Debit Order,Good,None,Minimal / No Impact,Low / Inactive,28,506.01
2026-04-17,VP_12959,62,Western Cape,Urban,Enterprise Hybrid,5G Smartphone,Mobile App / EFT,Excellent,Billing Query,Moderate (Stage 1-3),Moderate,33.7,592.29
2026-03-17,VP_12960,52,Gauteng,Suburban,Postpaid Contract,4G Smartphone,Voucher Top-Up,Good,None,Minimal / No Impact,Moderate,40.9,701.27
2026-02-09,VP_12961,47,Eastern Cape,Suburban,Prepaid,4G Smartphone,Voucher Top-Up,Fair,Billing Query,Minimal / No Impact,Moderate,13.2,281.99
2026-02-20,VP_12962,41,Gauteng,Urban,Enterprise Hybrid,LTE Router/MiFi,Voucher Top-Up,Excellent,None,Severe (Stage 4+),Moderate,10.4,239.61
2026-03-26,VP_12963,59,Western Cape,Rural,Prepaid,LTE Router/MiFi,Voucher Top-Up,Excellent,Billing Query,Moderate (Stage 1-3),High Active,5.5,165.44
2026-02-28,VP_12964,47,KwaZulu-Natal,Urban,Postpaid Contract,5G Smartphone,Debit Order,Fair,None,Moderate (Stage 1-3),Low / Inactive,42.7,728.52
2026-04-08,VP_12965,31,Western Cape,Rural,Prepaid,5G Smartphone,Debit Order,Excellent,SIM Swap / Technical,Moderate (Stage 1-3),Moderate,37.3,646.78
2026-05-26,VP_12966,23,Gauteng,Suburban,Prepaid,4G Smartphone,Credit Card,Excellent,None,Moderate (Stage 1-3),Moderate,28.6,515.09
2026-03-04,VP_12967,20,Gauteng,Suburban,Postpaid Contract,4G Smartphone,Debit Order,Good,None,Moderate (Stage 1-3),High Active,38.8,669.48
2026-05-08,VP_12968,33,Limpopo,Urban,Prepaid,5G Smartphone,Mobile App / EFT,Excellent,None,Severe (Stage 4+),Moderate,10.7,244.15
2026-05-21,VP_12969,24,Gauteng,Urban,Prepaid,4G Smartphone,Debit Order,Excellent,Network Coverage,Moderate (Stage 1-3),High Active,19.6,378.86
2026-06-17,VP_12970,69,Eastern Cape,Urban,Prepaid,4G Smartphone,Voucher Top-Up,Poor / Frequent Drops,None,Severe (Stage 4+),Moderate,38.4,663.43
2026-06-25,VP_12971,31,Limpopo,Suburban,Prepaid,5G Smartphone,Mobile App / EFT,Excellent,None,Severe (Stage 4+),Moderate,30.5,543.85
2026-03-28,VP_12972,26,Gauteng,Urban,Enterprise Hybrid,LTE Router/MiFi,Debit Order,Poor / Frequent Drops,None,Moderate (Stage 1-3),Moderate,33.5,589.26
2026-03-07,VP_12973,32,Gauteng,Suburban,Postpaid Contract,5G Smartphone,Mobile App / EFT,Excellent,None,Moderate (Stage 1-3),High Active,24.5,453.03
2026-05-06,VP_12974,38,Western Cape,Urban,Prepaid,4G Smartphone,Voucher Top-Up,Fair,None,Severe (Stage 4+),Low / Inactive,20.2,387.94
2026-06-14,VP_12975,52,Limpopo,Suburban,Prepaid,4G Smartphone,Voucher Top-Up,Good,None,Moderate (Stage 1-3),Moderate,11.1,250.2
2026-05-06,VP_12976,19,Limpopo,Urban,Postpaid Contract,5G Smartphone,Voucher Top-Up,Excellent,Billing Query,Moderate (Stage 1-3),Moderate,34.7,607.42
2026-04-28,VP_12977,44,KwaZulu-Natal,Urban,Prepaid,4G Smartphone,Debit Order,Good,None,Minimal / No Impact,Moderate,41.2,705.81
2026-02-13,VP_12978,19,Eastern Cape,Urban,Prepaid,4G Smartphone,Debit Order,Fair,None,Moderate (Stage 1-3),Moderate,9.4,224.47
2026-04-01,VP_12979,52,Gauteng,Urban,Prepaid,LTE Router/MiFi,Voucher Top-Up,Excellent,Network Coverage,Severe (Stage 4+),Moderate,15.4,315.29
2026-02-13,VP_12980,35,Limpopo,Urban,Postpaid Contract,5G Smartphone,Debit Order,Good,Network Coverage,Moderate (Stage 1-3),Low / Inactive,9.3,222.95
2026-02-05,VP_12981,31,Limpopo,Suburban,Prepaid,4G Smartphone,Debit Order,Good,Billing Query,Moderate (Stage 1-3),Low / Inactive,28.3,510.55
2026-05-20,VP_12982,37,Gauteng,Urban,Prepaid,4G Smartphone,Mobile App / EFT,Fair,None,Moderate (Stage 1-3),Moderate,46.8,790.58
2026-05-06,VP_12983,35,Gauteng,Urban,Prepaid,4G Smartphone,Mobile App / EFT,Good,None,Moderate (Stage 1-3),Moderate,21.6,409.13
2026-02-17,VP_12984,27,Gauteng,Suburban,Prepaid,LTE Router/MiFi,Voucher Top-Up,Excellent,None,Severe (Stage 4+),High Active,20.9,398.54
2026-05-19,VP_12985,42,Gauteng,Urban,Prepaid,5G Smartphone,Voucher Top-Up,Excellent,None,Moderate (Stage 1-3),High Active,67.2,1099.36
2026-06-14,VP_12986,19,Eastern Cape,Rural,Prepaid,5G Smartphone,Voucher Top-Up,Good,None,Severe (Stage 4+),Moderate,20.4,390.97
2026-01-16,VP_12987,42,KwaZulu-Natal,Rural,Prepaid,4G Smartphone,Voucher Top-Up,Poor / Frequent Drops,Network Coverage,Moderate (Stage 1-3),Low / Inactive,23.6,439.41
2026-05-15,VP_12988,71,Gauteng,Urban,Prepaid,5G Smartphone,Voucher Top-Up,Excellent,None,Minimal / No Impact,Moderate,39,672.51
2026-01-09,VP_12989,50,Gauteng,Urban,Prepaid,LTE Router/MiFi,Credit Card,Good,None,Moderate (Stage 1-3),Moderate,18.3,359.18
2026-01-20,VP_12990,53,Limpopo,Urban,Postpaid Contract,4G Smartphone,Debit Order,Excellent,None,Severe (Stage 4+),High Active,33.6,590.77
2026-06-21,VP_12991,48,Western Cape,Suburban,Postpaid Contract,4G Smartphone,Voucher Top-Up,Good,None,Minimal / No Impact,Moderate,26.6,484.82
2026-01-13,VP_12992,31,KwaZulu-Natal,Suburban,Prepaid,4G Smartphone,Mobile App / EFT,Good,None,Moderate (Stage 1-3),Moderate,7.5,195.71
2026-01-02,VP_12993,18,Gauteng,Suburban,Prepaid,4G Smartphone,Voucher Top-Up,Good,None,Severe (Stage 4+),Low / Inactive,0.7,92.78
2026-04-16,VP_12994,63,Limpopo,Suburban,Prepaid,4G Smartphone,Mobile App / EFT,Poor / Frequent Drops,None,Moderate (Stage 1-3),High Active,4.8,154.84
2026-02-05,VP_12995,33,Eastern Cape,Urban,Postpaid Contract,5G Smartphone,Debit Order,Excellent,None,Moderate (Stage 1-3),Moderate,18.1,356.16
2026-06-11,VP_12996,71,Gauteng,Suburban,Postpaid Contract,5G Smartphone,Debit Order,Excellent,Network Coverage,Severe (Stage 4+),Low / Inactive,37.5,649.81
2026-03-01,VP_12997,63,Gauteng,Suburban,Prepaid,5G Smartphone,Mobile App / EFT,Poor / Frequent Drops,Billing Query,Severe (Stage 4+),Low / Inactive,15.9,322.86
2026-01-18,VP_12998,69,Gauteng,Suburban,Postpaid Contract,4G Smartphone,Voucher Top-Up,Excellent,Network Coverage,Moderate (Stage 1-3),Low / Inactive,15.8,321.34
2026-02-08,VP_12999,20,Gauteng,Rural,Postpaid Contract,4G Smartphone,Voucher Top-Up,Good,None,Severe (Stage 4+),Moderate,13,278.96
2026-01-03,VP_13000,52,Western Cape,Suburban,Enterprise Hybrid,5G Smartphone,Debit Order,Good,Network Coverage,Moderate (Stage 1-3),Low / Inactive,11.1,250.2
2026-02-25,VP_13001,58,Limpopo,Urban,Prepaid,4G Smartphone,Mobile App / EFT,Good,None,Moderate (Stage 1-3),Low / Inactive,87.7,1409.66
2026-05-10,VP_13002,23,KwaZulu-Natal,Urban,Prepaid,5G Smartphone,Voucher Top-Up,Excellent,Network Coverage,Moderate (Stage 1-3),Low / Inactive,20.1,386.43
2026-04-27,VP_13003,42,Eastern Cape,Urban,Prepaid,LTE Router/MiFi,Debit Order,Excellent,None,Severe (Stage 4+),Low / Inactive,10.9,247.17
2026-04-06,VP_13004,30,KwaZulu-Natal,Urban,Postpaid Contract,5G Smartphone,Voucher Top-Up,Good,None,Minimal / No Impact,Low / Inactive,19.6,378.86
2026-01-16,VP_13005,70,Western Cape,Rural,Postpaid Contract,LTE Router/MiFi,Voucher Top-Up,Excellent,None,Moderate (Stage 1-3),High Active,21.2,403.08
2026-06-08,VP_13006,51,Western Cape,Urban,Prepaid,4G Smartphone,Debit Order,Good,None,Moderate (Stage 1-3),High Active,7.7,198.74
2026-06-13,VP_13007,25,Gauteng,Suburban,Prepaid,4G Smartphone,Voucher Top-Up,Good,None,Moderate (Stage 1-3),Moderate,43.3,737.6
2026-06-20,VP_13008,38,KwaZulu-Natal,Urban,Prepaid,5G Smartphone,Voucher Top-Up,Excellent,SIM Swap / Technical,Severe (Stage 4+),Moderate,12.8,275.93
2026-06-07,VP_13009,51,Western Cape,Urban,Prepaid,Legacy Feature Phone,Debit Order,Excellent,None,Moderate (Stage 1-3),Moderate,42.6,727
2026-05-04,VP_13010,21,Gauteng,Rural,Prepaid,5G Smartphone,Mobile App / EFT,Poor / Frequent Drops,None,Moderate (Stage 1-3),Moderate,11.4,254.74
2026-06-18,VP_13011,42,KwaZulu-Natal,Rural,Prepaid,4G Smartphone,Debit Order,Good,None,Moderate (Stage 1-3),High Active,9.3,222.95
2026-05-05,VP_13012,32,KwaZulu-Natal,Urban,Prepaid,Legacy Feature Phone,Debit Order,Good,None,Severe (Stage 4+),High Active,51.3,858.69
2026-01-05,VP_13013,21,Limpopo,Urban,Postpaid Contract,LTE Router/MiFi,Voucher Top-Up,Poor / Frequent Drops,Billing Query,Severe (Stage 4+),Moderate,44.2,751.22
2026-01-02,VP_13014,62,KwaZulu-Natal,Urban,Prepaid,4G Smartphone,Voucher Top-Up,Good,None,Moderate (Stage 1-3),High Active,12.6,272.91
2026-05-17,VP_13015,29,Eastern Cape,Urban,Prepaid,Legacy Feature Phone,Credit Card,Poor / Frequent Drops,Network Coverage,Minimal / No Impact,Moderate,11.1,250.2
2026-05-22,VP_13016,49,KwaZulu-Natal,Urban,Prepaid,4G Smartphone,Debit Order,Excellent,None,Moderate (Stage 1-3),Low / Inactive,26.8,487.85
2026-04-16,VP_13017,49,Eastern Cape,Urban,Postpaid Contract,5G Smartphone,Voucher Top-Up,Fair,SIM Swap / Technical,Severe (Stage 4+),Moderate,6.1,174.52
2026-01-04,VP_13018,45,Western Cape,Rural,Prepaid,4G Smartphone,Debit Order,Excellent,None,Minimal / No Impact,Moderate,23.3,434.87
2026-01-05,VP_13019,30,Limpopo,Suburban,Enterprise Hybrid,5G Smartphone,Mobile App / EFT,Fair,Network Coverage,Moderate (Stage 1-3),High Active,39.5,680.08
2026-05-16,VP_13020,48,KwaZulu-Natal,Rural,Prepaid,5G Smartphone,Voucher Top-Up,Fair,None,Moderate (Stage 1-3),Moderate,13.1,280.47
2026-03-12,VP_13021,31,Western Cape,Suburban,Enterprise Hybrid,4G Smartphone,Voucher Top-Up,Excellent,Billing Query,Moderate (Stage 1-3),Low / Inactive,40.6,696.73
2026-05-18,VP_13022,37,Western Cape,Urban,Postpaid Contract,4G Smartphone,Debit Order,Good,None,Moderate (Stage 1-3),Moderate,36.4,633.16
2026-03-15,VP_13023,35,KwaZulu-Natal,Rural,Prepaid,5G Smartphone,Mobile App / EFT,Good,None,Moderate (Stage 1-3),High Active,24.3,450
2026-01-05,VP_13024,46,Gauteng,Urban,Enterprise Hybrid,LTE Router/MiFi,Voucher Top-Up,Excellent,None,Severe (Stage 4+),Low / Inactive,68.2,1114.5
2026-05-09,VP_13025,23,Gauteng,Rural,Prepaid,5G Smartphone,Credit Card,Fair,None,Minimal / No Impact,Low / Inactive,6.2,176.03
2026-06-28,VP_13026,49,Gauteng,Urban,Prepaid,Legacy Feature Phone,Debit Order,Excellent,None,Severe (Stage 4+),High Active,6.2,176.03
2026-06-22,VP_13027,46,Eastern Cape,Urban,Prepaid,Legacy Feature Phone,Voucher Top-Up,Poor / Frequent Drops,None,Severe (Stage 4+),High Active,40,687.65
2026-04-21,VP_13028,60,Gauteng,Rural,Prepaid,LTE Router/MiFi,Mobile App / EFT,Excellent,None,Severe (Stage 4+),Moderate,6.1,174.52
2026-02-15,VP_13029,19,Gauteng,Suburban,Postpaid Contract,4G Smartphone,Voucher Top-Up,Good,Billing Query,Moderate (Stage 1-3),High Active,15.5,316.8
2026-01-28,VP_13030,40,Western Cape,Rural,Postpaid Contract,5G Smartphone,Debit Order,Excellent,SIM Swap / Technical,Moderate (Stage 1-3),Low / Inactive,19.4,375.83
2026-01-25,VP_13031,36,Gauteng,Rural,Prepaid,4G Smartphone,Credit Card,Excellent,None,Moderate (Stage 1-3),Low / Inactive,38.7,667.97
2026-05-15,VP_13032,48,KwaZulu-Natal,Urban,Prepaid,5G Smartphone,Debit Order,Good,None,Moderate (Stage 1-3),Moderate,18.2,357.67
2026-02-08,VP_13033,68,Gauteng,Urban,Prepaid,5G Smartphone,Debit Order,Good,None,Severe (Stage 4+),Low / Inactive,5.1,159.38
2026-03-03,VP_13034,22,Limpopo,Urban,Postpaid Contract,4G Smartphone,Voucher Top-Up,Excellent,Billing Query,Moderate (Stage 1-3),Moderate,26.7,486.33
2026-02-19,VP_13035,36,Eastern Cape,Suburban,Prepaid,5G Smartphone,Voucher Top-Up,Fair,SIM Swap / Technical,Moderate (Stage 1-3),Moderate,28.3,510.55
2026-06-08,VP_13036,51,Eastern Cape,Suburban,Enterprise Hybrid,Legacy Feature Phone,Mobile App / EFT,Excellent,SIM Swap / Technical,Moderate (Stage 1-3),Moderate,17.7,350.1
2026-05-15,VP_13037,27,KwaZulu-Natal,Urban,Prepaid,LTE Router/MiFi,Voucher Top-Up,Fair,SIM Swap / Technical,Severe (Stage 4+),Low / Inactive,13.5,286.53
2026-03-06,VP_13038,42,Eastern Cape,Suburban,Prepaid,5G Smartphone,Voucher Top-Up,Good,Network Coverage,Minimal / No Impact,Low / Inactive,34.8,608.94
2026-04-01,VP_13039,19,Gauteng,Suburban,Postpaid Contract,4G Smartphone,Voucher Top-Up,Good,SIM Swap / Technical,Moderate (Stage 1-3),High Active,23.2,433.35
2026-03-10,VP_13040,28,Gauteng,Urban,Prepaid,4G Smartphone,Voucher Top-Up,Excellent,None,Moderate (Stage 1-3),Moderate,16.3,328.91
2026-04-12,VP_13041,67,Gauteng,Suburban,Prepaid,LTE Router/MiFi,Credit Card,Good,SIM Swap / Technical,Moderate (Stage 1-3),Moderate,38.6,666.46
2026-01-21,VP_13042,48,Western Cape,Suburban,Prepaid,4G Smartphone,Mobile App / EFT,Good,Billing Query,Moderate (Stage 1-3),Low / Inactive,16.2,327.4
2026-04-06,VP_13043,73,KwaZulu-Natal,Rural,Prepaid,5G Smartphone,Voucher Top-Up,Excellent,None,Severe (Stage 4+),Moderate,17.5,347.07
2026-04-14,VP_13044,32,KwaZulu-Natal,Urban,Enterprise Hybrid,4G Smartphone,Debit Order,Excellent,None,Moderate (Stage 1-3),Moderate,9.2,221.44
2026-04-28,VP_13045,26,Gauteng,Urban,Prepaid,4G Smartphone,Credit Card,Excellent,None,Severe (Stage 4+),Moderate,36.4,633.16
2026-05-25,VP_13046,40,KwaZulu-Natal,Urban,Prepaid,Legacy Feature Phone,Debit Order,Excellent,Billing Query,Severe (Stage 4+),Moderate,15.7,319.83
2026-03-04,VP_13047,36,Western Cape,Urban,Prepaid,5G Smartphone,Debit Order,Excellent,None,Severe (Stage 4+),High Active,11.5,256.26
2026-06-28,VP_13048,26,KwaZulu-Natal,Rural,Prepaid,5G Smartphone,Debit Order,Excellent,None,Minimal / No Impact,Low / Inactive,30.1,537.8
2026-02-27,VP_13049,52,Western Cape,Urban,Postpaid Contract,LTE Router/MiFi,Debit Order,Good,Billing Query,Moderate (Stage 1-3),High Active,8.6,212.36
2026-03-18,VP_13050,38,Gauteng,Suburban,Enterprise Hybrid,LTE Router/MiFi,Mobile App / EFT,Excellent,None,Minimal / No Impact,High Active,19,369.78
2026-06-25,VP_13051,26,Eastern Cape,Urban,Postpaid Contract,LTE Router/MiFi,Voucher Top-Up,Excellent,Network Coverage,Severe (Stage 4+),High Active,18.2,357.67
2026-01-21,VP_13052,45,Western Cape,Urban,Prepaid,4G Smartphone,Credit Card,Excellent,Billing Query,Severe (Stage 4+),High Active,36.5,634.67
2026-06-17,VP_13053,63,Gauteng,Urban,Prepaid,4G Smartphone,Debit Order,Good,SIM Swap / Technical,Minimal / No Impact,Moderate,16.6,333.45
2026-06-16,VP_13054,68,Gauteng,Suburban,Prepaid,4G Smartphone,Voucher Top-Up,Excellent,None,Moderate (Stage 1-3),Moderate,34.1,598.34
2026-01-09,VP_13055,24,Western Cape,Suburban,Postpaid Contract,5G Smartphone,Credit Card,Good,Network Coverage,Minimal / No Impact,Moderate,22.1,416.7
2026-01-24,VP_13056,33,Eastern Cape,Urban,Prepaid,4G Smartphone,Mobile App / EFT,Good,None,Severe (Stage 4+),High Active,13.9,292.58
2026-04-14,VP_13057,33,KwaZulu-Natal,Rural,Prepaid,5G Smartphone,Voucher Top-Up,Good,None,Minimal / No Impact,High Active,72.8,1184.13
2026-04-08,VP_13058,50,Gauteng,Urban,Enterprise Hybrid,5G Smartphone,Debit Order,Excellent,None,Moderate (Stage 1-3),Moderate,18.7,365.24
2026-04-07,VP_13059,21,Eastern Cape,Urban,Prepaid,LTE Router/MiFi,Mobile App / EFT,Good,None,Severe (Stage 4+),Moderate,35.2,614.99
2026-05-22,VP_13060,21,Western Cape,Urban,Prepaid,5G Smartphone,Debit Order,Excellent,SIM Swap / Technical,Moderate (Stage 1-3),Moderate,14.6,303.18
2026-05-02,VP_13061,56,KwaZulu-Natal,Urban,Prepaid,LTE Router/MiFi,Voucher Top-Up,Poor / Frequent Drops,None,Moderate (Stage 1-3),High Active,1.1,98.83
2026-01-15,VP_13062,57,KwaZulu-Natal,Rural,Prepaid,5G Smartphone,Voucher Top-Up,Fair,SIM Swap / Technical,Severe (Stage 4+),High Active,24.3,450
2026-06-13,VP_13063,34,Gauteng,Urban,Prepaid,5G Smartphone,Voucher Top-Up,Good,None,Minimal / No Impact,High Active,4,142.73
2026-01-03,VP_13064,54,Western Cape,Urban,Prepaid,4G Smartphone,Voucher Top-Up,Poor / Frequent Drops,None,Moderate (Stage 1-3),High Active,15.6,318.32
2026-06-29,VP_13065,56,KwaZulu-Natal,Urban,Prepaid,4G Smartphone,Voucher Top-Up,Good,None,Moderate (Stage 1-3),Moderate,16.1,325.88
2026-02-13,VP_13066,69,Limpopo,Suburban,Prepaid,4G Smartphone,Debit Order,Excellent,None,Severe (Stage 4+),Moderate,3,127.59
2026-01-22,VP_13067,46,KwaZulu-Natal,Urban,Postpaid Contract,LTE Router/MiFi,Voucher Top-Up,Excellent,SIM Swap / Technical,Moderate (Stage 1-3),High Active,17.8,351.62
2026-05-08,VP_13068,69,KwaZulu-Natal,Suburban,Prepaid,5G Smartphone,Voucher Top-Up,Good,Billing Query,Severe (Stage 4+),Moderate,15.2,312.26
2026-04-22,VP_13069,53,KwaZulu-Natal,Urban,Postpaid Contract,LTE Router/MiFi,Debit Order,Fair,None,Moderate (Stage 1-3),Moderate,13.8,291.07
2026-06-15,VP_13070,55,Limpopo,Urban,Prepaid,5G Smartphone,Debit Order,Fair,Billing Query,Moderate (Stage 1-3),Moderate,11.5,256.26
2026-03-26,VP_13071,56,Eastern Cape,Suburban,Prepaid,LTE Router/MiFi,Debit Order,Good,None,Moderate (Stage 1-3),High Active,15,309.23
2026-05-25,VP_13072,67,KwaZulu-Natal,Urban,Enterprise Hybrid,4G Smartphone,Voucher Top-Up,Excellent,None,Moderate (Stage 1-3),Low / Inactive,24.7,456.06
2026-01-25,VP_13073,54,Western Cape,Rural,Prepaid,4G Smartphone,Credit Card,Good,None,Severe (Stage 4+),Moderate,46.1,779.98
2026-05-16,VP_13074,69,Western Cape,Urban,Prepaid,4G Smartphone,Debit Order,Fair,None,Minimal / No Impact,Moderate,22.4,421.24
2026-01-11,VP_13075,52,KwaZulu-Natal,Suburban,Postpaid Contract,5G Smartphone,Voucher Top-Up,Good,SIM Swap / Technical,Severe (Stage 4+),Moderate,28.4,512.06
2026-02-28,VP_13076,24,Gauteng,Urban,Prepaid,LTE Router/MiFi,Voucher Top-Up,Good,None,Severe (Stage 4+),High Active,7.9,201.76
2026-02-24,VP_13077,44,KwaZulu-Natal,Suburban,Prepaid,5G Smartphone,Debit Order,Good,None,Moderate (Stage 1-3),Low / Inactive,51.7,864.75
2026-06-27,VP_13078,45,Gauteng,Urban,Prepaid,5G Smartphone,Credit Card,Fair,None,Moderate (Stage 1-3),Moderate,5.2,160.89
2026-05-26,VP_13079,39,Limpopo,Urban,Postpaid Contract,4G Smartphone,Voucher Top-Up,Fair,None,Minimal / No Impact,High Active,32.5,574.12
2026-05-02,VP_13080,31,Gauteng,Urban,Postpaid Contract,5G Smartphone,Mobile App / EFT,Excellent,None,Minimal / No Impact,Moderate,5.8,169.98
2026-03-11,VP_13081,24,Limpopo,Urban,Prepaid,5G Smartphone,Debit Order,Excellent,None,Minimal / No Impact,Low / Inactive,1.7,107.92
2026-01-12,VP_13082,54,KwaZulu-Natal,Urban,Prepaid,4G Smartphone,Debit Order,Fair,Billing Query,Moderate (Stage 1-3),Moderate,3.8,139.7
2026-01-20,VP_13083,39,Western Cape,Urban,Prepaid,4G Smartphone,Debit Order,Fair,None,Severe (Stage 4+),Moderate,62.4,1026.71
2026-06-25,VP_13084,22,KwaZulu-Natal,Suburban,Prepaid,5G Smartphone,Debit Order,Excellent,None,Moderate (Stage 1-3),Moderate,12.7,274.42
2026-03-13,VP_13085,72,Gauteng,Suburban,Prepaid,4G Smartphone,Mobile App / EFT,Good,None,Severe (Stage 4+),High Active,23.2,433.35
2026-05-20,VP_13086,19,KwaZulu-Natal,Suburban,Prepaid,4G Smartphone,Debit Order,Poor / Frequent Drops,None,Severe (Stage 4+),Moderate,14.2,297.12
2026-05-25,VP_13087,44,Gauteng,Suburban,Prepaid,LTE Router/MiFi,Voucher Top-Up,Poor / Frequent Drops,Network Coverage,Severe (Stage 4+),Moderate,6.6,182.09
2026-06-18,VP_13088,38,Western Cape,Urban,Prepaid,LTE Router/MiFi,Debit Order,Fair,None,Severe (Stage 4+),Low / Inactive,28.2,509.04
2026-01-09,VP_13089,71,KwaZulu-Natal,Urban,Enterprise Hybrid,4G Smartphone,Mobile App / EFT,Excellent,None,Moderate (Stage 1-3),Moderate,20.6,394
2026-02-15,VP_13090,55,Eastern Cape,Urban,Prepaid,4G Smartphone,Mobile App / EFT,Good,None,Moderate (Stage 1-3),Moderate,13.2,281.99
2026-03-22,VP_13091,32,Gauteng,Suburban,Prepaid,4G Smartphone,Voucher Top-Up,Excellent,SIM Swap / Technical,Moderate (Stage 1-3),Low / Inactive,15.1,310.75
2026-01-05,VP_13092,38,Gauteng,Urban,Prepaid,5G Smartphone,Debit Order,Fair,Network Coverage,Minimal / No Impact,Low / Inactive,7.4,194.2
2026-02-23,VP_13093,27,KwaZulu-Natal,Urban,Enterprise Hybrid,4G Smartphone,Voucher Top-Up,Excellent,None,Moderate (Stage 1-3),Moderate,32.2,569.58
2026-05-31,VP_13094,40,Limpopo,Suburban,Postpaid Contract,Legacy Feature Phone,Debit Order,Good,None,Minimal / No Impact,High Active,12.8,275.93
2026-02-06,VP_13095,73,Western Cape,Urban,Postpaid Contract,4G Smartphone,Debit Order,Good,None,Moderate (Stage 1-3),Low / Inactive,21.3,404.59
2026-04-12,VP_13096,56,KwaZulu-Natal,Rural,Prepaid,5G Smartphone,Voucher Top-Up,Fair,Network Coverage,Severe (Stage 4+),High Active,8.7,213.87
2026-01-20,VP_13097,22,KwaZulu-Natal,Rural,Postpaid Contract,4G Smartphone,Credit Card,Good,None,Severe (Stage 4+),High Active,3.7,138.19
2026-03-18,VP_13098,18,Gauteng,Urban,Prepaid,4G Smartphone,Mobile App / EFT,Excellent,None,Moderate (Stage 1-3),Moderate,20.5,392.48
2026-02-11,VP_13099,30,Limpopo,Urban,Prepaid,4G Smartphone,Voucher Top-Up,Good,None,Minimal / No Impact,Moderate,19.7,380.38
2026-05-25,VP_13100,38,Western Cape,Urban,Prepaid,4G Smartphone,Voucher Top-Up,Excellent,None,Severe (Stage 4+),Low / Inactive,17.7,350.1
2026-03-03,VP_13101,43,Gauteng,Suburban,Postpaid Contract,4G Smartphone,Credit Card,Excellent,None,Minimal / No Impact,Moderate,24.9,459.09
2026-05-26,VP_13102,67,Western Cape,Urban,Postpaid Contract,5G Smartphone,Voucher Top-Up,Poor / Frequent Drops,None,Moderate (Stage 1-3),High Active,12.1,265.34
2026-04-10,VP_13103,62,Gauteng,Suburban,Postpaid Contract,LTE Router/MiFi,Voucher Top-Up,Good,None,Severe (Stage 4+),Moderate,12.4,269.88
2026-06-23,VP_13104,38,Limpopo,Suburban,Enterprise Hybrid,4G Smartphone,Credit Card,Good,None,Moderate (Stage 1-3),Moderate,50,839.01
2026-05-19,VP_13105,70,Gauteng,Urban,Prepaid,5G Smartphone,Debit Order,Good,None,Moderate (Stage 1-3),Low / Inactive,9.7,229.01
2026-03-26,VP_13106,35,Western Cape,Urban,Prepaid,5G Smartphone,Debit Order,Fair,None,Severe (Stage 4+),Moderate,13.8,291.07
2026-04-09,VP_13107,54,Gauteng,Suburban,Prepaid,LTE Router/MiFi,Voucher Top-Up,Fair,None,Moderate (Stage 1-3),High Active,32.3,571.1
2026-02-05,VP_13108,62,Western Cape,Urban,Postpaid Contract,LTE Router/MiFi,Debit Order,Good,SIM Swap / Technical,Moderate (Stage 1-3),Moderate,26.7,486.33
2026-06-26,VP_13109,49,Eastern Cape,Suburban,Prepaid,4G Smartphone,Voucher Top-Up,Poor / Frequent Drops,None,Moderate (Stage 1-3),High Active,15.9,322.86
2026-01-21,VP_13110,53,Western Cape,Urban,Postpaid Contract,5G Smartphone,Voucher Top-Up,Good,None,Severe (Stage 4+),High Active,14.3,298.64
2026-05-09,VP_13111,34,Western Cape,Suburban,Prepaid,5G Smartphone,Voucher Top-Up,Good,Network Coverage,Minimal / No Impact,Low / Inactive,11,248.69
2026-03-30,VP_13112,52,Limpopo,Rural,Prepaid,5G Smartphone,Credit Card,Fair,None,Severe (Stage 4+),Moderate,25.4,466.65
2026-01-14,VP_13113,66,Gauteng,Rural,Prepaid,4G Smartphone,Debit Order,Excellent,None,Severe (Stage 4+),Moderate,21.9,413.68
2026-01-26,VP_13114,28,Gauteng,Urban,Prepaid,4G Smartphone,Voucher Top-Up,Good,None,Moderate (Stage 1-3),Moderate,7.1,189.65
2026-04-22,VP_13115,38,Gauteng,Urban,Postpaid Contract,4G Smartphone,Debit Order,Poor / Frequent Drops,None,Minimal / No Impact,Moderate,25.1,462.11
2026-03-01,VP_13116,69,Limpopo,Suburban,Prepaid,4G Smartphone,Voucher Top-Up,Excellent,None,Moderate (Stage 1-3),High Active,25.5,468.17
2026-01-20,VP_13117,72,KwaZulu-Natal,Urban,Prepaid,5G Smartphone,Voucher Top-Up,Excellent,None,Moderate (Stage 1-3),High Active,18.1,356.16
2026-03-29,VP_13118,70,Western Cape,Urban,Prepaid,5G Smartphone,Voucher Top-Up,Good,Network Coverage,Minimal / No Impact,High Active,16.1,325.88
2026-06-04,VP_13119,43,Western Cape,Rural,Prepaid,5G Smartphone,Debit Order,Excellent,Billing Query,Moderate (Stage 1-3),Low / Inactive,57.6,954.05
2026-06-07,VP_13120,21,Gauteng,Urban,Prepaid,5G Smartphone,Voucher Top-Up,Fair,None,Severe (Stage 4+),Moderate,15.8,321.34
2026-06-02,VP_13121,51,Gauteng,Urban,Prepaid,5G Smartphone,Voucher Top-Up,Excellent,Billing Query,Moderate (Stage 1-3),Moderate,13.3,283.5
2026-04-12,VP_13122,69,Gauteng,Urban,Postpaid Contract,4G Smartphone,Debit Order,Excellent,None,Moderate (Stage 1-3),High Active,23,430.33
2026-03-25,VP_13123,65,KwaZulu-Natal,Suburban,Prepaid,4G Smartphone,Voucher Top-Up,Fair,Billing Query,Severe (Stage 4+),High Active,11.2,251.71
2026-01-08,VP_13124,35,Gauteng,Suburban,Prepaid,4G Smartphone,Voucher Top-Up,Excellent,None,Moderate (Stage 1-3),Low / Inactive,18.3,359.18
2026-06-12,VP_13125,57,Gauteng,Urban,Prepaid,4G Smartphone,Credit Card,Good,Billing Query,Moderate (Stage 1-3),Low / Inactive,23.9,443.95
2026-03-11,VP_13126,52,Eastern Cape,Urban,Prepaid,4G Smartphone,Mobile App / EFT,Fair,None,Severe (Stage 4+),High Active,50.5,846.58
2026-04-26,VP_13127,58,Limpopo,Urban,Prepaid,4G Smartphone,Voucher Top-Up,Fair,None,Severe (Stage 4+),Low / Inactive,18.7,365.24
2026-05-06,VP_13128,46,Gauteng,Suburban,Prepaid,5G Smartphone,Mobile App / EFT,Fair,None,Moderate (Stage 1-3),Moderate,25.1,462.11
2026-02-28,VP_13129,69,Gauteng,Urban,Prepaid,Legacy Feature Phone,Voucher Top-Up,Excellent,Billing Query,Minimal / No Impact,High Active,12.5,271.39
2026-04-02,VP_13130,46,Gauteng,Rural,Postpaid Contract,5G Smartphone,Credit Card,Excellent,None,Severe (Stage 4+),High Active,28.3,510.55
2026-05-22,VP_13131,55,Western Cape,Urban,Prepaid,5G Smartphone,Debit Order,Excellent,None,Moderate (Stage 1-3),Low / Inactive,30.1,537.8
2026-04-07,VP_13132,59,Eastern Cape,Rural,Postpaid Contract,5G Smartphone,Voucher Top-Up,Excellent,None,Moderate (Stage 1-3),Moderate,29.2,524.17
2026-04-21,VP_13133,38,Gauteng,Urban,Enterprise Hybrid,Legacy Feature Phone,Voucher Top-Up,Good,None,Moderate (Stage 1-3),Low / Inactive,17,339.51
2026-02-17,VP_13134,59,Gauteng,Suburban,Prepaid,Legacy Feature Phone,Voucher Top-Up,Excellent,Billing Query,Minimal / No Impact,High Active,18.6,363.73
2026-06-24,VP_13135,30,Eastern Cape,Urban,Prepaid,4G Smartphone,Debit Order,Good,SIM Swap / Technical,Moderate (Stage 1-3),Moderate,18.2,357.67
2026-05-30,VP_13136,66,Western Cape,Urban,Prepaid,4G Smartphone,Debit Order,Excellent,Billing Query,Moderate (Stage 1-3),High Active,7.2,191.17
2026-06-19,VP_13137,58,Gauteng,Rural,Prepaid,4G Smartphone,Debit Order,Good,Network Coverage,Minimal / No Impact,High Active,23.7,440.92
2026-04-08,VP_13138,34,Western Cape,Rural,Postpaid Contract,Legacy Feature Phone,Debit Order,Excellent,None,Severe (Stage 4+),High Active,6.8,185.11
2026-01-22,VP_13139,73,Gauteng,Urban,Postpaid Contract,4G Smartphone,Debit Order,Excellent,None,Severe (Stage 4+),Low / Inactive,19.3,374.32
2026-06-08,VP_13140,26,KwaZulu-Natal,Suburban,Prepaid,LTE Router/MiFi,Voucher Top-Up,Good,None,Moderate (Stage 1-3),Moderate,16.9,337.99
2026-03-17,VP_13141,58,Eastern Cape,Suburban,Prepaid,5G Smartphone,Mobile App / EFT,Good,SIM Swap / Technical,Moderate (Stage 1-3),High Active,34.6,605.91
2026-03-05,VP_13142,18,Eastern Cape,Rural,Prepaid,5G Smartphone,Voucher Top-Up,Fair,Billing Query,Severe (Stage 4+),Moderate,16.2,327.4
2026-01-19,VP_13143,19,KwaZulu-Natal,Urban,Prepaid,LTE Router/MiFi,Mobile App / EFT,Fair,None,Moderate (Stage 1-3),Low / Inactive,43.6,742.14
2026-01-22,VP_13144,65,Limpopo,Urban,Postpaid Contract,5G Smartphone,Mobile App / EFT,Good,None,Moderate (Stage 1-3),High Active,14.7,304.69
2026-03-10,VP_13145,46,KwaZulu-Natal,Urban,Prepaid,LTE Router/MiFi,Voucher Top-Up,Good,None,Minimal / No Impact,Low / Inactive,7,188.14
2026-02-09,VP_13146,50,Eastern Cape,Urban,Prepaid,4G Smartphone,Debit Order,Excellent,None,Severe (Stage 4+),Low / Inactive,2.8,124.57
2026-04-08,VP_13147,27,KwaZulu-Natal,Rural,Postpaid Contract,LTE Router/MiFi,Debit Order,Excellent,Billing Query,Moderate (Stage 1-3),Moderate,45.7,773.93
2026-06-12,VP_13148,67,Limpopo,Urban,Prepaid,5G Smartphone,Credit Card,Fair,None,Severe (Stage 4+),Moderate,6.1,174.52
2026-02-09,VP_13149,57,Limpopo,Urban,Prepaid,4G Smartphone,Debit Order,Excellent,Network Coverage,Moderate (Stage 1-3),Moderate,17.3,344.05
2026-04-10,VP_13150,38,Gauteng,Suburban,Prepaid,4G Smartphone,Voucher Top-Up,Excellent,SIM Swap / Technical,Moderate (Stage 1-3),High Active,8.1,204.79
2026-03-23,VP_13151,45,Limpopo,Suburban,Prepaid,4G Smartphone,Voucher Top-Up,Excellent,Network Coverage,Minimal / No Impact,Moderate,29.4,527.2
2026-04-03,VP_13152,28,Eastern Cape,Urban,Postpaid Contract,4G Smartphone,Credit Card,Excellent,Network Coverage,Severe (Stage 4+),High Active,15.2,312.26
2026-01-28,VP_13153,72,Eastern Cape,Urban,Postpaid Contract,Legacy Feature Phone,Voucher Top-Up,Fair,None,Moderate (Stage 1-3),Low / Inactive,0.9,95.81
2026-01-24,VP_13154,51,Gauteng,Rural,Prepaid,4G Smartphone,Mobile App / EFT,Excellent,SIM Swap / Technical,Severe (Stage 4+),Moderate,45,763.33
2026-01-02,VP_13155,25,Eastern Cape,Urban,Enterprise Hybrid,5G Smartphone,Debit Order,Good,None,Moderate (Stage 1-3),High Active,9.5,225.98
2026-03-20,VP_13156,39,Eastern Cape,Suburban,Prepaid,LTE Router/MiFi,Debit Order,Excellent,Network Coverage,Minimal / No Impact,Moderate,17.7,350.1
2026-04-24,VP_13157,25,Gauteng,Suburban,Postpaid Contract,5G Smartphone,Voucher Top-Up,Good,None,Minimal / No Impact,Moderate,16.8,336.48
2026-04-03,VP_13158,66,Limpopo,Urban,Postpaid Contract,5G Smartphone,Credit Card,Good,None,Moderate (Stage 1-3),Low / Inactive,6.2,176.03
2026-03-11,VP_13159,32,Gauteng,Rural,Prepaid,5G Smartphone,Voucher Top-Up,Excellent,None,Minimal / No Impact,Moderate,31.5,558.99
2026-01-27,VP_13160,34,Gauteng,Suburban,Postpaid Contract,LTE Router/MiFi,Credit Card,Fair,None,Severe (Stage 4+),Moderate,6.3,177.55
2026-02-03,VP_13161,40,KwaZulu-Natal,Urban,Prepaid,5G Smartphone,Mobile App / EFT,Excellent,SIM Swap / Technical,Severe (Stage 4+),High Active,45.4,769.39
2026-01-23,VP_13162,41,Western Cape,Suburban,Prepaid,5G Smartphone,Mobile App / EFT,Good,Network Coverage,Minimal / No Impact,Moderate,18.5,362.21
2026-02-17,VP_13163,62,Western Cape,Suburban,Postpaid Contract,LTE Router/MiFi,Voucher Top-Up,Good,None,Severe (Stage 4+),High Active,14.4,300.15
2026-04-21,VP_13164,36,Gauteng,Suburban,Postpaid Contract,4G Smartphone,Voucher Top-Up,Poor / Frequent Drops,None,Severe (Stage 4+),High Active,16.8,336.48
2026-04-25,VP_13165,22,Limpopo,Rural,Postpaid Contract,5G Smartphone,Debit Order,Excellent,Billing Query,Moderate (Stage 1-3),Moderate,13.2,281.99
2026-05-23,VP_13166,49,Gauteng,Urban,Postpaid Contract,4G Smartphone,Credit Card,Excellent,None,Moderate (Stage 1-3),Moderate,21.9,413.68
2026-05-23,VP_13167,61,Gauteng,Urban,Prepaid,LTE Router/MiFi,Credit Card,Excellent,Billing Query,Severe (Stage 4+),Low / Inactive,6.5,180.57
2026-05-12,VP_13168,18,Gauteng,Urban,Prepaid,5G Smartphone,Voucher Top-Up,Excellent,None,Minimal / No Impact,Moderate,47.8,805.71
2026-04-15,VP_13169,40,KwaZulu-Natal,Urban,Enterprise Hybrid,4G Smartphone,Debit Order,Excellent,None,Moderate (Stage 1-3),Moderate,16.5,331.94
2026-01-27,VP_13170,54,Limpopo,Urban,Prepaid,4G Smartphone,Debit Order,Excellent,SIM Swap / Technical,Moderate (Stage 1-3),Low / Inactive,17.7,350.1
2026-01-07,VP_13171,25,Western Cape,Rural,Postpaid Contract,4G Smartphone,Credit Card,Good,None,Severe (Stage 4+),Low / Inactive,12.7,274.42
2026-01-23,VP_13172,30,Eastern Cape,Suburban,Prepaid,4G Smartphone,Debit Order,Poor / Frequent Drops,None,Moderate (Stage 1-3),Moderate,22.9,428.81
2026-04-01,VP_13173,25,Gauteng,Suburban,Postpaid Contract,4G Smartphone,Mobile App / EFT,Excellent,Network Coverage,Moderate (Stage 1-3),Moderate,23.6,439.41
2026-05-22,VP_13174,74,KwaZulu-Natal,Suburban,Prepaid,5G Smartphone,Voucher Top-Up,Poor / Frequent Drops,Network Coverage,Minimal / No Impact,Low / Inactive,24.9,459.09
2026-01-24,VP_13175,40,KwaZulu-Natal,Suburban,Enterprise Hybrid,4G Smartphone,Voucher Top-Up,Fair,SIM Swap / Technical,Minimal / No Impact,Moderate,6.7,183.6
2026-06-02,VP_13176,60,KwaZulu-Natal,Urban,Prepaid,5G Smartphone,Mobile App / EFT,Fair,None,Moderate (Stage 1-3),Moderate,4.9,156.35
2026-06-03,VP_13177,18,Gauteng,Rural,Enterprise Hybrid,4G Smartphone,Debit Order,Poor / Frequent Drops,None,Minimal / No Impact,High Active,33.9,595.31
2026-03-25,VP_13178,62,Western Cape,Urban,Prepaid,5G Smartphone,Voucher Top-Up,Fair,None,Severe (Stage 4+),Moderate,40.5,695.22
2026-04-09,VP_13179,68,KwaZulu-Natal,Rural,Prepaid,4G Smartphone,Credit Card,Fair,None,Severe (Stage 4+),High Active,7.4,194.2
2026-01-04,VP_13180,41,Eastern Cape,Suburban,Postpaid Contract,5G Smartphone,Voucher Top-Up,Good,Billing Query,Moderate (Stage 1-3),High Active,9.6,227.5
2026-03-16,VP_13181,52,KwaZulu-Natal,Urban,Postpaid Contract,4G Smartphone,Mobile App / EFT,Good,None,Severe (Stage 4+),Low / Inactive,4.6,151.81
2026-04-16,VP_13182,41,Gauteng,Suburban,Enterprise Hybrid,4G Smartphone,Mobile App / EFT,Poor / Frequent Drops,None,Severe (Stage 4+),Moderate,21.1,401.57
2026-04-10,VP_13183,34,Western Cape,Urban,Prepaid,4G Smartphone,Debit Order,Excellent,Network Coverage,Minimal / No Impact,Moderate,12.2,266.85
2026-01-22,VP_13184,22,Gauteng,Urban,Prepaid,4G Smartphone,Debit Order,Excellent,SIM Swap / Technical,Moderate (Stage 1-3),Moderate,6,173
2026-05-24,VP_13185,37,Eastern Cape,Suburban,Prepaid,4G Smartphone,Voucher Top-Up,Fair,None,Severe (Stage 4+),High Active,3.2,130.62
2026-03-04,VP_13186,38,Western Cape,Urban,Prepaid,5G Smartphone,Voucher Top-Up,Good,None,Moderate (Stage 1-3),High Active,9.8,230.52
2026-05-27,VP_13187,57,Gauteng,Urban,Enterprise Hybrid,5G Smartphone,Voucher Top-Up,Fair,Network Coverage,Minimal / No Impact,Moderate,14.4,300.15
2026-05-14,VP_13188,48,Limpopo,Rural,Prepaid,4G Smartphone,Mobile App / EFT,Excellent,None,Minimal / No Impact,High Active,4.5,150.3
2026-02-13,VP_13189,63,KwaZulu-Natal,Suburban,Prepaid,LTE Router/MiFi,Debit Order,Good,Network Coverage,Moderate (Stage 1-3),Moderate,7.1,189.65
2026-06-25,VP_13190,53,Gauteng,Rural,Prepaid,5G Smartphone,Voucher Top-Up,Excellent,Network Coverage,Moderate (Stage 1-3),Low / Inactive,43.3,737.6
2026-04-08,VP_13191,28,Western Cape,Suburban,Prepaid,5G Smartphone,Debit Order,Poor / Frequent Drops,None,Moderate (Stage 1-3),High Active,4.8,154.84
2026-02-13,VP_13192,69,Gauteng,Urban,Prepaid,5G Smartphone,Debit Order,Excellent,None,Moderate (Stage 1-3),High Active,10.7,244.15
2026-02-05,VP_13193,32,Eastern Cape,Urban,Prepaid,4G Smartphone,Voucher Top-Up,Fair,None,Moderate (Stage 1-3),Low / Inactive,10.3,238.09
2026-03-10,VP_13194,36,Eastern Cape,Suburban,Prepaid,5G Smartphone,Mobile App / EFT,Excellent,Billing Query,Moderate (Stage 1-3),Moderate,29,521.15
2026-03-19,VP_13195,24,Limpopo,Rural,Prepaid,4G Smartphone,Debit Order,Excellent,None,Moderate (Stage 1-3),High Active,1.7,107.92
2026-03-10,VP_13196,68,KwaZulu-Natal,Urban,Enterprise Hybrid,5G Smartphone,Voucher Top-Up,Excellent,Billing Query,Minimal / No Impact,High Active,27.4,496.93
2026-05-07,VP_13197,45,KwaZulu-Natal,Rural,Prepaid,5G Smartphone,Voucher Top-Up,Excellent,Network Coverage,Moderate (Stage 1-3),Moderate,62.9,1034.28
2026-02-07,VP_13198,68,Eastern Cape,Rural,Prepaid,5G Smartphone,Debit Order,Good,None,Severe (Stage 4+),Moderate,17.2,342.53
2026-01-17,VP_13199,60,Gauteng,Suburban,Enterprise Hybrid,4G Smartphone,Voucher Top-Up,Excellent,SIM Swap / Technical,Moderate (Stage 1-3),Moderate,28.7,516.6
2026-02-12,VP_13200,22,KwaZulu-Natal,Rural,Postpaid Contract,4G Smartphone,Credit Card,Good,None,Severe (Stage 4+),Moderate,34.8,608.94
2026-04-22,VP_13201,22,KwaZulu-Natal,Urban,Enterprise Hybrid,5G Smartphone,Voucher Top-Up,Excellent,Network Coverage,Moderate (Stage 1-3),Low / Inactive,16.2,327.4
2026-03-12,VP_13202,47,Gauteng,Rural,Enterprise Hybrid,LTE Router/MiFi,Debit Order,Fair,None,Severe (Stage 4+),Moderate,9.1,219.93
2026-04-18,VP_13203,71,KwaZulu-Natal,Suburban,Prepaid,5G Smartphone,Voucher Top-Up,Excellent,None,Moderate (Stage 1-3),High Active,15,309.23
2026-03-18,VP_13204,49,Eastern Cape,Urban,Postpaid Contract,4G Smartphone,Voucher Top-Up,Excellent,None,Minimal / No Impact,Moderate,24,445.46
2026-05-04,VP_13205,25,Eastern Cape,Rural,Prepaid,4G Smartphone,Debit Order,Good,None,Moderate (Stage 1-3),Moderate,10.3,238.09
2026-01-20,VP_13206,27,Gauteng,Urban,Prepaid,5G Smartphone,Debit Order,Poor / Frequent Drops,None,Severe (Stage 4+),High Active,0.8,94.29
2026-04-03,VP_13207,55,Gauteng,Urban,Postpaid Contract,4G Smartphone,Debit Order,Fair,Network Coverage,Minimal / No Impact,High Active,7.2,191.17
2026-03-06,VP_13208,64,Gauteng,Suburban,Prepaid,4G Smartphone,Debit Order,Fair,None,Moderate (Stage 1-3),High Active,19,369.78
2026-03-05,VP_13209,49,Eastern Cape,Urban,Postpaid Contract,5G Smartphone,Debit Order,Excellent,SIM Swap / Technical,Moderate (Stage 1-3),Moderate,18.3,359.18
2026-06-10,VP_13210,65,Gauteng,Urban,Postpaid Contract,4G Smartphone,Voucher Top-Up,Fair,None,Moderate (Stage 1-3),Moderate,6.8,185.11
2026-05-07,VP_13211,45,Western Cape,Suburban,Prepaid,5G Smartphone,Voucher Top-Up,Fair,None,Minimal / No Impact,High Active,10.7,244.15
2026-06-02,VP_13212,34,Gauteng,Urban,Postpaid Contract,4G Smartphone,Mobile App / EFT,Poor / Frequent Drops,None,Severe (Stage 4+),Moderate,3.2,130.62
2026-06-07,VP_13213,48,Western Cape,Urban,Prepaid,5G Smartphone,Voucher Top-Up,Excellent,SIM Swap / Technical,Moderate (Stage 1-3),Moderate,13.8,291.07
2026-02-20,VP_13214,25,KwaZulu-Natal,Urban,Prepaid,4G Smartphone,Mobile App / EFT,Poor / Frequent Drops,None,Moderate (Stage 1-3),Low / Inactive,11.1,250.2
2026-04-28,VP_13215,57,Eastern Cape,Urban,Postpaid Contract,5G Smartphone,Voucher Top-Up,Good,None,Severe (Stage 4+),Low / Inactive,12.4,269.88
2026-01-28,VP_13216,42,Gauteng,Suburban,Prepaid,5G Smartphone,Debit Order,Good,SIM Swap / Technical,Minimal / No Impact,Low / Inactive,60.4,996.43
2026-02-04,VP_13217,26,Western Cape,Suburban,Postpaid Contract,5G Smartphone,Voucher Top-Up,Good,None,Moderate (Stage 1-3),Low / Inactive,17.2,342.53
2026-03-19,VP_13218,19,Gauteng,Rural,Prepaid,5G Smartphone,Mobile App / EFT,Good,Billing Query,Moderate (Stage 1-3),Moderate,4.9,156.35
2026-01-02,VP_13219,32,Western Cape,Suburban,Prepaid,4G Smartphone,Debit Order,Good,None,Severe (Stage 4+),Moderate,20.6,394
2026-04-12,VP_13220,67,Eastern Cape,Urban,Postpaid Contract,5G Smartphone,Debit Order,Excellent,None,Moderate (Stage 1-3),High Active,12.5,271.39
2026-03-27,VP_13221,20,Gauteng,Rural,Prepaid,4G Smartphone,Debit Order,Fair,None,Minimal / No Impact,Moderate,8.4,209.33
2026-06-08,VP_13222,66,Eastern Cape,Suburban,Prepaid,5G Smartphone,Voucher Top-Up,Good,SIM Swap / Technical,Moderate (Stage 1-3),High Active,14.8,306.21
2026-04-08,VP_13223,53,Western Cape,Suburban,Prepaid,4G Smartphone,Debit Order,Good,Network Coverage,Moderate (Stage 1-3),Moderate,39.1,674.03
2026-03-26,VP_13224,21,Gauteng,Suburban,Postpaid Contract,4G Smartphone,Debit Order,Excellent,None,Minimal / No Impact,High Active,3.2,130.62
2026-04-23,VP_13225,31,KwaZulu-Natal,Rural,Prepaid,Legacy Feature Phone,Debit Order,Poor / Frequent Drops,None,Minimal / No Impact,High Active,1.5,104.89
2026-03-27,VP_13226,58,Gauteng,Suburban,Postpaid Contract,Legacy Feature Phone,Voucher Top-Up,Good,None,Moderate (Stage 1-3),High Active,8.8,215.39
2026-04-21,VP_13227,58,Western Cape,Urban,Prepaid,LTE Router/MiFi,Voucher Top-Up,Excellent,None,Moderate (Stage 1-3),Low / Inactive,13.5,286.53
2026-06-16,VP_13228,42,Eastern Cape,Suburban,Postpaid Contract,4G Smartphone,Voucher Top-Up,Fair,None,Moderate (Stage 1-3),High Active,11.9,262.31
2026-06-02,VP_13229,72,Gauteng,Urban,Enterprise Hybrid,5G Smartphone,Voucher Top-Up,Excellent,None,Severe (Stage 4+),Low / Inactive,11.5,256.26
2026-02-04,VP_13230,67,KwaZulu-Natal,Urban,Prepaid,4G Smartphone,Voucher Top-Up,Excellent,None,Moderate (Stage 1-3),High Active,9,218.41
2026-03-18,VP_13231,27,Eastern Cape,Urban,Prepaid,Legacy Feature Phone,Debit Order,Good,None,Minimal / No Impact,Moderate,30.5,543.85
2026-03-24,VP_13232,38,Limpopo,Urban,Postpaid Contract,5G Smartphone,Voucher Top-Up,Good,Billing Query,Minimal / No Impact,Moderate,18.6,363.73
2026-06-04,VP_13233,53,KwaZulu-Natal,Urban,Postpaid Contract,4G Smartphone,Debit Order,Excellent,Network Coverage,Minimal / No Impact,Moderate,34.7,607.42
2026-06-27,VP_13234,29,Limpopo,Urban,Prepaid,5G Smartphone,Voucher Top-Up,Excellent,None,Severe (Stage 4+),Low / Inactive,1.9,110.94
2026-02-21,VP_13235,44,KwaZulu-Natal,Suburban,Postpaid Contract,4G Smartphone,Voucher Top-Up,Poor / Frequent Drops,Billing Query,Minimal / No Impact,High Active,11.1,250.2
2026-05-03,VP_13236,57,KwaZulu-Natal,Suburban,Postpaid Contract,4G Smartphone,Debit Order,Excellent,None,Moderate (Stage 1-3),High Active,17.4,345.56
2026-03-22,VP_13237,19,Eastern Cape,Rural,Postpaid Contract,4G Smartphone,Debit Order,Excellent,None,Severe (Stage 4+),Moderate,5,157.87
2026-02-15,VP_13238,71,KwaZulu-Natal,Urban,Postpaid Contract,4G Smartphone,Debit Order,Poor / Frequent Drops,Billing Query,Moderate (Stage 1-3),Moderate,12,263.82
2026-04-12,VP_13239,30,KwaZulu-Natal,Suburban,Prepaid,Legacy Feature Phone,Debit Order,Excellent,Billing Query,Minimal / No Impact,Low / Inactive,21.9,413.68
2026-03-23,VP_13240,70,KwaZulu-Natal,Rural,Enterprise Hybrid,4G Smartphone,Debit Order,Good,None,Severe (Stage 4+),Moderate,41.4,708.84
2026-03-16,VP_13241,49,Eastern Cape,Urban,Prepaid,4G Smartphone,Credit Card,Excellent,None,Minimal / No Impact,Moderate,40.7,698.24
2026-06-27,VP_13242,48,Eastern Cape,Suburban,Prepaid,5G Smartphone,Voucher Top-Up,Good,SIM Swap / Technical,Minimal / No Impact,Moderate,37.1,643.75
2026-06-12,VP_13243,33,KwaZulu-Natal,Suburban,Prepaid,4G Smartphone,Voucher Top-Up,Excellent,None,Severe (Stage 4+),Moderate,45.2,766.36
2026-05-06,VP_13244,49,Gauteng,Urban,Prepaid,4G Smartphone,Voucher Top-Up,Poor / Frequent Drops,None,Minimal / No Impact,Moderate,1.1,98.83
2026-05-28,VP_13245,49,KwaZulu-Natal,Rural,Prepaid,5G Smartphone,Voucher Top-Up,Good,Billing Query,Minimal / No Impact,High Active,2.8,124.57
2026-03-04,VP_13246,51,Western Cape,Suburban,Prepaid,5G Smartphone,Credit Card,Good,None,Severe (Stage 4+),Moderate,10.8,245.66
2026-03-25,VP_13247,28,Gauteng,Urban,Prepaid,4G Smartphone,Mobile App / EFT,Poor / Frequent Drops,None,Severe (Stage 4+),High Active,5.5,165.44
2026-04-07,VP_13248,27,Eastern Cape,Urban,Postpaid Contract,4G Smartphone,Mobile App / EFT,Poor / Frequent Drops,SIM Swap / Technical,Moderate (Stage 1-3),Moderate,19.1,371.29
2026-03-13,VP_13249,32,KwaZulu-Natal,Urban,Prepaid,4G Smartphone,Credit Card,Excellent,None,Moderate (Stage 1-3),High Active,56.7,940.43
2026-04-11,VP_13250,34,Gauteng,Urban,Prepaid,5G Smartphone,Debit Order,Fair,None,Moderate (Stage 1-3),Moderate,2.3,117
2026-04-04,VP_13251,57,Gauteng,Urban,Prepaid,5G Smartphone,Voucher Top-Up,Excellent,None,Moderate (Stage 1-3),Moderate,9.4,224.47
2026-01-30,VP_13252,35,Gauteng,Urban,Prepaid,4G Smartphone,Mobile App / EFT,Good,None,Minimal / No Impact,High Active,13.8,291.07
2026-05-25,VP_13253,72,Limpopo,Urban,Prepaid,5G Smartphone,Voucher Top-Up,Excellent,None,Minimal / No Impact,High Active,3.2,130.62
2026-02-21,VP_13254,26,Gauteng,Rural,Prepaid,5G Smartphone,Credit Card,Good,None,Moderate (Stage 1-3),High Active,26,475.74
2026-06-01,VP_13255,42,Gauteng,Urban,Enterprise Hybrid,5G Smartphone,Debit Order,Excellent,None,Moderate (Stage 1-3),High Active,15.5,316.8
2026-05-20,VP_13256,57,KwaZulu-Natal,Urban,Postpaid Contract,5G Smartphone,Voucher Top-Up,Good,None,Moderate (Stage 1-3),High Active,10.3,238.09
2026-02-16,VP_13257,31,Gauteng,Urban,Postpaid Contract,5G Smartphone,Credit Card,Good,None,Moderate (Stage 1-3),Low / Inactive,20.9,398.54
2026-06-24,VP_13258,42,Gauteng,Urban,Prepaid,5G Smartphone,Voucher Top-Up,Excellent,None,Moderate (Stage 1-3),Moderate,28.5,513.58
2026-05-21,VP_13259,67,Gauteng,Urban,Prepaid,5G Smartphone,Voucher Top-Up,Good,None,Severe (Stage 4+),Moderate,17.9,353.13
2026-01-07,VP_13260,39,KwaZulu-Natal,Urban,Prepaid,4G Smartphone,Debit Order,Poor / Frequent Drops,None,Severe (Stage 4+),Moderate,18.4,360.7
2026-04-29,VP_13261,69,KwaZulu-Natal,Urban,Postpaid Contract,5G Smartphone,Voucher Top-Up,Good,None,Severe (Stage 4+),Moderate,15.1,310.75
2026-02-23,VP_13262,47,KwaZulu-Natal,Suburban,Prepaid,4G Smartphone,Credit Card,Good,None,Minimal / No Impact,High Active,19.2,372.81
2026-04-23,VP_13263,37,KwaZulu-Natal,Rural,Prepaid,LTE Router/MiFi,Voucher Top-Up,Poor / Frequent Drops,Billing Query,Severe (Stage 4+),Low / Inactive,33,581.69
2026-03-16,VP_13264,38,Limpopo,Urban,Prepaid,4G Smartphone,Debit Order,Good,Billing Query,Severe (Stage 4+),Low / Inactive,58.3,964.65
2026-06-27,VP_13265,61,KwaZulu-Natal,Urban,Prepaid,5G Smartphone,Debit Order,Excellent,None,Moderate (Stage 1-3),High Active,72.9,1185.64
2026-01-18,VP_13266,49,Gauteng,Suburban,Enterprise Hybrid,LTE Router/MiFi,Mobile App / EFT,Good,None,Severe (Stage 4+),Moderate,18.5,362.21
2026-04-15,VP_13267,68,Gauteng,Suburban,Postpaid Contract,5G Smartphone,Voucher Top-Up,Excellent,None,Severe (Stage 4+),High Active,18.6,363.73
2026-06-22,VP_13268,63,KwaZulu-Natal,Urban,Postpaid Contract,5G Smartphone,Debit Order,Fair,None,Moderate (Stage 1-3),High Active,34.9,610.45
2026-05-08,VP_13269,66,Eastern Cape,Rural,Prepaid,Legacy Feature Phone,Debit Order,Poor / Frequent Drops,None,Moderate (Stage 1-3),High Active,6.7,183.6
2026-02-05,VP_13270,73,Gauteng,Suburban,Postpaid Contract,LTE Router/MiFi,Mobile App / EFT,Excellent,None,Severe (Stage 4+),Low / Inactive,48.8,820.85
2026-06-12,VP_13271,38,Western Cape,Urban,Postpaid Contract,4G Smartphone,Mobile App / EFT,Good,None,Moderate (Stage 1-3),Moderate,17.5,347.07
2026-03-19,VP_13272,52,Gauteng,Suburban,Enterprise Hybrid,4G Smartphone,Debit Order,Good,SIM Swap / Technical,Moderate (Stage 1-3),Moderate,4.6,151.81
2026-03-03,VP_13273,49,KwaZulu-Natal,Rural,Prepaid,4G Smartphone,Debit Order,Excellent,Billing Query,Moderate (Stage 1-3),Moderate,2.7,123.05
2026-03-06,VP_13274,47,Eastern Cape,Suburban,Prepaid,5G Smartphone,Mobile App / EFT,Fair,Network Coverage,Moderate (Stage 1-3),Moderate,8.9,216.9
2026-06-18,VP_13275,72,Gauteng,Urban,Postpaid Contract,5G Smartphone,Voucher Top-Up,Good,None,Severe (Stage 4+),Moderate,10.9,247.17
2026-02-09,VP_13276,56,KwaZulu-Natal,Urban,Prepaid,4G Smartphone,Credit Card,Excellent,None,Moderate (Stage 1-3),Low / Inactive,18.4,360.7
2026-04-19,VP_13277,66,Gauteng,Urban,Postpaid Contract,LTE Router/MiFi,Voucher Top-Up,Fair,None,Moderate (Stage 1-3),Moderate,37,642.24
2026-04-07,VP_13278,29,Western Cape,Urban,Enterprise Hybrid,5G Smartphone,Voucher Top-Up,Excellent,SIM Swap / Technical,Minimal / No Impact,Moderate,21.8,412.16
2026-01-19,VP_13279,58,Gauteng,Suburban,Prepaid,4G Smartphone,Voucher Top-Up,Poor / Frequent Drops,None,Minimal / No Impact,Moderate,29.3,525.69
2026-04-25,VP_13280,64,Eastern Cape,Suburban,Prepaid,5G Smartphone,Credit Card,Excellent,None,Moderate (Stage 1-3),Low / Inactive,24.7,456.06
2026-06-03,VP_13281,35,Gauteng,Suburban,Prepaid,4G Smartphone,Voucher Top-Up,Good,None,Moderate (Stage 1-3),Moderate,4.4,148.79
2026-05-03,VP_13282,38,Eastern Cape,Rural,Postpaid Contract,4G Smartphone,Debit Order,Excellent,Billing Query,Moderate (Stage 1-3),High Active,14.3,298.64
2026-05-30,VP_13283,30,KwaZulu-Natal,Urban,Postpaid Contract,4G Smartphone,Debit Order,Excellent,None,Minimal / No Impact,Moderate,5.6,166.95
2026-04-13,VP_13284,38,Western Cape,Rural,Prepaid,5G Smartphone,Mobile App / EFT,Fair,None,Minimal / No Impact,High Active,15.5,316.8
2026-05-17,VP_13285,25,Gauteng,Suburban,Prepaid,4G Smartphone,Voucher Top-Up,Good,SIM Swap / Technical,Moderate (Stage 1-3),Low / Inactive,13.4,285.01
2026-05-10,VP_13286,63,Limpopo,Urban,Prepaid,4G Smartphone,Voucher Top-Up,Poor / Frequent Drops,None,Severe (Stage 4+),Moderate,12.2,266.85
2026-06-27,VP_13287,57,Gauteng,Suburban,Postpaid Contract,5G Smartphone,Voucher Top-Up,Good,None,Moderate (Stage 1-3),High Active,36,627.1
2026-04-18,VP_13288,63,Gauteng,Urban,Prepaid,5G Smartphone,Debit Order,Poor / Frequent Drops,None,Severe (Stage 4+),Moderate,20.6,394
2026-05-20,VP_13289,24,KwaZulu-Natal,Suburban,Prepaid,4G Smartphone,Debit Order,Poor / Frequent Drops,Network Coverage,Minimal / No Impact,Moderate,44.9,761.82
2026-01-10,VP_13290,40,Gauteng,Urban,Postpaid Contract,4G Smartphone,Debit Order,Good,None,Severe (Stage 4+),Moderate,11.4,254.74
2026-04-03,VP_13291,61,Gauteng,Urban,Prepaid,5G Smartphone,Voucher Top-Up,Good,None,Severe (Stage 4+),High Active,7.9,201.76
2026-06-29,VP_13292,49,Limpopo,Suburban,Prepaid,4G Smartphone,Voucher Top-Up,Fair,Billing Query,Minimal / No Impact,High Active,5.6,166.95
2026-05-18,VP_13293,28,Limpopo,Suburban,Prepaid,LTE Router/MiFi,Mobile App / EFT,Excellent,None,Severe (Stage 4+),High Active,30.6,545.36
2026-06-02,VP_13294,39,KwaZulu-Natal,Urban,Prepaid,5G Smartphone,Credit Card,Fair,Network Coverage,Severe (Stage 4+),High Active,10.2,236.58
2026-06-13,VP_13295,39,Limpopo,Urban,Prepaid,4G Smartphone,Voucher Top-Up,Good,None,Moderate (Stage 1-3),Moderate,15.1,310.75
2026-01-22,VP_13296,60,KwaZulu-Natal,Urban,Enterprise Hybrid,5G Smartphone,Voucher Top-Up,Good,None,Moderate (Stage 1-3),Low / Inactive,41.8,714.89
2026-01-28,VP_13297,42,Gauteng,Suburban,Postpaid Contract,5G Smartphone,Debit Order,Excellent,None,Moderate (Stage 1-3),High Active,30,536.28
2026-03-05,VP_13298,39,Western Cape,Rural,Postpaid Contract,5G Smartphone,Debit Order,Fair,Billing Query,Moderate (Stage 1-3),High Active,4.6,151.81
2026-06-18,VP_13299,45,Western Cape,Rural,Enterprise Hybrid,4G Smartphone,Debit Order,Excellent,Billing Query,Severe (Stage 4+),Low / Inactive,24.2,448.49
2026-06-20,VP_13300,46,Limpopo,Urban,Prepaid,4G Smartphone,Voucher Top-Up,Fair,None,Moderate (Stage 1-3),Low / Inactive,18.3,359.18
2026-04-01,VP_13301,30,Gauteng,Suburban,Prepaid,5G Smartphone,Debit Order,Good,None,Moderate (Stage 1-3),Moderate,43.1,734.57
2026-02-12,VP_13302,35,Western Cape,Urban,Prepaid,4G Smartphone,Debit Order,Excellent,SIM Swap / Technical,Minimal / No Impact,High Active,11.7,259.28
2026-06-15,VP_13303,19,Gauteng,Suburban,Postpaid Contract,4G Smartphone,Voucher Top-Up,Poor / Frequent Drops,None,Moderate (Stage 1-3),Low / Inactive,17.2,342.53
2026-06-06,VP_13304,46,Gauteng,Urban,Postpaid Contract,5G Smartphone,Voucher Top-Up,Fair,None,Moderate (Stage 1-3),High Active,40.3,692.19
2026-01-12,VP_13305,38,Gauteng,Urban,Prepaid,4G Smartphone,Voucher Top-Up,Poor / Frequent Drops,SIM Swap / Technical,Moderate (Stage 1-3),Low / Inactive,15.2,312.26
2026-05-25,VP_13306,32,Limpopo,Suburban,Prepaid,4G Smartphone,Voucher Top-Up,Excellent,Billing Query,Severe (Stage 4+),Low / Inactive,18,354.64
2026-06-15,VP_13307,69,Eastern Cape,Urban,Prepaid,4G Smartphone,Debit Order,Good,None,Severe (Stage 4+),Moderate,18.8,366.75
2026-06-23,VP_13308,44,Eastern Cape,Suburban,Prepaid,4G Smartphone,Debit Order,Good,SIM Swap / Technical,Moderate (Stage 1-3),High Active,38.5,664.94
2026-06-15,VP_13309,67,KwaZulu-Natal,Suburban,Postpaid Contract,5G Smartphone,Debit Order,Good,None,Severe (Stage 4+),High Active,7.7,198.74
2026-04-13,VP_13310,48,Gauteng,Urban,Prepaid,4G Smartphone,Debit Order,Excellent,None,Moderate (Stage 1-3),Low / Inactive,43.6,742.14
2026-03-26,VP_13311,32,Gauteng,Urban,Enterprise Hybrid,5G Smartphone,Voucher Top-Up,Excellent,Billing Query,Severe (Stage 4+),Low / Inactive,18.3,359.18
2026-04-21,VP_13312,68,Gauteng,Rural,Prepaid,4G Smartphone,Mobile App / EFT,Poor / Frequent Drops,None,Minimal / No Impact,Moderate,74.2,1205.32
2026-01-28,VP_13313,40,KwaZulu-Natal,Suburban,Postpaid Contract,LTE Router/MiFi,Debit Order,Good,Network Coverage,Minimal / No Impact,High Active,50,839.01
2026-01-03,VP_13314,41,Eastern Cape,Urban,Enterprise Hybrid,5G Smartphone,Voucher Top-Up,Poor / Frequent Drops,Network Coverage,Moderate (Stage 1-3),Moderate,19,369.78
2026-01-26,VP_13315,61,KwaZulu-Natal,Urban,Enterprise Hybrid,4G Smartphone,Mobile App / EFT,Excellent,None,Moderate (Stage 1-3),Low / Inactive,15.7,319.83
2026-03-08,VP_13316,30,Gauteng,Suburban,Prepaid,4G Smartphone,Debit Order,Poor / Frequent Drops,Network Coverage,Moderate (Stage 1-3),Moderate,9.9,232.04
2026-02-26,VP_13317,39,Gauteng,Suburban,Prepaid,4G Smartphone,Debit Order,Good,None,Minimal / No Impact,High Active,13.3,283.5
2026-05-11,VP_13318,60,Gauteng,Urban,Prepaid,5G Smartphone,Voucher Top-Up,Fair,None,Severe (Stage 4+),Moderate,4.7,153.33
2026-05-13,VP_13319,54,KwaZulu-Natal,Urban,Prepaid,Legacy Feature Phone,Voucher Top-Up,Excellent,SIM Swap / Technical,Moderate (Stage 1-3),High Active,1.3,101.86
2026-05-23,VP_13320,50,Limpopo,Rural,Postpaid Contract,4G Smartphone,Voucher Top-Up,Poor / Frequent Drops,Network Coverage,Moderate (Stage 1-3),Low / Inactive,45.7,773.93
2026-05-29,VP_13321,73,Western Cape,Suburban,Enterprise Hybrid,5G Smartphone,Voucher Top-Up,Good,None,Moderate (Stage 1-3),Moderate,22,415.19
2026-06-26,VP_13322,20,Eastern Cape,Rural,Prepaid,5G Smartphone,Debit Order,Good,None,Severe (Stage 4+),Moderate,25.7,471.19
2026-05-28,VP_13323,71,KwaZulu-Natal,Suburban,Prepaid,4G Smartphone,Voucher Top-Up,Excellent,None,Severe (Stage 4+),High Active,15.2,312.26
2026-02-26,VP_13324,36,KwaZulu-Natal,Rural,Prepaid,5G Smartphone,Debit Order,Good,None,Minimal / No Impact,High Active,11.1,250.2
2026-04-25,VP_13325,40,Gauteng,Urban,Postpaid Contract,5G Smartphone,Mobile App / EFT,Fair,None,Severe (Stage 4+),Moderate,23.8,442.44
2026-04-06,VP_13326,46,Eastern Cape,Suburban,Enterprise Hybrid,4G Smartphone,Mobile App / EFT,Excellent,None,Moderate (Stage 1-3),Low / Inactive,6.2,176.03
2026-04-11,VP_13327,47,Eastern Cape,Urban,Prepaid,4G Smartphone,Debit Order,Good,None,Moderate (Stage 1-3),High Active,53.6,893.51
2026-04-29,VP_13328,56,Gauteng,Suburban,Prepaid,4G Smartphone,Debit Order,Excellent,Network Coverage,Severe (Stage 4+),Moderate,20.3,389.46
2026-06-23,VP_13329,61,KwaZulu-Natal,Urban,Postpaid Contract,5G Smartphone,Debit Order,Poor / Frequent Drops,None,Moderate (Stage 1-3),Moderate,20.1,386.43
2026-05-31,VP_13330,64,KwaZulu-Natal,Urban,Postpaid Contract,4G Smartphone,Debit Order,Poor / Frequent Drops,None,Minimal / No Impact,Low / Inactive,29.1,522.66
2026-06-26,VP_13331,42,Western Cape,Rural,Prepaid,Legacy Feature Phone,Debit Order,Excellent,SIM Swap / Technical,Moderate (Stage 1-3),Moderate,35.2,614.99
2026-05-09,VP_13332,54,Limpopo,Rural,Postpaid Contract,5G Smartphone,Voucher Top-Up,Excellent,None,Moderate (Stage 1-3),High Active,12.5,271.39
2026-02-08,VP_13333,64,Western Cape,Urban,Enterprise Hybrid,4G Smartphone,Credit Card,Good,Billing Query,Moderate (Stage 1-3),Moderate,4.8,154.84
2026-03-30,VP_13334,25,KwaZulu-Natal,Suburban,Prepaid,LTE Router/MiFi,Voucher Top-Up,Excellent,None,Moderate (Stage 1-3),Low / Inactive,11.7,259.28
2026-01-07,VP_13335,59,Gauteng,Urban,Prepaid,4G Smartphone,Debit Order,Good,None,Moderate (Stage 1-3),Low / Inactive,5.7,168.46
2026-05-04,VP_13336,33,Gauteng,Urban,Prepaid,4G Smartphone,Debit Order,Excellent,None,Minimal / No Impact,Moderate,15.3,313.77
2026-01-27,VP_13337,25,Gauteng,Suburban,Prepaid,5G Smartphone,Debit Order,Good,None,Moderate (Stage 1-3),Low / Inactive,8.4,209.33
2026-03-17,VP_13338,18,Gauteng,Urban,Prepaid,4G Smartphone,Debit Order,Excellent,None,Moderate (Stage 1-3),High Active,23.4,436.38
2026-04-17,VP_13339,61,Western Cape,Rural,Prepaid,4G Smartphone,Mobile App / EFT,Excellent,None,Moderate (Stage 1-3),Moderate,5,157.87
2026-01-22,VP_13340,22,Western Cape,Urban,Prepaid,4G Smartphone,Debit Order,Excellent,None,Moderate (Stage 1-3),Low / Inactive,48.7,819.34
2026-01-30,VP_13341,20,Gauteng,Suburban,Prepaid,Legacy Feature Phone,Credit Card,Good,None,Severe (Stage 4+),High Active,21.4,406.11
2026-02-06,VP_13342,18,Eastern Cape,Suburban,Prepaid,5G Smartphone,Voucher Top-Up,Good,None,Severe (Stage 4+),Low / Inactive,22.5,422.76
2026-03-31,VP_13343,21,Gauteng,Urban,Prepaid,5G Smartphone,Voucher Top-Up,Excellent,SIM Swap / Technical,Moderate (Stage 1-3),Moderate,17.9,353.13
2026-03-21,VP_13344,57,Gauteng,Urban,Postpaid Contract,5G Smartphone,Voucher Top-Up,Good,Network Coverage,Severe (Stage 4+),Moderate,33.6,590.77
2026-03-29,VP_13345,52,Gauteng,Suburban,Postpaid Contract,4G Smartphone,Voucher Top-Up,Fair,Network Coverage,Moderate (Stage 1-3),High Active,17,339.51
2026-04-27,VP_13346,49,KwaZulu-Natal,Suburban,Prepaid,5G Smartphone,Voucher Top-Up,Excellent,Billing Query,Minimal / No Impact,High Active,14.1,295.61
2026-02-22,VP_13347,59,Gauteng,Urban,Prepaid,4G Smartphone,Debit Order,Fair,None,Moderate (Stage 1-3),Moderate,18.1,356.16
2026-05-14,VP_13348,51,KwaZulu-Natal,Urban,Postpaid Contract,5G Smartphone,Debit Order,Good,None,Severe (Stage 4+),Moderate,16.2,327.4
2026-05-04,VP_13349,60,KwaZulu-Natal,Urban,Prepaid,4G Smartphone,Credit Card,Excellent,Network Coverage,Moderate (Stage 1-3),High Active,9.7,229.01
2026-03-31,VP_13350,42,Limpopo,Urban,Enterprise Hybrid,5G Smartphone,Debit Order,Excellent,None,Severe (Stage 4+),Low / Inactive,42.9,731.54
2026-05-02,VP_13351,27,Gauteng,Urban,Prepaid,LTE Router/MiFi,Voucher Top-Up,Good,None,Moderate (Stage 1-3),High Active,19.5,377.35
2026-01-25,VP_13352,38,Gauteng,Urban,Postpaid Contract,4G Smartphone,Voucher Top-Up,Good,None,Moderate (Stage 1-3),Low / Inactive,14.5,301.67
2026-04-23,VP_13353,63,Gauteng,Suburban,Prepaid,LTE Router/MiFi,Debit Order,Excellent,None,Severe (Stage 4+),High Active,6.5,180.57
2026-06-28,VP_13354,56,Western Cape,Suburban,Postpaid Contract,4G Smartphone,Debit Order,Poor / Frequent Drops,None,Severe (Stage 4+),Moderate,1.7,107.92
2026-04-26,VP_13355,44,Gauteng,Rural,Postpaid Contract,5G Smartphone,Debit Order,Good,SIM Swap / Technical,Severe (Stage 4+),Moderate,27.9,504.5
2026-03-23,VP_13356,44,Eastern Cape,Suburban,Enterprise Hybrid,5G Smartphone,Voucher Top-Up,Excellent,Billing Query,Severe (Stage 4+),Moderate,12.1,265.34
2026-01-18,VP_13357,19,KwaZulu-Natal,Rural,Enterprise Hybrid,Legacy Feature Phone,Voucher Top-Up,Excellent,None,Severe (Stage 4+),Low / Inactive,10.6,242.63
2026-03-18,VP_13358,58,KwaZulu-Natal,Suburban,Prepaid,4G Smartphone,Mobile App / EFT,Excellent,None,Minimal / No Impact,Low / Inactive,31,551.42
2026-01-12,VP_13359,65,KwaZulu-Natal,Suburban,Prepaid,5G Smartphone,Voucher Top-Up,Good,None,Moderate (Stage 1-3),Moderate,0.7,92.78
2026-01-30,VP_13360,30,Gauteng,Rural,Prepaid,4G Smartphone,Debit Order,Good,None,Minimal / No Impact,Moderate,1.9,110.94
2026-01-06,VP_13361,26,Gauteng,Suburban,Prepaid,4G Smartphone,Voucher Top-Up,Fair,Network Coverage,Moderate (Stage 1-3),Moderate,11.1,250.2
2026-03-29,VP_13362,69,Gauteng,Urban,Prepaid,5G Smartphone,Voucher Top-Up,Good,None,Moderate (Stage 1-3),Low / Inactive,17.3,344.05
2026-06-15,VP_13363,53,Western Cape,Suburban,Postpaid Contract,5G Smartphone,Voucher Top-Up,Excellent,Billing Query,Severe (Stage 4+),Low / Inactive,9.2,221.44
2026-01-28,VP_13364,39,Gauteng,Rural,Enterprise Hybrid,4G Smartphone,Voucher Top-Up,Good,None,Severe (Stage 4+),Moderate,15.5,316.8
2026-06-23,VP_13365,59,Gauteng,Suburban,Prepaid,5G Smartphone,Voucher Top-Up,Excellent,None,Moderate (Stage 1-3),Moderate,11,248.69
2026-02-12,VP_13366,43,Limpopo,Suburban,Prepaid,5G Smartphone,Debit Order,Excellent,Billing Query,Minimal / No Impact,High Active,19.6,378.86
2026-03-04,VP_13367,71,Gauteng,Suburban,Prepaid,5G Smartphone,Voucher Top-Up,Fair,Network Coverage,Severe (Stage 4+),Low / Inactive,7.7,198.74
2026-05-13,VP_13368,29,Eastern Cape,Rural,Postpaid Contract,5G Smartphone,Debit Order,Excellent,Billing Query,Moderate (Stage 1-3),Low / Inactive,22.3,419.73
2026-02-14,VP_13369,34,Eastern Cape,Urban,Prepaid,4G Smartphone,Voucher Top-Up,Fair,SIM Swap / Technical,Severe (Stage 4+),Low / Inactive,3.8,139.7
2026-05-22,VP_13370,31,Gauteng,Suburban,Enterprise Hybrid,5G Smartphone,Debit Order,Poor / Frequent Drops,Network Coverage,Moderate (Stage 1-3),Moderate,10.6,242.63
2026-02-10,VP_13371,31,Gauteng,Urban,Postpaid Contract,5G Smartphone,Mobile App / EFT,Good,Billing Query,Moderate (Stage 1-3),Moderate,27,490.87
2026-03-26,VP_13372,74,Gauteng,Suburban,Postpaid Contract,LTE Router/MiFi,Voucher Top-Up,Excellent,Network Coverage,Moderate (Stage 1-3),Moderate,48.9,822.36
2026-05-24,VP_13373,51,Western Cape,Suburban,Prepaid,5G Smartphone,Voucher Top-Up,Excellent,None,Severe (Stage 4+),Moderate,38.3,661.92
2026-04-20,VP_13374,70,Western Cape,Urban,Prepaid,5G Smartphone,Mobile App / EFT,Excellent,None,Severe (Stage 4+),Moderate,6.3,177.55
2026-04-29,VP_13375,74,Eastern Cape,Urban,Enterprise Hybrid,4G Smartphone,Mobile App / EFT,Good,None,Moderate (Stage 1-3),Moderate,16.7,334.97
2026-03-01,VP_13376,37,Limpopo,Suburban,Postpaid Contract,4G Smartphone,Voucher Top-Up,Fair,None,Minimal / No Impact,High Active,27,490.87
2026-04-14,VP_13377,28,Western Cape,Urban,Enterprise Hybrid,4G Smartphone,Debit Order,Good,Network Coverage,Moderate (Stage 1-3),High Active,18,354.64
2026-06-11,VP_13378,33,Gauteng,Urban,Prepaid,5G Smartphone,Mobile App / EFT,Fair,None,Moderate (Stage 1-3),Moderate,6.8,185.11
2026-02-17,VP_13379,68,Gauteng,Suburban,Postpaid Contract,LTE Router/MiFi,Voucher Top-Up,Fair,None,Moderate (Stage 1-3),Low / Inactive,5.3,162.41
2026-02-17,VP_13380,48,Eastern Cape,Urban,Prepaid,4G Smartphone,Voucher Top-Up,Fair,Network Coverage,Severe (Stage 4+),Moderate,6.2,176.03
2026-06-13,VP_13381,72,Gauteng,Urban,Postpaid Contract,4G Smartphone,Credit Card,Excellent,None,Moderate (Stage 1-3),Moderate,45,763.33
2026-06-18,VP_13382,23,Gauteng,Rural,Postpaid Contract,5G Smartphone,Debit Order,Fair,None,Severe (Stage 4+),Low / Inactive,22.1,416.7
2026-04-21,VP_13383,73,Western Cape,Urban,Postpaid Contract,5G Smartphone,Debit Order,Good,None,Moderate (Stage 1-3),Moderate,16.7,334.97
2026-04-12,VP_13384,36,KwaZulu-Natal,Urban,Postpaid Contract,4G Smartphone,Voucher Top-Up,Excellent,Billing Query,Moderate (Stage 1-3),High Active,31.7,562.01
2026-01-08,VP_13385,54,Limpopo,Suburban,Prepaid,LTE Router/MiFi,Mobile App / EFT,Poor / Frequent Drops,None,Moderate (Stage 1-3),Low / Inactive,17.8,351.62
2026-06-07,VP_13386,21,Western Cape,Suburban,Enterprise Hybrid,4G Smartphone,Voucher Top-Up,Poor / Frequent Drops,SIM Swap / Technical,Severe (Stage 4+),Low / Inactive,19.2,372.81
2026-02-20,VP_13387,64,Gauteng,Rural,Enterprise Hybrid,5G Smartphone,Voucher Top-Up,Good,None,Minimal / No Impact,Moderate,14.6,303.18
2026-04-26,VP_13388,21,Limpopo,Rural,Prepaid,5G Smartphone,Voucher Top-Up,Fair,Network Coverage,Severe (Stage 4+),High Active,2.7,123.05
2026-06-01,VP_13389,37,Gauteng,Suburban,Enterprise Hybrid,4G Smartphone,Voucher Top-Up,Excellent,None,Moderate (Stage 1-3),Low / Inactive,7.6,197.22
2026-04-20,VP_13390,27,Gauteng,Urban,Prepaid,4G Smartphone,Mobile App / EFT,Good,None,Moderate (Stage 1-3),Moderate,11.2,251.71
2026-04-10,VP_13391,41,KwaZulu-Natal,Urban,Postpaid Contract,5G Smartphone,Debit Order,Excellent,None,Moderate (Stage 1-3),High Active,27.5,498.44
2026-01-02,VP_13392,71,Gauteng,Urban,Prepaid,5G Smartphone,Voucher Top-Up,Good,None,Moderate (Stage 1-3),High Active,30.7,546.88
2026-06-30,VP_13393,52,KwaZulu-Natal,Urban,Enterprise Hybrid,4G Smartphone,Mobile App / EFT,Good,None,Minimal / No Impact,Low / Inactive,3.1,129.11
2026-02-24,VP_13394,43,Gauteng,Suburban,Prepaid,4G Smartphone,Voucher Top-Up,Excellent,None,Severe (Stage 4+),High Active,9.2,221.44
2026-02-22,VP_13395,54,KwaZulu-Natal,Suburban,Prepaid,4G Smartphone,Debit Order,Good,None,Minimal / No Impact,High Active,15,309.23
2026-03-13,VP_13396,55,KwaZulu-Natal,Urban,Prepaid,4G Smartphone,Debit Order,Excellent,Network Coverage,Severe (Stage 4+),Moderate,5.2,160.89
2026-06-30,VP_13397,38,Eastern Cape,Suburban,Prepaid,4G Smartphone,Mobile App / EFT,Excellent,None,Moderate (Stage 1-3),High Active,26.2,478.76
2026-01-17,VP_13398,71,Eastern Cape,Urban,Postpaid Contract,5G Smartphone,Debit Order,Excellent,SIM Swap / Technical,Severe (Stage 4+),High Active,34.2,599.86
2026-05-28,VP_13399,57,Gauteng,Urban,Prepaid,4G Smartphone,Voucher Top-Up,Good,Network Coverage,Severe (Stage 4+),Moderate,85.1,1370.31
2026-01-27,VP_13400,56,KwaZulu-Natal,Suburban,Postpaid Contract,Legacy Feature Phone,Debit Order,Excellent,None,Severe (Stage 4+),High Active,14.3,298.64
2026-05-18,VP_13401,38,KwaZulu-Natal,Urban,Enterprise Hybrid,LTE Router/MiFi,Voucher Top-Up,Excellent,None,Severe (Stage 4+),Low / Inactive,14.9,307.72
2026-02-17,VP_13402,27,Gauteng,Urban,Postpaid Contract,LTE Router/MiFi,Voucher Top-Up,Excellent,None,Minimal / No Impact,Moderate,39.3,677.05
2026-04-04,VP_13403,55,Eastern Cape,Urban,Postpaid Contract,5G Smartphone,Mobile App / EFT,Excellent,Network Coverage,Moderate (Stage 1-3),High Active,35.8,624.07
2026-03-25,VP_13404,63,Western Cape,Urban,Prepaid,4G Smartphone,Voucher Top-Up,Good,Network Coverage,Severe (Stage 4+),Moderate,24.7,456.06
2026-02-20,VP_13405,21,Gauteng,Suburban,Prepaid,LTE Router/MiFi,Voucher Top-Up,Poor / Frequent Drops,None,Severe (Stage 4+),High Active,10.2,236.58
2026-04-28,VP_13406,74,KwaZulu-Natal,Rural,Prepaid,4G Smartphone,Voucher Top-Up,Excellent,None,Moderate (Stage 1-3),High Active,9.5,225.98
2026-01-30,VP_13407,62,Gauteng,Urban,Prepaid,5G Smartphone,Debit Order,Good,None,Moderate (Stage 1-3),Moderate,13.3,283.5
2026-03-09,VP_13408,37,Western Cape,Urban,Enterprise Hybrid,Legacy Feature Phone,Debit Order,Excellent,Network Coverage,Minimal / No Impact,High Active,17.4,345.56
2026-06-21,VP_13409,34,Gauteng,Suburban,Prepaid,4G Smartphone,Mobile App / EFT,Excellent,Billing Query,Moderate (Stage 1-3),Moderate,21.8,412.16
2026-05-06,VP_13410,72,Limpopo,Rural,Enterprise Hybrid,5G Smartphone,Voucher Top-Up,Excellent,Network Coverage,Moderate (Stage 1-3),Low / Inactive,23.6,439.41
2026-05-16,VP_13411,24,Eastern Cape,Urban,Prepaid,5G Smartphone,Voucher Top-Up,Poor / Frequent Drops,Billing Query,Moderate (Stage 1-3),Moderate,18.5,362.21
2026-06-13,VP_13412,21,KwaZulu-Natal,Urban,Postpaid Contract,4G Smartphone,Debit Order,Good,None,Moderate (Stage 1-3),Moderate,11.5,256.26
2026-03-22,VP_13413,46,Western Cape,Suburban,Prepaid,4G Smartphone,Mobile App / EFT,Good,SIM Swap / Technical,Severe (Stage 4+),Low / Inactive,2.8,124.57
2026-06-02,VP_13414,31,Limpopo,Suburban,Prepaid,5G Smartphone,Voucher Top-Up,Good,Network Coverage,Moderate (Stage 1-3),Low / Inactive,26.4,481.79
2026-04-10,VP_13415,20,KwaZulu-Natal,Urban,Postpaid Contract,4G Smartphone,Mobile App / EFT,Excellent,None,Severe (Stage 4+),Low / Inactive,17.6,348.59
2026-06-06,VP_13416,41,Gauteng,Suburban,Prepaid,4G Smartphone,Credit Card,Poor / Frequent Drops,None,Moderate (Stage 1-3),Moderate,16.3,328.91
2026-04-11,VP_13417,54,KwaZulu-Natal,Urban,Postpaid Contract,4G Smartphone,Credit Card,Excellent,None,Moderate (Stage 1-3),Low / Inactive,13.3,283.5
2026-05-31,VP_13418,33,Eastern Cape,Urban,Prepaid,5G Smartphone,Mobile App / EFT,Excellent,Billing Query,Moderate (Stage 1-3),Low / Inactive,67.6,1105.42
2026-01-30,VP_13419,72,Western Cape,Urban,Prepaid,4G Smartphone,Debit Order,Excellent,None,Severe (Stage 4+),Moderate,40.8,699.76
2026-03-31,VP_13420,69,Western Cape,Rural,Enterprise Hybrid,5G Smartphone,Mobile App / EFT,Excellent,None,Moderate (Stage 1-3),Moderate,27.5,498.44
2026-04-01,VP_13421,21,Eastern Cape,Urban,Prepaid,5G Smartphone,Debit Order,Excellent,None,Severe (Stage 4+),High Active,22.8,427.3
2026-04-28,VP_13422,73,Limpopo,Urban,Postpaid Contract,5G Smartphone,Mobile App / EFT,Good,None,Moderate (Stage 1-3),Moderate,18.3,359.18
2026-06-08,VP_13423,41,Limpopo,Urban,Prepaid,4G Smartphone,Debit Order,Excellent,None,Minimal / No Impact,High Active,7.4,194.2
2026-02-14,VP_13424,51,Gauteng,Rural,Postpaid Contract,5G Smartphone,Voucher Top-Up,Good,None,Moderate (Stage 1-3),High Active,12,263.82
2026-06-22,VP_13425,47,KwaZulu-Natal,Urban,Prepaid,5G Smartphone,Debit Order,Excellent,Network Coverage,Minimal / No Impact,High Active,37.6,651.32
2026-06-30,VP_13426,35,Western Cape,Urban,Prepaid,5G Smartphone,Mobile App / EFT,Poor / Frequent Drops,None,Minimal / No Impact,Moderate,17.1,341.02
2026-03-18,VP_13427,36,Eastern Cape,Urban,Prepaid,4G Smartphone,Debit Order,Excellent,Billing Query,Moderate (Stage 1-3),Moderate,41.5,710.35
2026-06-07,VP_13428,48,Western Cape,Suburban,Prepaid,LTE Router/MiFi,Voucher Top-Up,Good,Billing Query,Severe (Stage 4+),Moderate,18.4,360.7
2026-06-01,VP_13429,36,Gauteng,Urban,Prepaid,LTE Router/MiFi,Mobile App / EFT,Good,None,Severe (Stage 4+),Moderate,2.1,113.97
2026-01-22,VP_13430,66,Eastern Cape,Urban,Postpaid Contract,5G Smartphone,Voucher Top-Up,Excellent,None,Moderate (Stage 1-3),Low / Inactive,26.6,484.82
2026-06-22,VP_13431,63,Western Cape,Urban,Postpaid Contract,5G Smartphone,Debit Order,Excellent,None,Minimal / No Impact,Moderate,17.8,351.62
2026-02-04,VP_13432,36,Gauteng,Rural,Prepaid,5G Smartphone,Voucher Top-Up,Excellent,None,Moderate (Stage 1-3),Moderate,71.5,1164.45
2026-03-22,VP_13433,39,KwaZulu-Natal,Suburban,Prepaid,4G Smartphone,Debit Order,Excellent,Network Coverage,Severe (Stage 4+),High Active,14.4,300.15
2026-01-31,VP_13434,41,Gauteng,Suburban,Prepaid,5G Smartphone,Voucher Top-Up,Excellent,Network Coverage,Minimal / No Impact,Low / Inactive,13.1,280.47
2026-03-03,VP_13435,62,Gauteng,Rural,Prepaid,5G Smartphone,Credit Card,Good,None,Moderate (Stage 1-3),Moderate,12.9,277.45
2026-03-20,VP_13436,29,Gauteng,Rural,Prepaid,4G Smartphone,Voucher Top-Up,Good,Network Coverage,Moderate (Stage 1-3),Low / Inactive,10.6,242.63
2026-01-30,VP_13437,47,KwaZulu-Natal,Urban,Prepaid,5G Smartphone,Debit Order,Good,Network Coverage,Moderate (Stage 1-3),High Active,37.3,646.78
2026-02-16,VP_13438,55,KwaZulu-Natal,Rural,Enterprise Hybrid,5G Smartphone,Voucher Top-Up,Excellent,SIM Swap / Technical,Minimal / No Impact,Moderate,105.6,1680.61
2026-04-06,VP_13439,70,Western Cape,Urban,Postpaid Contract,5G Smartphone,Credit Card,Fair,None,Minimal / No Impact,High Active,19.6,378.86
2026-06-27,VP_13440,48,Western Cape,Urban,Prepaid,5G Smartphone,Debit Order,Excellent,Billing Query,Minimal / No Impact,High Active,27.5,498.44
2026-02-06,VP_13441,53,Eastern Cape,Rural,Prepaid,4G Smartphone,Voucher Top-Up,Excellent,None,Moderate (Stage 1-3),Moderate,13.8,291.07
2026-05-11,VP_13442,36,Gauteng,Urban,Postpaid Contract,Legacy Feature Phone,Voucher Top-Up,Excellent,Billing Query,Moderate (Stage 1-3),Low / Inactive,55.1,916.21
2026-04-10,VP_13443,65,Gauteng,Urban,Prepaid,5G Smartphone,Mobile App / EFT,Excellent,None,Moderate (Stage 1-3),Moderate,24,445.46
2026-04-18,VP_13444,62,Eastern Cape,Urban,Postpaid Contract,5G Smartphone,Mobile App / EFT,Good,Billing Query,Minimal / No Impact,Moderate,13.5,286.53
2026-06-02,VP_13445,53,Gauteng,Suburban,Enterprise Hybrid,LTE Router/MiFi,Debit Order,Good,None,Moderate (Stage 1-3),Moderate,36.1,628.62
2026-02-05,VP_13446,47,Limpopo,Urban,Prepaid,LTE Router/MiFi,Voucher Top-Up,Good,Network Coverage,Severe (Stage 4+),High Active,18,354.64
2026-05-28,VP_13447,72,Eastern Cape,Suburban,Prepaid,5G Smartphone,Voucher Top-Up,Good,Billing Query,Moderate (Stage 1-3),Moderate,2.8,124.57
2026-04-09,VP_13448,66,KwaZulu-Natal,Rural,Postpaid Contract,4G Smartphone,Debit Order,Poor / Frequent Drops,None,Moderate (Stage 1-3),Moderate,6.7,183.6
2026-04-19,VP_13449,72,Limpopo,Suburban,Enterprise Hybrid,5G Smartphone,Debit Order,Good,None,Severe (Stage 4+),Moderate,5.2,160.89
2026-02-17,VP_13450,50,Gauteng,Urban,Prepaid,4G Smartphone,Voucher Top-Up,Good,Billing Query,Moderate (Stage 1-3),Moderate,39.8,684.62
2026-05-05,VP_13451,35,Gauteng,Rural,Postpaid Contract,Legacy Feature Phone,Debit Order,Excellent,None,Severe (Stage 4+),High Active,10,233.55
2026-06-12,VP_13452,69,Western Cape,Urban,Prepaid,4G Smartphone,Mobile App / EFT,Excellent,None,Severe (Stage 4+),Moderate,5.7,168.46
2026-05-18,VP_13453,66,KwaZulu-Natal,Urban,Prepaid,4G Smartphone,Debit Order,Good,Billing Query,Severe (Stage 4+),Low / Inactive,23.4,436.38
2026-06-27,VP_13454,45,Limpopo,Urban,Postpaid Contract,5G Smartphone,Debit Order,Excellent,Network Coverage,Moderate (Stage 1-3),Low / Inactive,21.8,412.16
2026-06-15,VP_13455,64,Gauteng,Suburban,Enterprise Hybrid,4G Smartphone,Debit Order,Good,None,Severe (Stage 4+),Moderate,36.6,636.18
2026-02-14,VP_13456,28,KwaZulu-Natal,Urban,Postpaid Contract,4G Smartphone,Debit Order,Excellent,None,Moderate (Stage 1-3),Moderate,43.7,743.65
2026-05-23,VP_13457,74,Western Cape,Urban,Postpaid Contract,4G Smartphone,Voucher Top-Up,Fair,Network Coverage,Minimal / No Impact,High Active,14.5,301.67
2026-02-12,VP_13458,71,Western Cape,Urban,Prepaid,5G Smartphone,Voucher Top-Up,Poor / Frequent Drops,Network Coverage,Minimal / No Impact,Moderate,50.4,845.07
2026-05-06,VP_13459,62,Gauteng,Urban,Prepaid,4G Smartphone,Voucher Top-Up,Excellent,None,Minimal / No Impact,Low / Inactive,38.5,664.94
2026-03-15,VP_13460,50,KwaZulu-Natal,Suburban,Prepaid,4G Smartphone,Credit Card,Fair,None,Moderate (Stage 1-3),Moderate,2.7,123.05
2026-02-05,VP_13461,34,Eastern Cape,Suburban,Prepaid,5G Smartphone,Mobile App / EFT,Fair,None,Minimal / No Impact,Low / Inactive,26.4,481.79
2026-02-17,VP_13462,23,Gauteng,Suburban,Postpaid Contract,5G Smartphone,Debit Order,Poor / Frequent Drops,SIM Swap / Technical,Moderate (Stage 1-3),Moderate,8.8,215.39
2026-03-22,VP_13463,21,Eastern Cape,Urban,Prepaid,5G Smartphone,Credit Card,Excellent,None,Minimal / No Impact,Moderate,8,203.28
2026-04-26,VP_13464,37,KwaZulu-Natal,Urban,Postpaid Contract,4G Smartphone,Voucher Top-Up,Fair,None,Severe (Stage 4+),High Active,48.5,816.31
2026-06-08,VP_13465,65,Eastern Cape,Rural,Postpaid Contract,4G Smartphone,Voucher Top-Up,Excellent,None,Severe (Stage 4+),Moderate,37.1,643.75
2026-01-14,VP_13466,64,Western Cape,Urban,Prepaid,4G Smartphone,Voucher Top-Up,Good,None,Severe (Stage 4+),Low / Inactive,40,687.65
2026-04-02,VP_13467,44,Gauteng,Rural,Prepaid,5G Smartphone,Debit Order,Good,Billing Query,Minimal / No Impact,Moderate,17.3,344.05
2026-01-03,VP_13468,32,KwaZulu-Natal,Urban,Postpaid Contract,LTE Router/MiFi,Mobile App / EFT,Good,None,Moderate (Stage 1-3),High Active,3.8,139.7
2026-05-05,VP_13469,23,Eastern Cape,Rural,Enterprise Hybrid,4G Smartphone,Debit Order,Excellent,None,Moderate (Stage 1-3),Low / Inactive,4.1,144.24
2026-02-04,VP_13470,64,KwaZulu-Natal,Urban,Postpaid Contract,5G Smartphone,Voucher Top-Up,Fair,None,Moderate (Stage 1-3),High Active,7.7,198.74
2026-02-19,VP_13471,31,Limpopo,Urban,Prepaid,5G Smartphone,Debit Order,Good,None,Minimal / No Impact,Moderate,39.2,675.54
2026-04-09,VP_13472,28,KwaZulu-Natal,Suburban,Prepaid,5G Smartphone,Mobile App / EFT,Excellent,Network Coverage,Minimal / No Impact,High Active,12.8,275.93
2026-05-24,VP_13473,56,Gauteng,Suburban,Prepaid,Legacy Feature Phone,Mobile App / EFT,Good,None,Moderate (Stage 1-3),High Active,48,808.74
2026-05-10,VP_13474,26,KwaZulu-Natal,Urban,Prepaid,5G Smartphone,Debit Order,Fair,Network Coverage,Moderate (Stage 1-3),High Active,10.2,236.58
2026-06-17,VP_13475,43,Limpopo,Suburban,Postpaid Contract,5G Smartphone,Voucher Top-Up,Poor / Frequent Drops,None,Moderate (Stage 1-3),Moderate,56.1,931.35
2026-05-07,VP_13476,33,Gauteng,Suburban,Postpaid Contract,5G Smartphone,Voucher Top-Up,Good,None,Moderate (Stage 1-3),Moderate,34.6,605.91
2026-04-15,VP_13477,22,Eastern Cape,Urban,Prepaid,4G Smartphone,Voucher Top-Up,Excellent,None,Minimal / No Impact,Moderate,8.3,207.82
2026-06-25,VP_13478,74,Limpopo,Urban,Prepaid,5G Smartphone,Voucher Top-Up,Excellent,SIM Swap / Technical,Moderate (Stage 1-3),Moderate,18.9,368.27
2026-05-06,VP_13479,69,KwaZulu-Natal,Urban,Prepaid,5G Smartphone,Voucher Top-Up,Excellent,None,Moderate (Stage 1-3),Moderate,36.8,639.21
2026-04-17,VP_13480,27,Gauteng,Urban,Enterprise Hybrid,4G Smartphone,Debit Order,Excellent,Billing Query,Severe (Stage 4+),Low / Inactive,19.8,381.89
2026-04-24,VP_13481,67,Western Cape,Suburban,Prepaid,4G Smartphone,Voucher Top-Up,Excellent,None,Severe (Stage 4+),Low / Inactive,13,278.96
2026-05-06,VP_13482,20,Gauteng,Urban,Postpaid Contract,4G Smartphone,Voucher Top-Up,Excellent,None,Severe (Stage 4+),High Active,12.5,271.39
2026-02-12,VP_13483,30,Eastern Cape,Urban,Prepaid,4G Smartphone,Voucher Top-Up,Excellent,None,Moderate (Stage 1-3),High Active,10.2,236.58
2026-01-22,VP_13484,60,KwaZulu-Natal,Urban,Postpaid Contract,4G Smartphone,Mobile App / EFT,Fair,SIM Swap / Technical,Moderate (Stage 1-3),Moderate,9.8,230.52
2026-05-25,VP_13485,66,KwaZulu-Natal,Urban,Prepaid,4G Smartphone,Debit Order,Good,None,Minimal / No Impact,High Active,15.7,319.83
2026-01-08,VP_13486,47,Eastern Cape,Urban,Prepaid,4G Smartphone,Debit Order,Fair,Billing Query,Moderate (Stage 1-3),Low / Inactive,7.2,191.17
2026-02-26,VP_13487,71,KwaZulu-Natal,Urban,Postpaid Contract,5G Smartphone,Debit Order,Excellent,SIM Swap / Technical,Severe (Stage 4+),High Active,12,263.82
2026-03-16,VP_13488,62,KwaZulu-Natal,Urban,Prepaid,4G Smartphone,Debit Order,Good,None,Severe (Stage 4+),Moderate,28.1,507.52
2026-01-09,VP_13489,23,KwaZulu-Natal,Rural,Prepaid,5G Smartphone,Debit Order,Excellent,None,Minimal / No Impact,High Active,8.1,204.79
2026-03-12,VP_13490,34,KwaZulu-Natal,Urban,Prepaid,5G Smartphone,Credit Card,Good,None,Moderate (Stage 1-3),Moderate,6.2,176.03
2026-02-27,VP_13491,62,KwaZulu-Natal,Suburban,Prepaid,LTE Router/MiFi,Debit Order,Good,None,Moderate (Stage 1-3),High Active,6.1,174.52
2026-05-18,VP_13492,68,Eastern Cape,Urban,Prepaid,4G Smartphone,Voucher Top-Up,Good,None,Moderate (Stage 1-3),Low / Inactive,12.7,274.42
2026-03-15,VP_13493,70,KwaZulu-Natal,Urban,Postpaid Contract,4G Smartphone,Debit Order,Fair,None,Severe (Stage 4+),Low / Inactive,6.8,185.11
2026-02-13,VP_13494,36,KwaZulu-Natal,Urban,Enterprise Hybrid,LTE Router/MiFi,Voucher Top-Up,Poor / Frequent Drops,Billing Query,Severe (Stage 4+),Moderate,15.1,310.75
2026-04-28,VP_13495,59,Western Cape,Urban,Prepaid,Legacy Feature Phone,Credit Card,Good,Billing Query,Moderate (Stage 1-3),High Active,23.2,433.35
2026-05-25,VP_13496,52,Gauteng,Rural,Prepaid,4G Smartphone,Debit Order,Excellent,SIM Swap / Technical,Moderate (Stage 1-3),Moderate,9.7,229.01
2026-05-07,VP_13497,63,Gauteng,Rural,Prepaid,4G Smartphone,Mobile App / EFT,Poor / Frequent Drops,None,Moderate (Stage 1-3),Moderate,4.1,144.24
2026-05-21,VP_13498,43,Limpopo,Suburban,Prepaid,4G Smartphone,Credit Card,Good,None,Moderate (Stage 1-3),High Active,46.8,790.58
2026-05-11,VP_13499,68,Western Cape,Suburban,Prepaid,5G Smartphone,Voucher Top-Up,Good,None,Minimal / No Impact,Low / Inactive,14.7,304.69
2026-01-29,VP_13500,22,Western Cape,Urban,Postpaid Contract,5G Smartphone,Debit Order,Good,None,Minimal / No Impact,High Active,16.9,337.99
2026-05-27,VP_13501,46,Western Cape,Urban,Prepaid,4G Smartphone,Voucher Top-Up,Excellent,None,Moderate (Stage 1-3),High Active,29.2,524.17
2026-01-30,VP_13502,54,Gauteng,Rural,Prepaid,5G Smartphone,Mobile App / EFT,Excellent,None,Moderate (Stage 1-3),Moderate,6.1,174.52
2026-03-10,VP_13503,37,Western Cape,Suburban,Postpaid Contract,5G Smartphone,Debit Order,Excellent,Network Coverage,Moderate (Stage 1-3),High Active,10.2,236.58
2026-05-20,VP_13504,66,KwaZulu-Natal,Suburban,Enterprise Hybrid,5G Smartphone,Voucher Top-Up,Excellent,SIM Swap / Technical,Severe (Stage 4+),Moderate,17,339.51
2026-04-04,VP_13505,38,KwaZulu-Natal,Urban,Enterprise Hybrid,5G Smartphone,Debit Order,Good,None,Minimal / No Impact,High Active,22.8,427.3
2026-05-19,VP_13506,27,KwaZulu-Natal,Urban,Postpaid Contract,Legacy Feature Phone,Debit Order,Excellent,Network Coverage,Moderate (Stage 1-3),Low / Inactive,15.7,319.83
2026-01-11,VP_13507,22,Gauteng,Rural,Enterprise Hybrid,4G Smartphone,Mobile App / EFT,Fair,Network Coverage,Minimal / No Impact,Moderate,18.6,363.73
2026-04-23,VP_13508,53,Gauteng,Urban,Prepaid,4G Smartphone,Voucher Top-Up,Good,None,Minimal / No Impact,Moderate,15.8,321.34
2026-05-20,VP_13509,23,Limpopo,Urban,Prepaid,Legacy Feature Phone,Debit Order,Excellent,None,Moderate (Stage 1-3),High Active,14.8,306.21
2026-02-25,VP_13510,43,KwaZulu-Natal,Urban,Prepaid,LTE Router/MiFi,Voucher Top-Up,Excellent,SIM Swap / Technical,Severe (Stage 4+),High Active,1.3,101.86
2026-04-19,VP_13511,21,KwaZulu-Natal,Suburban,Postpaid Contract,4G Smartphone,Debit Order,Good,Billing Query,Moderate (Stage 1-3),Moderate,24.6,454.54
2026-01-27,VP_13512,56,Gauteng,Urban,Enterprise Hybrid,LTE Router/MiFi,Debit Order,Excellent,SIM Swap / Technical,Moderate (Stage 1-3),High Active,4.3,147.27
2026-06-17,VP_13513,56,Gauteng,Suburban,Prepaid,4G Smartphone,Voucher Top-Up,Good,None,Moderate (Stage 1-3),Moderate,54.2,902.59
2026-03-05,VP_13514,67,Western Cape,Urban,Postpaid Contract,5G Smartphone,Voucher Top-Up,Fair,None,Severe (Stage 4+),Moderate,11.6,257.77
2026-03-18,VP_13515,52,KwaZulu-Natal,Rural,Postpaid Contract,5G Smartphone,Debit Order,Good,None,Moderate (Stage 1-3),High Active,13.5,286.53
2026-01-09,VP_13516,18,KwaZulu-Natal,Suburban,Enterprise Hybrid,4G Smartphone,Debit Order,Excellent,SIM Swap / Technical,Minimal / No Impact,Low / Inactive,19,369.78
2026-04-26,VP_13517,41,Gauteng,Urban,Postpaid Contract,4G Smartphone,Voucher Top-Up,Fair,None,Minimal / No Impact,Low / Inactive,40.3,692.19
2026-03-09,VP_13518,74,Western Cape,Suburban,Enterprise Hybrid,4G Smartphone,Mobile App / EFT,Excellent,None,Severe (Stage 4+),Moderate,17.8,351.62
2026-03-31,VP_13519,53,Gauteng,Urban,Prepaid,4G Smartphone,Mobile App / EFT,Excellent,None,Minimal / No Impact,Low / Inactive,3.5,135.16
2026-01-23,VP_13520,23,Gauteng,Urban,Prepaid,5G Smartphone,Debit Order,Good,None,Severe (Stage 4+),Low / Inactive,15.2,312.26
2026-04-23,VP_13521,58,KwaZulu-Natal,Rural,Prepaid,5G Smartphone,Voucher Top-Up,Poor / Frequent Drops,None,Minimal / No Impact,High Active,7,188.14
2026-01-31,VP_13522,71,Gauteng,Urban,Prepaid,4G Smartphone,Mobile App / EFT,Excellent,None,Severe (Stage 4+),High Active,7.2,191.17
2026-03-02,VP_13523,63,Gauteng,Urban,Prepaid,5G Smartphone,Voucher Top-Up,Poor / Frequent Drops,None,Minimal / No Impact,Moderate,7.7,198.74
2026-02-23,VP_13524,61,Western Cape,Urban,Postpaid Contract,4G Smartphone,Credit Card,Excellent,None,Moderate (Stage 1-3),Moderate,22.8,427.3
2026-05-31,VP_13525,74,Western Cape,Urban,Postpaid Contract,4G Smartphone,Credit Card,Excellent,None,Moderate (Stage 1-3),Moderate,24.2,448.49
2026-06-26,VP_13526,48,Eastern Cape,Rural,Postpaid Contract,4G Smartphone,Debit Order,Good,None,Severe (Stage 4+),Moderate,28.1,507.52
2026-03-31,VP_13527,37,KwaZulu-Natal,Urban,Prepaid,5G Smartphone,Debit Order,Excellent,None,Severe (Stage 4+),Moderate,10.3,238.09
2026-06-06,VP_13528,41,Gauteng,Rural,Prepaid,4G Smartphone,Debit Order,Excellent,None,Moderate (Stage 1-3),Moderate,18.3,359.18
2026-06-11,VP_13529,42,Gauteng,Rural,Prepaid,4G Smartphone,Debit Order,Excellent,Billing Query,Minimal / No Impact,High Active,25.6,469.68
2026-04-20,VP_13530,53,Limpopo,Urban,Prepaid,Legacy Feature Phone,Credit Card,Excellent,None,Moderate (Stage 1-3),Moderate,49,823.88
2026-02-12,VP_13531,38,Western Cape,Urban,Prepaid,4G Smartphone,Credit Card,Excellent,None,Minimal / No Impact,Low / Inactive,3.8,139.7
2026-06-07,VP_13532,47,Western Cape,Rural,Prepaid,4G Smartphone,Debit Order,Good,None,Moderate (Stage 1-3),Low / Inactive,18.5,362.21
2026-02-05,VP_13533,41,Gauteng,Urban,Prepaid,5G Smartphone,Voucher Top-Up,Good,None,Minimal / No Impact,High Active,6.8,185.11
2026-02-22,VP_13534,61,KwaZulu-Natal,Urban,Postpaid Contract,4G Smartphone,Voucher Top-Up,Poor / Frequent Drops,None,Moderate (Stage 1-3),High Active,22.2,418.22
2026-02-22,VP_13535,59,Gauteng,Urban,Prepaid,LTE Router/MiFi,Voucher Top-Up,Good,None,Severe (Stage 4+),Moderate,4.7,153.33
2026-01-16,VP_13536,47,KwaZulu-Natal,Suburban,Enterprise Hybrid,5G Smartphone,Voucher Top-Up,Good,Billing Query,Moderate (Stage 1-3),Low / Inactive,18.9,368.27
2026-05-26,VP_13537,39,Limpopo,Suburban,Prepaid,5G Smartphone,Credit Card,Good,Billing Query,Moderate (Stage 1-3),Low / Inactive,10.7,244.15
2026-03-31,VP_13538,45,Limpopo,Urban,Enterprise Hybrid,5G Smartphone,Debit Order,Fair,None,Minimal / No Impact,Moderate,3.5,135.16
2026-05-17,VP_13539,24,KwaZulu-Natal,Urban,Prepaid,4G Smartphone,Debit Order,Excellent,None,Moderate (Stage 1-3),High Active,11.7,259.28
2026-03-13,VP_13540,52,KwaZulu-Natal,Rural,Prepaid,4G Smartphone,Debit Order,Excellent,Billing Query,Severe (Stage 4+),Moderate,14.9,307.72
2026-06-02,VP_13541,72,Limpopo,Suburban,Prepaid,5G Smartphone,Voucher Top-Up,Good,None,Severe (Stage 4+),Low / Inactive,43,733.06
2026-05-18,VP_13542,45,Western Cape,Suburban,Postpaid Contract,LTE Router/MiFi,Debit Order,Excellent,None,Moderate (Stage 1-3),Low / Inactive,17.8,351.62
2026-02-13,VP_13543,31,Gauteng,Suburban,Prepaid,4G Smartphone,Voucher Top-Up,Poor / Frequent Drops,Billing Query,Severe (Stage 4+),Moderate,10.9,247.17
2026-03-24,VP_13544,73,KwaZulu-Natal,Urban,Prepaid,5G Smartphone,Voucher Top-Up,Good,None,Minimal / No Impact,Moderate,7,188.14
2026-06-30,VP_13545,27,Gauteng,Suburban,Postpaid Contract,5G Smartphone,Mobile App / EFT,Excellent,Billing Query,Severe (Stage 4+),Moderate,42.8,730.03
2026-03-16,VP_13546,33,KwaZulu-Natal,Urban,Prepaid,5G Smartphone,Voucher Top-Up,Fair,None,Severe (Stage 4+),Low / Inactive,13.5,286.53
2026-03-16,VP_13547,33,KwaZulu-Natal,Urban,Prepaid,4G Smartphone,Debit Order,Excellent,None,Severe (Stage 4+),Moderate,35.7,622.56
2026-05-27,VP_13548,71,Western Cape,Suburban,Prepaid,5G Smartphone,Mobile App / EFT,Poor / Frequent Drops,Network Coverage,Severe (Stage 4+),High Active,13.4,285.01
2026-03-10,VP_13549,48,KwaZulu-Natal,Urban,Postpaid Contract,4G Smartphone,Mobile App / EFT,Poor / Frequent Drops,None,Moderate (Stage 1-3),Moderate,12.5,271.39
2026-05-12,VP_13550,59,Gauteng,Rural,Prepaid,4G Smartphone,Debit Order,Good,None,Moderate (Stage 1-3),Low / Inactive,14.7,304.69
2026-06-23,VP_13551,42,KwaZulu-Natal,Urban,Prepaid,4G Smartphone,Debit Order,Excellent,None,Severe (Stage 4+),Moderate,28.8,518.12
2026-01-25,VP_13552,30,Eastern Cape,Rural,Prepaid,5G Smartphone,Mobile App / EFT,Excellent,None,Severe (Stage 4+),Moderate,13.2,281.99
2026-02-04,VP_13553,23,Western Cape,Rural,Prepaid,4G Smartphone,Debit Order,Good,None,Moderate (Stage 1-3),Moderate,21.2,403.08
2026-04-16,VP_13554,61,Gauteng,Urban,Postpaid Contract,4G Smartphone,Debit Order,Fair,None,Moderate (Stage 1-3),Moderate,56.2,932.86
2026-01-16,VP_13555,26,Limpopo,Suburban,Prepaid,5G Smartphone,Voucher Top-Up,Excellent,SIM Swap / Technical,Moderate (Stage 1-3),High Active,9.5,225.98
2026-03-12,VP_13556,62,Limpopo,Urban,Prepaid,5G Smartphone,Debit Order,Excellent,Network Coverage,Severe (Stage 4+),Moderate,13.8,291.07
2026-06-17,VP_13557,53,Gauteng,Rural,Prepaid,4G Smartphone,Debit Order,Excellent,None,Moderate (Stage 1-3),Moderate,33.1,583.21
2026-02-02,VP_13558,73,Gauteng,Urban,Prepaid,4G Smartphone,Voucher Top-Up,Good,Network Coverage,Moderate (Stage 1-3),Low / Inactive,29.5,528.71
2026-06-29,VP_13559,60,Western Cape,Suburban,Prepaid,5G Smartphone,Mobile App / EFT,Fair,None,Moderate (Stage 1-3),Low / Inactive,14.2,297.12
2026-02-03,VP_13560,37,Eastern Cape,Urban,Prepaid,4G Smartphone,Mobile App / EFT,Excellent,None,Moderate (Stage 1-3),Moderate,36.8,639.21
2026-03-05,VP_13561,35,Limpopo,Urban,Prepaid,4G Smartphone,Credit Card,Excellent,None,Minimal / No Impact,Low / Inactive,12.7,274.42
2026-02-07,VP_13562,60,Limpopo,Urban,Enterprise Hybrid,LTE Router/MiFi,Debit Order,Good,Billing Query,Severe (Stage 4+),Moderate,19.4,375.83
2026-03-24,VP_13563,74,Western Cape,Urban,Prepaid,5G Smartphone,Debit Order,Fair,None,Severe (Stage 4+),Moderate,28.4,512.06
2026-03-05,VP_13564,38,KwaZulu-Natal,Suburban,Prepaid,4G Smartphone,Mobile App / EFT,Fair,None,Severe (Stage 4+),High Active,54.1,901.07
2026-06-23,VP_13565,21,Gauteng,Suburban,Prepaid,5G Smartphone,Voucher Top-Up,Fair,Network Coverage,Moderate (Stage 1-3),High Active,44.4,754.25
2026-04-11,VP_13566,67,Gauteng,Suburban,Prepaid,4G Smartphone,Debit Order,Excellent,None,Severe (Stage 4+),Low / Inactive,13.5,286.53
2026-05-06,VP_13567,50,KwaZulu-Natal,Urban,Postpaid Contract,4G Smartphone,Debit Order,Excellent,None,Moderate (Stage 1-3),Low / Inactive,31.9,565.04
2026-02-06,VP_13568,44,Western Cape,Urban,Prepaid,5G Smartphone,Debit Order,Poor / Frequent Drops,None,Minimal / No Impact,Moderate,37.9,655.86
2026-05-28,VP_13569,24,KwaZulu-Natal,Urban,Prepaid,4G Smartphone,Voucher Top-Up,Poor / Frequent Drops,None,Severe (Stage 4+),Moderate,7.5,195.71
2026-06-11,VP_13570,23,Western Cape,Suburban,Postpaid Contract,5G Smartphone,Debit Order,Good,None,Moderate (Stage 1-3),Moderate,24.2,448.49
2026-03-10,VP_13571,32,Gauteng,Rural,Prepaid,4G Smartphone,Credit Card,Good,None,Moderate (Stage 1-3),Low / Inactive,10.1,235.06
2026-06-10,VP_13572,35,KwaZulu-Natal,Urban,Prepaid,5G Smartphone,Debit Order,Poor / Frequent Drops,None,Severe (Stage 4+),High Active,21.7,410.65
2026-04-17,VP_13573,49,Gauteng,Urban,Prepaid,4G Smartphone,Credit Card,Good,None,Severe (Stage 4+),High Active,35.7,622.56
2026-04-07,VP_13574,73,KwaZulu-Natal,Urban,Prepaid,5G Smartphone,Mobile App / EFT,Excellent,None,Moderate (Stage 1-3),Low / Inactive,2.3,117
2026-04-26,VP_13575,28,Eastern Cape,Suburban,Postpaid Contract,4G Smartphone,Voucher Top-Up,Good,SIM Swap / Technical,Severe (Stage 4+),Low / Inactive,47.4,799.66
2026-01-20,VP_13576,37,Western Cape,Suburban,Prepaid,4G Smartphone,Voucher Top-Up,Poor / Frequent Drops,None,Minimal / No Impact,High Active,45.7,773.93
2026-06-12,VP_13577,41,Limpopo,Suburban,Prepaid,4G Smartphone,Voucher Top-Up,Good,Billing Query,Severe (Stage 4+),Low / Inactive,32.7,577.15
2026-01-24,VP_13578,32,Gauteng,Urban,Prepaid,5G Smartphone,Debit Order,Fair,Billing Query,Moderate (Stage 1-3),Moderate,11.5,256.26
2026-04-14,VP_13579,65,KwaZulu-Natal,Suburban,Prepaid,4G Smartphone,Debit Order,Good,None,Moderate (Stage 1-3),High Active,42.7,728.52
2026-05-12,VP_13580,24,Gauteng,Suburban,Enterprise Hybrid,5G Smartphone,Voucher Top-Up,Excellent,None,Severe (Stage 4+),Low / Inactive,28.8,518.12
2026-03-13,VP_13581,38,KwaZulu-Natal,Urban,Prepaid,4G Smartphone,Voucher Top-Up,Excellent,None,Severe (Stage 4+),Moderate,54.7,910.16
2026-06-27,VP_13582,59,Eastern Cape,Urban,Enterprise Hybrid,4G Smartphone,Voucher Top-Up,Poor / Frequent Drops,Billing Query,Severe (Stage 4+),High Active,14.1,295.61
2026-04-05,VP_13583,43,Western Cape,Urban,Prepaid,4G Smartphone,Voucher Top-Up,Good,None,Minimal / No Impact,Moderate,4.2,145.76
2026-04-27,VP_13584,61,Limpopo,Urban,Postpaid Contract,4G Smartphone,Voucher Top-Up,Excellent,None,Moderate (Stage 1-3),Low / Inactive,16.9,337.99
2026-05-05,VP_13585,73,Gauteng,Rural,Prepaid,5G Smartphone,Voucher Top-Up,Poor / Frequent Drops,None,Severe (Stage 4+),High Active,22.9,428.81
2026-03-25,VP_13586,31,Eastern Cape,Urban,Prepaid,4G Smartphone,Voucher Top-Up,Good,None,Moderate (Stage 1-3),Moderate,21.2,403.08
2026-05-29,VP_13587,74,Gauteng,Suburban,Postpaid Contract,5G Smartphone,Voucher Top-Up,Fair,None,Moderate (Stage 1-3),High Active,9.6,227.5
2026-01-01,VP_13588,54,Limpopo,Suburban,Postpaid Contract,Legacy Feature Phone,Mobile App / EFT,Good,Network Coverage,Minimal / No Impact,Moderate,15.8,321.34
2026-01-24,VP_13589,38,Gauteng,Urban,Prepaid,LTE Router/MiFi,Voucher Top-Up,Excellent,None,Moderate (Stage 1-3),High Active,15.3,313.77
2026-04-28,VP_13590,35,Gauteng,Suburban,Prepaid,4G Smartphone,Voucher Top-Up,Good,None,Minimal / No Impact,Moderate,17.2,342.53
2026-06-12,VP_13591,22,KwaZulu-Natal,Urban,Prepaid,LTE Router/MiFi,Voucher Top-Up,Poor / Frequent Drops,Billing Query,Moderate (Stage 1-3),High Active,30.9,549.91
2026-06-20,VP_13592,20,Limpopo,Urban,Enterprise Hybrid,5G Smartphone,Voucher Top-Up,Excellent,Network Coverage,Minimal / No Impact,Moderate,1.9,110.94
2026-06-28,VP_13593,40,Gauteng,Urban,Prepaid,LTE Router/MiFi,Voucher Top-Up,Fair,None,Severe (Stage 4+),High Active,18.6,363.73
2026-04-02,VP_13594,43,KwaZulu-Natal,Urban,Postpaid Contract,5G Smartphone,Debit Order,Excellent,None,Severe (Stage 4+),Moderate,20.6,394
2026-01-17,VP_13595,54,Eastern Cape,Urban,Postpaid Contract,4G Smartphone,Credit Card,Excellent,None,Minimal / No Impact,Moderate,5.7,168.46
2026-05-17,VP_13596,41,KwaZulu-Natal,Urban,Postpaid Contract,4G Smartphone,Debit Order,Excellent,None,Minimal / No Impact,High Active,25.8,472.71
2026-04-12,VP_13597,66,Gauteng,Urban,Prepaid,5G Smartphone,Voucher Top-Up,Fair,None,Moderate (Stage 1-3),Low / Inactive,20.8,397.03
2026-02-25,VP_13598,36,KwaZulu-Natal,Urban,Prepaid,5G Smartphone,Debit Order,Good,None,Moderate (Stage 1-3),Moderate,42.2,720.95
2026-04-20,VP_13599,68,KwaZulu-Natal,Rural,Enterprise Hybrid,5G Smartphone,Debit Order,Good,None,Moderate (Stage 1-3),Moderate,7.5,195.71
2026-02-24,VP_13600,42,Limpopo,Urban,Postpaid Contract,Legacy Feature Phone,Mobile App / EFT,Fair,Network Coverage,Severe (Stage 4+),Moderate,5.4,163.92
2026-05-07,VP_13601,38,Eastern Cape,Suburban,Postpaid Contract,5G Smartphone,Voucher Top-Up,Excellent,None,Severe (Stage 4+),High Active,51.7,864.75
2026-03-10,VP_13602,29,KwaZulu-Natal,Urban,Prepaid,4G Smartphone,Mobile App / EFT,Excellent,None,Severe (Stage 4+),Low / Inactive,11.1,250.2
2026-03-24,VP_13603,74,Limpopo,Suburban,Postpaid Contract,4G Smartphone,Debit Order,Excellent,SIM Swap / Technical,Moderate (Stage 1-3),High Active,36.1,628.62
2026-03-14,VP_13604,58,KwaZulu-Natal,Urban,Prepaid,5G Smartphone,Debit Order,Good,Billing Query,Severe (Stage 4+),Moderate,16.9,337.99
2026-03-28,VP_13605,50,Gauteng,Rural,Prepaid,4G Smartphone,Debit Order,Good,None,Severe (Stage 4+),Moderate,17.8,351.62
2026-05-21,VP_13606,67,Gauteng,Urban,Postpaid Contract,4G Smartphone,Voucher Top-Up,Fair,None,Minimal / No Impact,Low / Inactive,10.6,242.63
2026-05-28,VP_13607,70,KwaZulu-Natal,Suburban,Prepaid,5G Smartphone,Mobile App / EFT,Good,SIM Swap / Technical,Severe (Stage 4+),Moderate,14.7,304.69
2026-02-03,VP_13608,21,Gauteng,Urban,Postpaid Contract,4G Smartphone,Voucher Top-Up,Excellent,None,Moderate (Stage 1-3),Moderate,5.9,171.49
2026-05-25,VP_13609,59,Limpopo,Urban,Prepaid,5G Smartphone,Voucher Top-Up,Fair,Billing Query,Minimal / No Impact,Moderate,7.4,194.2
2026-05-05,VP_13610,74,Eastern Cape,Suburban,Prepaid,5G Smartphone,Credit Card,Excellent,Network Coverage,Severe (Stage 4+),High Active,21.3,404.59
2026-03-29,VP_13611,24,Gauteng,Urban,Prepaid,4G Smartphone,Debit Order,Poor / Frequent Drops,None,Severe (Stage 4+),High Active,22.8,427.3
2026-06-24,VP_13612,39,Western Cape,Urban,Prepaid,4G Smartphone,Voucher Top-Up,Excellent,Billing Query,Moderate (Stage 1-3),High Active,21.9,413.68
2026-01-13,VP_13613,72,Western Cape,Urban,Prepaid,LTE Router/MiFi,Voucher Top-Up,Excellent,SIM Swap / Technical,Moderate (Stage 1-3),High Active,34.5,604.4
2026-01-12,VP_13614,50,Limpopo,Suburban,Postpaid Contract,LTE Router/MiFi,Debit Order,Good,None,Moderate (Stage 1-3),High Active,27.5,498.44
2026-01-26,VP_13615,34,Limpopo,Rural,Postpaid Contract,4G Smartphone,Debit Order,Excellent,None,Moderate (Stage 1-3),Moderate,5.8,169.98
2026-06-10,VP_13616,41,KwaZulu-Natal,Urban,Prepaid,5G Smartphone,Debit Order,Excellent,Network Coverage,Minimal / No Impact,Low / Inactive,3.6,136.68
2026-04-28,VP_13617,51,Eastern Cape,Suburban,Prepaid,5G Smartphone,Mobile App / EFT,Good,None,Severe (Stage 4+),Low / Inactive,29.2,524.17
2026-01-05,VP_13618,45,KwaZulu-Natal,Urban,Postpaid Contract,5G Smartphone,Voucher Top-Up,Excellent,Billing Query,Moderate (Stage 1-3),Moderate,6,173
2026-02-01,VP_13619,60,KwaZulu-Natal,Urban,Postpaid Contract,4G Smartphone,Mobile App / EFT,Excellent,None,Severe (Stage 4+),High Active,20.2,387.94
2026-02-10,VP_13620,58,Gauteng,Rural,Postpaid Contract,4G Smartphone,Voucher Top-Up,Excellent,None,Moderate (Stage 1-3),Low / Inactive,8.6,212.36
2026-04-23,VP_13621,56,Gauteng,Rural,Postpaid Contract,5G Smartphone,Voucher Top-Up,Good,None,Severe (Stage 4+),Low / Inactive,9.6,227.5
2026-04-27,VP_13622,39,KwaZulu-Natal,Suburban,Prepaid,5G Smartphone,Voucher Top-Up,Excellent,None,Moderate (Stage 1-3),Moderate,16.4,330.42
2026-01-01,VP_13623,66,Gauteng,Urban,Prepaid,4G Smartphone,Credit Card,Excellent,None,Minimal / No Impact,High Active,8.3,207.82
2026-04-20,VP_13624,34,Gauteng,Urban,Prepaid,5G Smartphone,Debit Order,Good,None,Severe (Stage 4+),Low / Inactive,12.2,266.85
2026-02-21,VP_13625,51,Western Cape,Urban,Prepaid,4G Smartphone,Debit Order,Good,None,Severe (Stage 4+),High Active,17.1,341.02
2026-06-26,VP_13626,23,Gauteng,Urban,Postpaid Contract,4G Smartphone,Voucher Top-Up,Good,None,Moderate (Stage 1-3),High Active,32.5,574.12
2026-02-03,VP_13627,63,Western Cape,Urban,Prepaid,4G Smartphone,Credit Card,Excellent,Network Coverage,Severe (Stage 4+),Low / Inactive,34.4,602.88
2026-06-16,VP_13628,23,KwaZulu-Natal,Suburban,Enterprise Hybrid,5G Smartphone,Credit Card,Excellent,Billing Query,Moderate (Stage 1-3),Moderate,32.7,577.15
2026-03-19,VP_13629,51,Limpopo,Rural,Postpaid Contract,LTE Router/MiFi,Voucher Top-Up,Good,None,Moderate (Stage 1-3),High Active,9.9,232.04
2026-02-10,VP_13630,18,KwaZulu-Natal,Urban,Postpaid Contract,5G Smartphone,Debit Order,Fair,None,Minimal / No Impact,Moderate,7.3,192.68
2026-03-12,VP_13631,27,Gauteng,Urban,Enterprise Hybrid,LTE Router/MiFi,Debit Order,Good,None,Moderate (Stage 1-3),Low / Inactive,10.4,239.61
2026-01-24,VP_13632,38,KwaZulu-Natal,Rural,Prepaid,5G Smartphone,Credit Card,Excellent,None,Moderate (Stage 1-3),Low / Inactive,8.6,212.36
2026-06-17,VP_13633,22,Eastern Cape,Urban,Postpaid Contract,LTE Router/MiFi,Voucher Top-Up,Excellent,None,Severe (Stage 4+),High Active,34.8,608.94
2026-04-03,VP_13634,19,Limpopo,Suburban,Prepaid,4G Smartphone,Debit Order,Poor / Frequent Drops,Billing Query,Moderate (Stage 1-3),High Active,19.5,377.35
2026-03-06,VP_13635,39,KwaZulu-Natal,Urban,Prepaid,5G Smartphone,Credit Card,Good,None,Moderate (Stage 1-3),Moderate,29.9,534.77
2026-01-22,VP_13636,65,Gauteng,Urban,Postpaid Contract,4G Smartphone,Debit Order,Excellent,Billing Query,Minimal / No Impact,Low / Inactive,5.3,162.41
2026-04-06,VP_13637,74,Limpopo,Rural,Prepaid,4G Smartphone,Voucher Top-Up,Excellent,Billing Query,Minimal / No Impact,High Active,34.4,602.88
2026-06-20,VP_13638,19,Gauteng,Urban,Enterprise Hybrid,5G Smartphone,Voucher Top-Up,Fair,None,Minimal / No Impact,Moderate,6.9,186.63
2026-06-16,VP_13639,27,Western Cape,Urban,Postpaid Contract,5G Smartphone,Debit Order,Excellent,None,Moderate (Stage 1-3),High Active,15.5,316.8
2026-02-12,VP_13640,51,KwaZulu-Natal,Urban,Postpaid Contract,4G Smartphone,Debit Order,Good,None,Moderate (Stage 1-3),High Active,22.6,424.27
2026-01-14,VP_13641,33,Gauteng,Rural,Prepaid,4G Smartphone,Debit Order,Good,None,Minimal / No Impact,Low / Inactive,28.4,512.06
2026-04-12,VP_13642,65,Gauteng,Rural,Postpaid Contract,4G Smartphone,Voucher Top-Up,Excellent,None,Moderate (Stage 1-3),High Active,20.6,394
2026-06-10,VP_13643,68,Gauteng,Urban,Prepaid,4G Smartphone,Voucher Top-Up,Excellent,None,Moderate (Stage 1-3),Low / Inactive,19.7,380.38
2026-03-20,VP_13644,56,Western Cape,Urban,Postpaid Contract,4G Smartphone,Debit Order,Excellent,None,Severe (Stage 4+),Moderate,6.9,186.63
2026-06-29,VP_13645,39,Limpopo,Suburban,Prepaid,4G Smartphone,Credit Card,Poor / Frequent Drops,None,Minimal / No Impact,High Active,9.4,224.47
2026-03-01,VP_13646,29,Gauteng,Urban,Postpaid Contract,4G Smartphone,Debit Order,Good,None,Moderate (Stage 1-3),Low / Inactive,12.7,274.42
2026-04-20,VP_13647,41,Eastern Cape,Suburban,Prepaid,5G Smartphone,Debit Order,Fair,None,Moderate (Stage 1-3),Moderate,24.9,459.09
2026-06-17,VP_13648,64,Gauteng,Urban,Prepaid,LTE Router/MiFi,Debit Order,Good,None,Minimal / No Impact,Moderate,9.4,224.47
2026-01-24,VP_13649,57,KwaZulu-Natal,Urban,Prepaid,5G Smartphone,Debit Order,Poor / Frequent Drops,None,Moderate (Stage 1-3),Low / Inactive,28.9,519.63
2026-06-30,VP_13650,55,Gauteng,Suburban,Prepaid,5G Smartphone,Credit Card,Poor / Frequent Drops,None,Moderate (Stage 1-3),Moderate,23.6,439.41
2026-01-25,VP_13651,27,Limpopo,Urban,Postpaid Contract,4G Smartphone,Debit Order,Good,Billing Query,Moderate (Stage 1-3),Moderate,19.8,381.89
2026-01-01,VP_13652,52,Eastern Cape,Rural,Prepaid,4G Smartphone,Voucher Top-Up,Excellent,Network Coverage,Moderate (Stage 1-3),High Active,10.1,235.06
2026-02-24,VP_13653,68,Western Cape,Urban,Prepaid,5G Smartphone,Mobile App / EFT,Good,None,Severe (Stage 4+),Low / Inactive,17.7,350.1
2026-05-03,VP_13654,66,Eastern Cape,Urban,Prepaid,5G Smartphone,Voucher Top-Up,Good,None,Moderate (Stage 1-3),Moderate,3.2,130.62
2026-01-20,VP_13655,49,Western Cape,Rural,Prepaid,4G Smartphone,Voucher Top-Up,Good,Network Coverage,Moderate (Stage 1-3),High Active,15.1,310.75
2026-02-03,VP_13656,24,Limpopo,Urban,Prepaid,Legacy Feature Phone,Mobile App / EFT,Fair,None,Moderate (Stage 1-3),Low / Inactive,1.3,101.86
2026-06-01,VP_13657,38,Western Cape,Suburban,Postpaid Contract,4G Smartphone,Voucher Top-Up,Excellent,None,Minimal / No Impact,Moderate,17.4,345.56
2026-02-27,VP_13658,37,Limpopo,Urban,Prepaid,4G Smartphone,Debit Order,Excellent,Billing Query,Moderate (Stage 1-3),Moderate,19.6,378.86
2026-05-13,VP_13659,43,KwaZulu-Natal,Suburban,Prepaid,5G Smartphone,Voucher Top-Up,Good,None,Minimal / No Impact,High Active,14.7,304.69
2026-06-24,VP_13660,21,Gauteng,Suburban,Prepaid,5G Smartphone,Credit Card,Excellent,None,Moderate (Stage 1-3),Low / Inactive,6.8,185.11
2026-04-24,VP_13661,63,KwaZulu-Natal,Urban,Prepaid,5G Smartphone,Voucher Top-Up,Good,SIM Swap / Technical,Moderate (Stage 1-3),Low / Inactive,33.6,590.77
2026-01-03,VP_13662,69,Gauteng,Suburban,Prepaid,5G Smartphone,Voucher Top-Up,Poor / Frequent Drops,None,Severe (Stage 4+),Moderate,18.1,356.16
2026-01-03,VP_13663,39,Western Cape,Suburban,Prepaid,4G Smartphone,Credit Card,Good,SIM Swap / Technical,Severe (Stage 4+),Moderate,14.6,303.18
2026-06-28,VP_13664,32,KwaZulu-Natal,Urban,Postpaid Contract,5G Smartphone,Voucher Top-Up,Poor / Frequent Drops,None,Moderate (Stage 1-3),Moderate,11.9,262.31
2026-03-29,VP_13665,73,Western Cape,Suburban,Prepaid,5G Smartphone,Debit Order,Good,None,Severe (Stage 4+),High Active,3.7,138.19
2026-01-31,VP_13666,57,Gauteng,Suburban,Prepaid,4G Smartphone,Debit Order,Good,None,Minimal / No Impact,Moderate,9.3,222.95
2026-04-19,VP_13667,38,Gauteng,Urban,Prepaid,LTE Router/MiFi,Voucher Top-Up,Good,Billing Query,Severe (Stage 4+),High Active,17.9,353.13
2026-06-27,VP_13668,32,KwaZulu-Natal,Urban,Postpaid Contract,LTE Router/MiFi,Debit Order,Excellent,None,Minimal / No Impact,Low / Inactive,28.8,518.12
2026-02-03,VP_13669,39,Limpopo,Urban,Enterprise Hybrid,4G Smartphone,Credit Card,Good,None,Moderate (Stage 1-3),High Active,10.1,235.06
2026-05-03,VP_13670,69,KwaZulu-Natal,Urban,Prepaid,5G Smartphone,Voucher Top-Up,Excellent,Billing Query,Moderate (Stage 1-3),Moderate,34.7,607.42
2026-01-19,VP_13671,45,KwaZulu-Natal,Suburban,Enterprise Hybrid,4G Smartphone,Voucher Top-Up,Poor / Frequent Drops,None,Severe (Stage 4+),Moderate,17.3,344.05
2026-02-28,VP_13672,31,Western Cape,Urban,Prepaid,5G Smartphone,Voucher Top-Up,Excellent,None,Moderate (Stage 1-3),High Active,51.1,855.66
2026-04-09,VP_13673,44,Western Cape,Rural,Prepaid,4G Smartphone,Voucher Top-Up,Excellent,None,Severe (Stage 4+),Moderate,29.9,534.77
2026-01-23,VP_13674,58,Gauteng,Urban,Prepaid,4G Smartphone,Voucher Top-Up,Good,Billing Query,Moderate (Stage 1-3),Low / Inactive,48.5,816.31
2026-01-27,VP_13675,57,KwaZulu-Natal,Urban,Prepaid,4G Smartphone,Debit Order,Good,Network Coverage,Moderate (Stage 1-3),Moderate,19.4,375.83
2026-01-27,VP_13676,45,Gauteng,Suburban,Prepaid,Legacy Feature Phone,Voucher Top-Up,Excellent,None,Moderate (Stage 1-3),High Active,10,233.55
2026-03-22,VP_13677,43,Limpopo,Urban,Prepaid,4G Smartphone,Mobile App / EFT,Excellent,None,Minimal / No Impact,Moderate,13.9,292.58
2026-04-05,VP_13678,66,Gauteng,Urban,Prepaid,4G Smartphone,Voucher Top-Up,Fair,None,Moderate (Stage 1-3),Low / Inactive,11.9,262.31
2026-03-18,VP_13679,19,KwaZulu-Natal,Urban,Prepaid,5G Smartphone,Voucher Top-Up,Good,None,Severe (Stage 4+),Moderate,16.5,331.94
2026-02-05,VP_13680,42,Gauteng,Urban,Prepaid,LTE Router/MiFi,Debit Order,Excellent,None,Moderate (Stage 1-3),Moderate,12.3,268.36
2026-04-08,VP_13681,73,Gauteng,Urban,Prepaid,5G Smartphone,Mobile App / EFT,Good,Billing Query,Minimal / No Impact,High Active,40.6,696.73
2026-02-04,VP_13682,20,Eastern Cape,Rural,Postpaid Contract,LTE Router/MiFi,Credit Card,Excellent,SIM Swap / Technical,Severe (Stage 4+),Low / Inactive,37.5,649.81
2026-06-14,VP_13683,25,Gauteng,Urban,Prepaid,5G Smartphone,Voucher Top-Up,Excellent,Network Coverage,Moderate (Stage 1-3),Moderate,8.4,209.33
2026-06-23,VP_13684,61,Gauteng,Rural,Postpaid Contract,5G Smartphone,Voucher Top-Up,Poor / Frequent Drops,None,Severe (Stage 4+),Moderate,22.5,422.76
2026-02-06,VP_13685,50,KwaZulu-Natal,Suburban,Postpaid Contract,4G Smartphone,Voucher Top-Up,Excellent,None,Severe (Stage 4+),High Active,40.4,693.7
2026-01-18,VP_13686,59,Gauteng,Urban,Prepaid,5G Smartphone,Voucher Top-Up,Excellent,None,Moderate (Stage 1-3),High Active,8.3,207.82
2026-05-16,VP_13687,69,Gauteng,Urban,Prepaid,4G Smartphone,Mobile App / EFT,Poor / Frequent Drops,None,Moderate (Stage 1-3),Moderate,5.9,171.49
2026-05-25,VP_13688,52,Eastern Cape,Suburban,Prepaid,5G Smartphone,Debit Order,Fair,None,Moderate (Stage 1-3),High Active,12.6,272.91
2026-01-03,VP_13689,23,Eastern Cape,Rural,Prepaid,LTE Router/MiFi,Voucher Top-Up,Excellent,None,Moderate (Stage 1-3),Moderate,4.6,151.81
2026-06-06,VP_13690,56,Limpopo,Urban,Prepaid,4G Smartphone,Debit Order,Good,Billing Query,Severe (Stage 4+),Moderate,40.1,689.16
2026-06-16,VP_13691,69,Eastern Cape,Urban,Prepaid,4G Smartphone,Debit Order,Fair,None,Severe (Stage 4+),Low / Inactive,20.1,386.43
2026-02-12,VP_13692,40,Western Cape,Urban,Prepaid,5G Smartphone,Voucher Top-Up,Excellent,SIM Swap / Technical,Moderate (Stage 1-3),High Active,2.8,124.57
2026-04-23,VP_13693,42,Gauteng,Urban,Postpaid Contract,5G Smartphone,Debit Order,Good,None,Moderate (Stage 1-3),High Active,19.1,371.29
2026-03-31,VP_13694,67,Eastern Cape,Suburban,Prepaid,4G Smartphone,Voucher Top-Up,Good,None,Severe (Stage 4+),Moderate,40.8,699.76
2026-02-24,VP_13695,60,Eastern Cape,Rural,Postpaid Contract,5G Smartphone,Debit Order,Good,None,Moderate (Stage 1-3),High Active,15.5,316.8
2026-06-10,VP_13696,36,Eastern Cape,Urban,Prepaid,5G Smartphone,Voucher Top-Up,Good,None,Moderate (Stage 1-3),High Active,15.8,321.34
2026-02-08,VP_13697,22,KwaZulu-Natal,Suburban,Postpaid Contract,4G Smartphone,Debit Order,Good,SIM Swap / Technical,Severe (Stage 4+),Moderate,25.2,463.63
2026-04-16,VP_13698,68,Gauteng,Suburban,Prepaid,4G Smartphone,Voucher Top-Up,Excellent,None,Moderate (Stage 1-3),Moderate,27.6,499.95
2026-06-07,VP_13699,28,Eastern Cape,Urban,Prepaid,5G Smartphone,Voucher Top-Up,Fair,SIM Swap / Technical,Moderate (Stage 1-3),Low / Inactive,13.8,291.07
2026-06-25,VP_13700,73,Western Cape,Urban,Enterprise Hybrid,5G Smartphone,Credit Card,Excellent,None,Severe (Stage 4+),Low / Inactive,36.4,633.16
2026-04-24,VP_13701,29,Limpopo,Suburban,Postpaid Contract,5G Smartphone,Credit Card,Good,None,Moderate (Stage 1-3),Low / Inactive,7.8,200.25
2026-02-25,VP_13702,27,Gauteng,Rural,Prepaid,LTE Router/MiFi,Debit Order,Good,None,Moderate (Stage 1-3),High Active,11.6,257.77
2026-01-23,VP_13703,25,Gauteng,Suburban,Prepaid,5G Smartphone,Debit Order,Good,Network Coverage,Minimal / No Impact,Moderate,10.9,247.17
2026-01-26,VP_13704,41,Gauteng,Urban,Postpaid Contract,Legacy Feature Phone,Voucher Top-Up,Good,None,Moderate (Stage 1-3),Moderate,24.4,451.52
2026-02-05,VP_13705,45,Eastern Cape,Urban,Postpaid Contract,5G Smartphone,Voucher Top-Up,Good,SIM Swap / Technical,Moderate (Stage 1-3),Moderate,44,748.19
2026-02-01,VP_13706,58,Gauteng,Urban,Prepaid,5G Smartphone,Debit Order,Excellent,None,Severe (Stage 4+),Low / Inactive,34,596.83
2026-05-31,VP_13707,53,Gauteng,Suburban,Prepaid,4G Smartphone,Debit Order,Good,None,Minimal / No Impact,Moderate,9,218.41
2026-04-09,VP_13708,54,Limpopo,Suburban,Postpaid Contract,5G Smartphone,Voucher Top-Up,Fair,None,Minimal / No Impact,Moderate,68.2,1114.5
2026-03-31,VP_13709,38,Gauteng,Urban,Prepaid,4G Smartphone,Credit Card,Fair,None,Severe (Stage 4+),High Active,6.4,179.06
2026-04-20,VP_13710,25,Eastern Cape,Suburban,Postpaid Contract,LTE Router/MiFi,Credit Card,Good,None,Severe (Stage 4+),Low / Inactive,6.7,183.6
2026-03-22,VP_13711,72,KwaZulu-Natal,Suburban,Prepaid,5G Smartphone,Debit Order,Excellent,Network Coverage,Moderate (Stage 1-3),Low / Inactive,6.9,186.63
2026-02-05,VP_13712,26,Eastern Cape,Suburban,Enterprise Hybrid,4G Smartphone,Voucher Top-Up,Excellent,None,Moderate (Stage 1-3),High Active,10.1,235.06
2026-03-05,VP_13713,64,KwaZulu-Natal,Rural,Postpaid Contract,5G Smartphone,Debit Order,Excellent,None,Severe (Stage 4+),High Active,29.8,533.25
2026-03-12,VP_13714,32,Limpopo,Urban,Postpaid Contract,5G Smartphone,Voucher Top-Up,Good,None,Moderate (Stage 1-3),High Active,29.4,527.2
2026-06-15,VP_13715,65,Limpopo,Rural,Prepaid,5G Smartphone,Mobile App / EFT,Excellent,None,Severe (Stage 4+),High Active,6.9,186.63
2026-01-22,VP_13716,63,Gauteng,Urban,Prepaid,LTE Router/MiFi,Mobile App / EFT,Poor / Frequent Drops,None,Severe (Stage 4+),Moderate,7.9,201.76
2026-03-05,VP_13717,57,Gauteng,Urban,Prepaid,5G Smartphone,Voucher Top-Up,Fair,None,Moderate (Stage 1-3),High Active,25.2,463.63
2026-05-22,VP_13718,35,Gauteng,Rural,Postpaid Contract,LTE Router/MiFi,Debit Order,Excellent,Billing Query,Moderate (Stage 1-3),Low / Inactive,8.9,216.9
2026-06-03,VP_13719,59,Western Cape,Rural,Postpaid Contract,4G Smartphone,Voucher Top-Up,Good,None,Minimal / No Impact,Low / Inactive,7.1,189.65
2026-06-03,VP_13720,37,Limpopo,Urban,Prepaid,5G Smartphone,Credit Card,Fair,Billing Query,Moderate (Stage 1-3),Moderate,38.4,663.43
2026-06-05,VP_13721,23,KwaZulu-Natal,Suburban,Postpaid Contract,4G Smartphone,Debit Order,Excellent,None,Severe (Stage 4+),Moderate,0.3,86.73
2026-03-14,VP_13722,29,Western Cape,Suburban,Postpaid Contract,4G Smartphone,Debit Order,Good,None,Minimal / No Impact,Moderate,24.3,450
2026-06-26,VP_13723,19,Gauteng,Suburban,Prepaid,4G Smartphone,Voucher Top-Up,Good,None,Severe (Stage 4+),High Active,24.2,448.49
2026-01-07,VP_13724,24,Eastern Cape,Urban,Prepaid,4G Smartphone,Voucher Top-Up,Excellent,Billing Query,Moderate (Stage 1-3),High Active,23.3,434.87
2026-06-18,VP_13725,33,Limpopo,Suburban,Postpaid Contract,LTE Router/MiFi,Credit Card,Good,Billing Query,Moderate (Stage 1-3),Moderate,11.5,256.26
2026-03-19,VP_13726,20,Gauteng,Urban,Prepaid,5G Smartphone,Voucher Top-Up,Poor / Frequent Drops,None,Severe (Stage 4+),Low / Inactive,9.8,230.52
2026-02-22,VP_13727,62,KwaZulu-Natal,Urban,Postpaid Contract,LTE Router/MiFi,Voucher Top-Up,Excellent,None,Severe (Stage 4+),Low / Inactive,37.3,646.78
2026-05-13,VP_13728,20,Gauteng,Urban,Prepaid,4G Smartphone,Voucher Top-Up,Good,Billing Query,Minimal / No Impact,Low / Inactive,43.7,743.65
2026-06-05,VP_13729,44,KwaZulu-Natal,Urban,Enterprise Hybrid,4G Smartphone,Credit Card,Excellent,Network Coverage,Moderate (Stage 1-3),Moderate,10.9,247.17
2026-05-11,VP_13730,67,KwaZulu-Natal,Rural,Prepaid,4G Smartphone,Mobile App / EFT,Fair,Billing Query,Severe (Stage 4+),Low / Inactive,8.5,210.85
2026-02-18,VP_13731,60,Gauteng,Urban,Prepaid,4G Smartphone,Mobile App / EFT,Fair,None,Minimal / No Impact,Moderate,0.4,88.24
2026-04-11,VP_13732,57,KwaZulu-Natal,Rural,Prepaid,4G Smartphone,Debit Order,Excellent,None,Moderate (Stage 1-3),High Active,34.8,608.94
2026-03-17,VP_13733,55,Gauteng,Urban,Prepaid,4G Smartphone,Mobile App / EFT,Fair,Billing Query,Moderate (Stage 1-3),Moderate,23.2,433.35
2026-06-15,VP_13734,50,KwaZulu-Natal,Suburban,Prepaid,5G Smartphone,Voucher Top-Up,Excellent,None,Moderate (Stage 1-3),Low / Inactive,27.3,495.41
2026-01-14,VP_13735,45,Western Cape,Suburban,Prepaid,4G Smartphone,Debit Order,Excellent,None,Moderate (Stage 1-3),High Active,24.6,454.54
2026-03-03,VP_13736,18,Gauteng,Suburban,Enterprise Hybrid,5G Smartphone,Debit Order,Good,None,Moderate (Stage 1-3),High Active,13.9,292.58
2026-05-07,VP_13737,72,Eastern Cape,Suburban,Enterprise Hybrid,4G Smartphone,Voucher Top-Up,Excellent,None,Severe (Stage 4+),High Active,21.1,401.57
2026-04-09,VP_13738,25,Western Cape,Suburban,Prepaid,5G Smartphone,Voucher Top-Up,Good,SIM Swap / Technical,Moderate (Stage 1-3),High Active,21.8,412.16
2026-01-29,VP_13739,54,KwaZulu-Natal,Rural,Postpaid Contract,5G Smartphone,Mobile App / EFT,Good,Network Coverage,Moderate (Stage 1-3),High Active,40.6,696.73
2026-03-03,VP_13740,49,Gauteng,Suburban,Prepaid,5G Smartphone,Voucher Top-Up,Excellent,None,Minimal / No Impact,Moderate,40.3,692.19
2026-05-08,VP_13741,65,Eastern Cape,Urban,Postpaid Contract,LTE Router/MiFi,Debit Order,Excellent,None,Moderate (Stage 1-3),Low / Inactive,5.1,159.38
2026-06-13,VP_13742,60,Limpopo,Suburban,Postpaid Contract,5G Smartphone,Voucher Top-Up,Good,Billing Query,Moderate (Stage 1-3),Low / Inactive,1.8,109.43
2026-06-02,VP_13743,54,Gauteng,Urban,Prepaid,4G Smartphone,Debit Order,Excellent,None,Severe (Stage 4+),Low / Inactive,3.2,130.62
2026-01-19,VP_13744,21,Gauteng,Urban,Postpaid Contract,5G Smartphone,Voucher Top-Up,Excellent,None,Minimal / No Impact,High Active,12.3,268.36
2026-05-16,VP_13745,47,Gauteng,Rural,Postpaid Contract,4G Smartphone,Voucher Top-Up,Excellent,None,Moderate (Stage 1-3),High Active,42.7,728.52
2026-01-04,VP_13746,23,Western Cape,Urban,Prepaid,5G Smartphone,Mobile App / EFT,Fair,None,Moderate (Stage 1-3),High Active,23.3,434.87
2026-04-03,VP_13747,63,Gauteng,Suburban,Enterprise Hybrid,5G Smartphone,Voucher Top-Up,Poor / Frequent Drops,None,Minimal / No Impact,Low / Inactive,28.7,516.6
2026-03-23,VP_13748,71,KwaZulu-Natal,Urban,Enterprise Hybrid,4G Smartphone,Mobile App / EFT,Excellent,None,Minimal / No Impact,High Active,14.6,303.18
2026-02-03,VP_13749,36,Western Cape,Urban,Prepaid,4G Smartphone,Mobile App / EFT,Excellent,None,Moderate (Stage 1-3),Moderate,3.7,138.19
2026-04-10,VP_13750,49,KwaZulu-Natal,Urban,Postpaid Contract,5G Smartphone,Voucher Top-Up,Good,Network Coverage,Moderate (Stage 1-3),High Active,42,717.92
2026-05-26,VP_13751,26,KwaZulu-Natal,Urban,Enterprise Hybrid,4G Smartphone,Voucher Top-Up,Poor / Frequent Drops,SIM Swap / Technical,Minimal / No Impact,High Active,45.4,769.39
2026-04-18,VP_13752,29,KwaZulu-Natal,Suburban,Prepaid,LTE Router/MiFi,Voucher Top-Up,Excellent,Billing Query,Minimal / No Impact,High Active,11.9,262.31
2026-04-04,VP_13753,28,KwaZulu-Natal,Urban,Prepaid,5G Smartphone,Debit Order,Fair,None,Moderate (Stage 1-3),Moderate,6.1,174.52
2026-05-20,VP_13754,63,Gauteng,Urban,Prepaid,5G Smartphone,Mobile App / EFT,Good,None,Moderate (Stage 1-3),High Active,13.8,291.07
2026-06-24,VP_13755,72,Gauteng,Urban,Postpaid Contract,4G Smartphone,Mobile App / EFT,Poor / Frequent Drops,Billing Query,Severe (Stage 4+),High Active,35.3,616.51
2026-02-14,VP_13756,33,Limpopo,Urban,Postpaid Contract,5G Smartphone,Debit Order,Excellent,SIM Swap / Technical,Moderate (Stage 1-3),Moderate,20.2,387.94
2026-05-01,VP_13757,18,Gauteng,Suburban,Prepaid,Legacy Feature Phone,Credit Card,Poor / Frequent Drops,None,Moderate (Stage 1-3),Moderate,15,309.23
2026-01-19,VP_13758,62,Western Cape,Urban,Enterprise Hybrid,4G Smartphone,Debit Order,Good,None,Moderate (Stage 1-3),Moderate,32.8,578.66
2026-01-05,VP_13759,72,Limpopo,Suburban,Postpaid Contract,4G Smartphone,Credit Card,Poor / Frequent Drops,None,Moderate (Stage 1-3),Low / Inactive,18.7,365.24
2026-05-31,VP_13760,70,Gauteng,Rural,Postpaid Contract,4G Smartphone,Debit Order,Good,None,Severe (Stage 4+),Moderate,9,218.41
2026-01-18,VP_13761,38,KwaZulu-Natal,Suburban,Prepaid,4G Smartphone,Mobile App / EFT,Good,None,Severe (Stage 4+),High Active,20.6,394
2026-01-04,VP_13762,47,KwaZulu-Natal,Suburban,Prepaid,5G Smartphone,Voucher Top-Up,Fair,SIM Swap / Technical,Moderate (Stage 1-3),Moderate,2.1,113.97
2026-03-09,VP_13763,30,Limpopo,Urban,Postpaid Contract,LTE Router/MiFi,Voucher Top-Up,Good,None,Moderate (Stage 1-3),Moderate,60.8,1002.49
2026-02-25,VP_13764,51,Limpopo,Urban,Prepaid,4G Smartphone,Debit Order,Good,None,Moderate (Stage 1-3),Low / Inactive,28.4,512.06
2026-01-11,VP_13765,21,Western Cape,Rural,Postpaid Contract,5G Smartphone,Debit Order,Good,SIM Swap / Technical,Minimal / No Impact,Low / Inactive,2.6,121.54
2026-01-16,VP_13766,45,Gauteng,Suburban,Postpaid Contract,4G Smartphone,Debit Order,Fair,None,Moderate (Stage 1-3),Low / Inactive,11.9,262.31
2026-04-12,VP_13767,55,Western Cape,Suburban,Prepaid,5G Smartphone,Mobile App / EFT,Poor / Frequent Drops,Network Coverage,Moderate (Stage 1-3),Moderate,23,430.33
2026-05-10,VP_13768,48,KwaZulu-Natal,Suburban,Postpaid Contract,5G Smartphone,Debit Order,Excellent,None,Severe (Stage 4+),High Active,23.7,440.92
2026-03-15,VP_13769,72,KwaZulu-Natal,Urban,Prepaid,4G Smartphone,Voucher Top-Up,Good,SIM Swap / Technical,Moderate (Stage 1-3),Low / Inactive,27.7,501.47
2026-06-10,VP_13770,44,Gauteng,Urban,Prepaid,4G Smartphone,Mobile App / EFT,Fair,None,Moderate (Stage 1-3),Moderate,14.2,297.12
2026-05-09,VP_13771,22,Gauteng,Suburban,Prepaid,4G Smartphone,Credit Card,Good,SIM Swap / Technical,Moderate (Stage 1-3),Low / Inactive,55.8,926.81
2026-04-17,VP_13772,42,Eastern Cape,Suburban,Prepaid,5G Smartphone,Debit Order,Fair,None,Severe (Stage 4+),Low / Inactive,60.4,996.43
2026-04-19,VP_13773,20,KwaZulu-Natal,Urban,Prepaid,4G Smartphone,Mobile App / EFT,Fair,None,Severe (Stage 4+),Moderate,34.8,608.94
2026-06-29,VP_13774,50,Gauteng,Rural,Postpaid Contract,5G Smartphone,Debit Order,Fair,None,Severe (Stage 4+),Moderate,20.4,390.97
2026-04-13,VP_13775,21,KwaZulu-Natal,Urban,Postpaid Contract,4G Smartphone,Voucher Top-Up,Good,None,Moderate (Stage 1-3),Moderate,6.1,174.52
2026-01-22,VP_13776,42,Eastern Cape,Urban,Prepaid,4G Smartphone,Voucher Top-Up,Poor / Frequent Drops,None,Moderate (Stage 1-3),High Active,19.3,374.32
2026-06-13,VP_13777,37,Western Cape,Rural,Postpaid Contract,4G Smartphone,Debit Order,Fair,SIM Swap / Technical,Minimal / No Impact,Moderate,67.6,1105.42
2026-05-18,VP_13778,51,Gauteng,Suburban,Prepaid,LTE Router/MiFi,Debit Order,Fair,None,Moderate (Stage 1-3),Moderate,21.5,407.62
2026-05-18,VP_13779,43,Gauteng,Urban,Prepaid,LTE Router/MiFi,Voucher Top-Up,Excellent,Billing Query,Moderate (Stage 1-3),High Active,19.5,377.35
2026-06-07,VP_13780,22,Gauteng,Urban,Postpaid Contract,Legacy Feature Phone,Voucher Top-Up,Excellent,None,Minimal / No Impact,Moderate,16.7,334.97
2026-02-09,VP_13781,52,Limpopo,Urban,Postpaid Contract,Legacy Feature Phone,Credit Card,Good,Network Coverage,Moderate (Stage 1-3),Moderate,9.8,230.52
2026-03-13,VP_13782,45,Western Cape,Suburban,Postpaid Contract,4G Smartphone,Voucher Top-Up,Good,None,Moderate (Stage 1-3),Low / Inactive,9.1,219.93
2026-01-22,VP_13783,46,KwaZulu-Natal,Urban,Prepaid,Legacy Feature Phone,Credit Card,Excellent,SIM Swap / Technical,Minimal / No Impact,Low / Inactive,31.3,555.96
2026-03-21,VP_13784,26,Western Cape,Suburban,Postpaid Contract,LTE Router/MiFi,Voucher Top-Up,Excellent,None,Moderate (Stage 1-3),High Active,27.3,495.41
2026-01-21,VP_13785,69,KwaZulu-Natal,Rural,Postpaid Contract,4G Smartphone,Credit Card,Excellent,None,Severe (Stage 4+),Low / Inactive,4.9,156.35
2026-05-11,VP_13786,55,Eastern Cape,Suburban,Enterprise Hybrid,5G Smartphone,Voucher Top-Up,Fair,None,Minimal / No Impact,Moderate,47.2,796.63
2026-02-22,VP_13787,67,KwaZulu-Natal,Urban,Prepaid,5G Smartphone,Mobile App / EFT,Fair,Billing Query,Moderate (Stage 1-3),Moderate,28.2,509.04
2026-02-09,VP_13788,23,Gauteng,Suburban,Prepaid,4G Smartphone,Debit Order,Poor / Frequent Drops,Billing Query,Moderate (Stage 1-3),Low / Inactive,65.6,1075.14
2026-05-18,VP_13789,36,Gauteng,Urban,Postpaid Contract,4G Smartphone,Voucher Top-Up,Excellent,Billing Query,Minimal / No Impact,High Active,9.9,232.04
2026-03-25,VP_13790,61,KwaZulu-Natal,Urban,Enterprise Hybrid,4G Smartphone,Debit Order,Excellent,None,Moderate (Stage 1-3),Moderate,33,581.69
2026-04-11,VP_13791,74,Limpopo,Urban,Prepaid,5G Smartphone,Debit Order,Good,None,Moderate (Stage 1-3),Moderate,7.3,192.68
2026-05-31,VP_13792,28,Gauteng,Urban,Prepaid,5G Smartphone,Voucher Top-Up,Excellent,SIM Swap / Technical,Moderate (Stage 1-3),Low / Inactive,2.1,113.97
2026-06-12,VP_13793,19,Eastern Cape,Rural,Prepaid,4G Smartphone,Voucher Top-Up,Good,None,Severe (Stage 4+),Moderate,33.2,584.72
2026-06-16,VP_13794,64,Eastern Cape,Urban,Prepaid,LTE Router/MiFi,Debit Order,Excellent,None,Severe (Stage 4+),Low / Inactive,7.1,189.65
2026-06-24,VP_13795,61,Gauteng,Urban,Prepaid,5G Smartphone,Voucher Top-Up,Excellent,Billing Query,Moderate (Stage 1-3),High Active,24.3,450
2026-06-14,VP_13796,61,Gauteng,Rural,Prepaid,LTE Router/MiFi,Voucher Top-Up,Good,None,Severe (Stage 4+),Moderate,21.6,409.13
2026-01-17,VP_13797,26,Gauteng,Urban,Prepaid,4G Smartphone,Debit Order,Excellent,Billing Query,Moderate (Stage 1-3),Moderate,13.2,281.99
2026-03-21,VP_13798,38,Western Cape,Suburban,Prepaid,5G Smartphone,Voucher Top-Up,Excellent,None,Severe (Stage 4+),Moderate,7.3,192.68
2026-06-28,VP_13799,41,Gauteng,Urban,Prepaid,5G Smartphone,Voucher Top-Up,Good,SIM Swap / Technical,Moderate (Stage 1-3),Moderate,31.3,555.96
2026-04-22,VP_13800,51,KwaZulu-Natal,Urban,Prepaid,5G Smartphone,Debit Order,Excellent,Network Coverage,Minimal / No Impact,Moderate,16.8,336.48
2026-03-03,VP_13801,39,KwaZulu-Natal,Rural,Prepaid,5G Smartphone,Mobile App / EFT,Good,Billing Query,Moderate (Stage 1-3),High Active,1.1,98.83
2026-01-15,VP_13802,20,Western Cape,Urban,Enterprise Hybrid,4G Smartphone,Voucher Top-Up,Excellent,None,Moderate (Stage 1-3),High Active,19.1,371.29
2026-03-04,VP_13803,29,Gauteng,Suburban,Prepaid,5G Smartphone,Mobile App / EFT,Good,None,Minimal / No Impact,High Active,3.8,139.7
2026-01-23,VP_13804,45,KwaZulu-Natal,Urban,Postpaid Contract,5G Smartphone,Debit Order,Poor / Frequent Drops,Network Coverage,Severe (Stage 4+),Low / Inactive,12.7,274.42
2026-04-22,VP_13805,47,KwaZulu-Natal,Urban,Prepaid,4G Smartphone,Mobile App / EFT,Good,None,Moderate (Stage 1-3),Low / Inactive,18.6,363.73
2026-01-30,VP_13806,43,KwaZulu-Natal,Urban,Enterprise Hybrid,4G Smartphone,Debit Order,Good,Billing Query,Severe (Stage 4+),Low / Inactive,0.2,85.21
2026-04-27,VP_13807,65,Eastern Cape,Urban,Prepaid,4G Smartphone,Voucher Top-Up,Poor / Frequent Drops,None,Moderate (Stage 1-3),Low / Inactive,9.6,227.5
2026-06-06,VP_13808,38,Gauteng,Urban,Prepaid,5G Smartphone,Debit Order,Excellent,None,Severe (Stage 4+),High Active,14.2,297.12
2026-06-05,VP_13809,45,Eastern Cape,Suburban,Prepaid,4G Smartphone,Mobile App / EFT,Excellent,None,Severe (Stage 4+),Moderate,29.1,522.66
2026-01-15,VP_13810,73,Western Cape,Urban,Postpaid Contract,LTE Router/MiFi,Voucher Top-Up,Excellent,None,Severe (Stage 4+),Low / Inactive,36.7,637.7
2026-03-21,VP_13811,43,KwaZulu-Natal,Urban,Prepaid,4G Smartphone,Debit Order,Good,Billing Query,Moderate (Stage 1-3),Low / Inactive,22.7,425.79
2026-06-20,VP_13812,50,Western Cape,Urban,Prepaid,LTE Router/MiFi,Debit Order,Good,Billing Query,Moderate (Stage 1-3),High Active,41.3,707.33
2026-06-18,VP_13813,38,KwaZulu-Natal,Rural,Prepaid,4G Smartphone,Debit Order,Excellent,None,Moderate (Stage 1-3),Moderate,27.4,496.93
2026-02-14,VP_13814,52,Gauteng,Rural,Postpaid Contract,4G Smartphone,Debit Order,Fair,None,Moderate (Stage 1-3),High Active,3.3,132.14
2026-01-31,VP_13815,69,Western Cape,Suburban,Prepaid,4G Smartphone,Voucher Top-Up,Excellent,Network Coverage,Severe (Stage 4+),High Active,31.2,554.45
2026-01-04,VP_13816,51,KwaZulu-Natal,Rural,Prepaid,5G Smartphone,Voucher Top-Up,Poor / Frequent Drops,Billing Query,Minimal / No Impact,Moderate,4.8,154.84
2026-02-05,VP_13817,58,Western Cape,Urban,Prepaid,5G Smartphone,Credit Card,Poor / Frequent Drops,None,Moderate (Stage 1-3),Low / Inactive,35.2,614.99
2026-06-29,VP_13818,68,Gauteng,Urban,Prepaid,5G Smartphone,Credit Card,Poor / Frequent Drops,None,Severe (Stage 4+),Moderate,32.9,580.18
2026-01-03,VP_13819,64,Limpopo,Suburban,Postpaid Contract,5G Smartphone,Voucher Top-Up,Fair,Network Coverage,Severe (Stage 4+),Moderate,20.7,395.51
2026-02-11,VP_13820,35,Western Cape,Suburban,Prepaid,5G Smartphone,Debit Order,Excellent,None,Moderate (Stage 1-3),Moderate,16.8,336.48
2026-05-08,VP_13821,28,Gauteng,Urban,Prepaid,LTE Router/MiFi,Voucher Top-Up,Good,Network Coverage,Moderate (Stage 1-3),Low / Inactive,15.8,321.34
2026-03-30,VP_13822,74,KwaZulu-Natal,Urban,Postpaid Contract,5G Smartphone,Voucher Top-Up,Excellent,Billing Query,Moderate (Stage 1-3),High Active,28.8,518.12
2026-05-14,VP_13823,40,Eastern Cape,Rural,Postpaid Contract,Legacy Feature Phone,Voucher Top-Up,Fair,Network Coverage,Moderate (Stage 1-3),Moderate,10.9,247.17
2026-05-13,VP_13824,65,Eastern Cape,Suburban,Prepaid,4G Smartphone,Voucher Top-Up,Excellent,SIM Swap / Technical,Moderate (Stage 1-3),High Active,11.7,259.28
2026-03-08,VP_13825,39,KwaZulu-Natal,Urban,Postpaid Contract,5G Smartphone,Credit Card,Excellent,Billing Query,Moderate (Stage 1-3),Moderate,16.9,337.99
2026-02-12,VP_13826,34,Limpopo,Suburban,Prepaid,4G Smartphone,Mobile App / EFT,Poor / Frequent Drops,None,Minimal / No Impact,High Active,8.2,206.3
2026-04-06,VP_13827,22,Gauteng,Urban,Prepaid,5G Smartphone,Debit Order,Excellent,None,Moderate (Stage 1-3),Low / Inactive,15.8,321.34
2026-02-02,VP_13828,61,KwaZulu-Natal,Urban,Enterprise Hybrid,Legacy Feature Phone,Debit Order,Excellent,None,Severe (Stage 4+),High Active,38.6,666.46
2026-03-10,VP_13829,28,Limpopo,Urban,Enterprise Hybrid,4G Smartphone,Mobile App / EFT,Good,None,Severe (Stage 4+),High Active,6,173
2026-01-31,VP_13830,47,Limpopo,Urban,Prepaid,5G Smartphone,Mobile App / EFT,Good,None,Severe (Stage 4+),Moderate,1.3,101.86
2026-01-08,VP_13831,32,Western Cape,Urban,Prepaid,LTE Router/MiFi,Debit Order,Good,None,Moderate (Stage 1-3),Moderate,8,203.28
2026-03-27,VP_13832,44,Eastern Cape,Suburban,Prepaid,4G Smartphone,Voucher Top-Up,Good,None,Severe (Stage 4+),Moderate,28.2,509.04
2026-04-20,VP_13833,52,Gauteng,Urban,Prepaid,5G Smartphone,Voucher Top-Up,Fair,None,Moderate (Stage 1-3),High Active,20.3,389.46
2026-03-11,VP_13834,50,Eastern Cape,Suburban,Prepaid,4G Smartphone,Voucher Top-Up,Excellent,Network Coverage,Moderate (Stage 1-3),High Active,4.6,151.81
2026-05-15,VP_13835,37,Gauteng,Urban,Prepaid,4G Smartphone,Debit Order,Good,Billing Query,Moderate (Stage 1-3),Low / Inactive,24,445.46
2026-01-17,VP_13836,33,Gauteng,Urban,Enterprise Hybrid,5G Smartphone,Mobile App / EFT,Good,SIM Swap / Technical,Moderate (Stage 1-3),Moderate,20.9,398.54
2026-03-09,VP_13837,51,Gauteng,Rural,Postpaid Contract,4G Smartphone,Voucher Top-Up,Good,None,Moderate (Stage 1-3),Low / Inactive,37.4,648.29
2026-05-28,VP_13838,19,KwaZulu-Natal,Suburban,Prepaid,5G Smartphone,Debit Order,Good,None,Moderate (Stage 1-3),Moderate,27.6,499.95
2026-06-10,VP_13839,52,Gauteng,Rural,Prepaid,4G Smartphone,Voucher Top-Up,Excellent,None,Minimal / No Impact,Low / Inactive,35.1,613.48
2026-01-20,VP_13840,57,Gauteng,Rural,Prepaid,5G Smartphone,Voucher Top-Up,Excellent,None,Moderate (Stage 1-3),Moderate,7.2,191.17
2026-05-08,VP_13841,73,Gauteng,Urban,Prepaid,Legacy Feature Phone,Mobile App / EFT,Excellent,None,Moderate (Stage 1-3),Moderate,4.8,154.84
2026-04-27,VP_13842,45,Gauteng,Urban,Prepaid,4G Smartphone,Debit Order,Excellent,None,Minimal / No Impact,Low / Inactive,10.2,236.58
2026-05-11,VP_13843,64,Western Cape,Rural,Postpaid Contract,5G Smartphone,Credit Card,Excellent,None,Moderate (Stage 1-3),High Active,10.5,241.12
2026-04-03,VP_13844,56,KwaZulu-Natal,Rural,Prepaid,5G Smartphone,Debit Order,Good,Billing Query,Moderate (Stage 1-3),Moderate,14.1,295.61
2026-01-15,VP_13845,23,Gauteng,Suburban,Postpaid Contract,5G Smartphone,Voucher Top-Up,Excellent,Billing Query,Moderate (Stage 1-3),Moderate,5.8,169.98
2026-05-08,VP_13846,26,Western Cape,Suburban,Postpaid Contract,4G Smartphone,Voucher Top-Up,Fair,None,Moderate (Stage 1-3),Moderate,8.8,215.39
2026-05-26,VP_13847,37,Limpopo,Suburban,Prepaid,5G Smartphone,Voucher Top-Up,Fair,None,Moderate (Stage 1-3),Moderate,54.2,902.59
2026-02-12,VP_13848,18,Eastern Cape,Urban,Prepaid,4G Smartphone,Voucher Top-Up,Excellent,None,Moderate (Stage 1-3),High Active,19.9,383.4
2026-04-05,VP_13849,25,Gauteng,Suburban,Postpaid Contract,LTE Router/MiFi,Mobile App / EFT,Good,None,Severe (Stage 4+),High Active,17.7,350.1
2026-02-10,VP_13850,72,Western Cape,Suburban,Enterprise Hybrid,4G Smartphone,Voucher Top-Up,Poor / Frequent Drops,SIM Swap / Technical,Minimal / No Impact,High Active,23.8,442.44
2026-03-07,VP_13851,40,Gauteng,Suburban,Postpaid Contract,5G Smartphone,Voucher Top-Up,Good,Network Coverage,Moderate (Stage 1-3),Low / Inactive,5.5,165.44
2026-01-27,VP_13852,20,Gauteng,Urban,Prepaid,5G Smartphone,Debit Order,Poor / Frequent Drops,None,Moderate (Stage 1-3),Low / Inactive,3.9,141.22
2026-05-27,VP_13853,21,Gauteng,Urban,Prepaid,4G Smartphone,Debit Order,Excellent,None,Moderate (Stage 1-3),High Active,17.3,344.05
2026-06-22,VP_13854,42,Eastern Cape,Urban,Prepaid,4G Smartphone,Debit Order,Fair,None,Moderate (Stage 1-3),High Active,3.3,132.14
2026-01-30,VP_13855,64,Gauteng,Urban,Enterprise Hybrid,4G Smartphone,Credit Card,Good,None,Moderate (Stage 1-3),High Active,7.1,189.65
2026-02-28,VP_13856,55,Gauteng,Rural,Postpaid Contract,4G Smartphone,Mobile App / EFT,Excellent,SIM Swap / Technical,Moderate (Stage 1-3),High Active,1.8,109.43
2026-05-11,VP_13857,32,Gauteng,Urban,Postpaid Contract,5G Smartphone,Credit Card,Poor / Frequent Drops,Billing Query,Severe (Stage 4+),Moderate,32.3,571.1
2026-01-01,VP_13858,38,Eastern Cape,Urban,Prepaid,LTE Router/MiFi,Debit Order,Poor / Frequent Drops,None,Severe (Stage 4+),High Active,20.7,395.51
2026-01-12,VP_13859,52,Western Cape,Urban,Postpaid Contract,5G Smartphone,Voucher Top-Up,Excellent,None,Minimal / No Impact,Low / Inactive,10.1,235.06
2026-01-04,VP_13860,74,Gauteng,Suburban,Prepaid,4G Smartphone,Debit Order,Poor / Frequent Drops,Billing Query,Minimal / No Impact,Moderate,63.2,1038.82
2026-03-04,VP_13861,70,KwaZulu-Natal,Urban,Prepaid,4G Smartphone,Mobile App / EFT,Excellent,None,Severe (Stage 4+),High Active,34.7,607.42
2026-01-12,VP_13862,70,KwaZulu-Natal,Urban,Prepaid,5G Smartphone,Voucher Top-Up,Good,None,Moderate (Stage 1-3),Moderate,18.9,368.27
2026-05-01,VP_13863,63,Western Cape,Urban,Enterprise Hybrid,4G Smartphone,Debit Order,Excellent,None,Severe (Stage 4+),Moderate,40.2,690.68
2026-04-04,VP_13864,69,Gauteng,Urban,Postpaid Contract,4G Smartphone,Voucher Top-Up,Excellent,None,Minimal / No Impact,High Active,15,309.23
2026-04-09,VP_13865,31,Eastern Cape,Urban,Prepaid,4G Smartphone,Debit Order,Fair,Billing Query,Severe (Stage 4+),Moderate,20.1,386.43
2026-02-08,VP_13866,53,Gauteng,Urban,Postpaid Contract,5G Smartphone,Voucher Top-Up,Excellent,None,Severe (Stage 4+),High Active,18.2,357.67
2026-02-15,VP_13867,29,Western Cape,Rural,Prepaid,5G Smartphone,Voucher Top-Up,Excellent,None,Severe (Stage 4+),High Active,13.2,281.99
2026-01-10,VP_13868,34,Gauteng,Urban,Prepaid,5G Smartphone,Voucher Top-Up,Good,None,Moderate (Stage 1-3),High Active,13.8,291.07
2026-05-22,VP_13869,56,KwaZulu-Natal,Urban,Prepaid,5G Smartphone,Credit Card,Excellent,None,Minimal / No Impact,Low / Inactive,62.5,1028.22
2026-06-17,VP_13870,26,KwaZulu-Natal,Suburban,Prepaid,Legacy Feature Phone,Voucher Top-Up,Good,Billing Query,Moderate (Stage 1-3),Moderate,24.6,454.54
2026-04-18,VP_13871,52,KwaZulu-Natal,Urban,Prepaid,4G Smartphone,Voucher Top-Up,Excellent,None,Severe (Stage 4+),Moderate,42.3,722.46
2026-02-27,VP_13872,30,Gauteng,Suburban,Prepaid,5G Smartphone,Mobile App / EFT,Fair,Billing Query,Moderate (Stage 1-3),Low / Inactive,6.3,177.55
2026-03-24,VP_13873,32,Eastern Cape,Urban,Postpaid Contract,LTE Router/MiFi,Voucher Top-Up,Excellent,None,Severe (Stage 4+),High Active,12.1,265.34
2026-03-05,VP_13874,35,Gauteng,Suburban,Prepaid,4G Smartphone,Debit Order,Excellent,None,Severe (Stage 4+),Low / Inactive,6.1,174.52
2026-04-17,VP_13875,68,Western Cape,Suburban,Postpaid Contract,5G Smartphone,Mobile App / EFT,Excellent,Billing Query,Minimal / No Impact,Moderate,34.5,604.4
2026-03-23,VP_13876,50,Eastern Cape,Rural,Prepaid,5G Smartphone,Debit Order,Good,Billing Query,Minimal / No Impact,Moderate,37.1,643.75
2026-03-11,VP_13877,23,KwaZulu-Natal,Urban,Postpaid Contract,5G Smartphone,Debit Order,Excellent,None,Minimal / No Impact,Low / Inactive,23.7,440.92
2026-01-20,VP_13878,44,Western Cape,Urban,Postpaid Contract,Legacy Feature Phone,Debit Order,Good,None,Moderate (Stage 1-3),Moderate,78.5,1270.41
2026-05-27,VP_13879,40,Western Cape,Urban,Postpaid Contract,4G Smartphone,Debit Order,Excellent,None,Severe (Stage 4+),Low / Inactive,36.4,633.16
2026-04-06,VP_13880,44,KwaZulu-Natal,Rural,Prepaid,LTE Router/MiFi,Debit Order,Fair,Network Coverage,Moderate (Stage 1-3),Low / Inactive,18.3,359.18
2026-01-31,VP_13881,51,Eastern Cape,Rural,Postpaid Contract,5G Smartphone,Debit Order,Excellent,None,Severe (Stage 4+),High Active,17.5,347.07
2026-05-09,VP_13882,73,Gauteng,Urban,Prepaid,LTE Router/MiFi,Voucher Top-Up,Fair,None,Severe (Stage 4+),High Active,24.5,453.03
2026-06-22,VP_13883,63,Western Cape,Urban,Postpaid Contract,5G Smartphone,Debit Order,Excellent,None,Severe (Stage 4+),High Active,37.9,655.86
2026-01-14,VP_13884,55,Western Cape,Urban,Prepaid,Legacy Feature Phone,Debit Order,Excellent,None,Minimal / No Impact,High Active,26,475.74
2026-02-15,VP_13885,31,KwaZulu-Natal,Urban,Prepaid,LTE Router/MiFi,Voucher Top-Up,Excellent,Billing Query,Moderate (Stage 1-3),Moderate,11.6,257.77
2026-02-27,VP_13886,53,Gauteng,Urban,Prepaid,5G Smartphone,Debit Order,Excellent,None,Severe (Stage 4+),High Active,11.5,256.26
2026-05-13,VP_13887,70,KwaZulu-Natal,Urban,Postpaid Contract,4G Smartphone,Debit Order,Good,None,Severe (Stage 4+),Moderate,21.8,412.16
2026-01-12,VP_13888,25,Eastern Cape,Suburban,Prepaid,4G Smartphone,Voucher Top-Up,Poor / Frequent Drops,None,Minimal / No Impact,Low / Inactive,10.3,238.09
2026-04-13,VP_13889,52,Limpopo,Rural,Enterprise Hybrid,LTE Router/MiFi,Debit Order,Excellent,None,Minimal / No Impact,Low / Inactive,45.3,767.87
2026-01-18,VP_13890,36,KwaZulu-Natal,Rural,Enterprise Hybrid,5G Smartphone,Debit Order,Good,None,Moderate (Stage 1-3),High Active,22,415.19
2026-04-30,VP_13891,47,Western Cape,Urban,Postpaid Contract,4G Smartphone,Voucher Top-Up,Excellent,None,Severe (Stage 4+),High Active,4.9,156.35
2026-03-14,VP_13892,31,Limpopo,Suburban,Prepaid,LTE Router/MiFi,Voucher Top-Up,Excellent,None,Moderate (Stage 1-3),High Active,16.5,331.94
2026-03-21,VP_13893,37,Gauteng,Rural,Postpaid Contract,4G Smartphone,Voucher Top-Up,Excellent,Billing Query,Moderate (Stage 1-3),Low / Inactive,18.3,359.18
2026-03-25,VP_13894,66,Gauteng,Urban,Prepaid,5G Smartphone,Credit Card,Fair,Billing Query,Minimal / No Impact,Moderate,37.1,643.75
2026-01-23,VP_13895,42,Western Cape,Suburban,Prepaid,4G Smartphone,Voucher Top-Up,Excellent,None,Severe (Stage 4+),Low / Inactive,16.8,336.48
2026-05-22,VP_13896,57,Eastern Cape,Urban,Enterprise Hybrid,5G Smartphone,Voucher Top-Up,Fair,None,Moderate (Stage 1-3),Low / Inactive,69.5,1134.18
2026-04-27,VP_13897,41,Eastern Cape,Urban,Enterprise Hybrid,4G Smartphone,Debit Order,Excellent,None,Severe (Stage 4+),Low / Inactive,27.5,498.44
2026-01-03,VP_13898,31,KwaZulu-Natal,Urban,Enterprise Hybrid,5G Smartphone,Mobile App / EFT,Excellent,None,Moderate (Stage 1-3),High Active,4.8,154.84
2026-04-05,VP_13899,43,Gauteng,Urban,Prepaid,5G Smartphone,Debit Order,Good,Network Coverage,Severe (Stage 4+),Moderate,13.5,286.53
2026-02-21,VP_13900,55,KwaZulu-Natal,Suburban,Prepaid,4G Smartphone,Voucher Top-Up,Excellent,SIM Swap / Technical,Minimal / No Impact,Low / Inactive,11,248.69
2026-03-16,VP_13901,40,Gauteng,Urban,Prepaid,4G Smartphone,Voucher Top-Up,Excellent,None,Severe (Stage 4+),High Active,18.4,360.7
2026-05-25,VP_13902,39,Gauteng,Urban,Prepaid,4G Smartphone,Voucher Top-Up,Excellent,None,Moderate (Stage 1-3),Moderate,56.4,935.89
2026-03-19,VP_13903,65,Eastern Cape,Urban,Prepaid,4G Smartphone,Credit Card,Excellent,Billing Query,Moderate (Stage 1-3),Moderate,8.7,213.87
2026-06-09,VP_13904,74,Gauteng,Rural,Prepaid,5G Smartphone,Credit Card,Fair,None,Minimal / No Impact,Moderate,2.9,126.08
2026-03-04,VP_13905,36,Eastern Cape,Urban,Postpaid Contract,5G Smartphone,Debit Order,Excellent,None,Moderate (Stage 1-3),Low / Inactive,14.3,298.64
2026-04-29,VP_13906,63,KwaZulu-Natal,Suburban,Postpaid Contract,4G Smartphone,Debit Order,Good,None,Severe (Stage 4+),Moderate,10.3,238.09
2026-04-05,VP_13907,68,Western Cape,Suburban,Postpaid Contract,5G Smartphone,Mobile App / EFT,Excellent,None,Severe (Stage 4+),Low / Inactive,23.8,442.44
2026-06-01,VP_13908,20,Gauteng,Urban,Postpaid Contract,4G Smartphone,Voucher Top-Up,Fair,None,Moderate (Stage 1-3),Moderate,1.7,107.92
2026-05-07,VP_13909,59,Gauteng,Urban,Prepaid,4G Smartphone,Voucher Top-Up,Good,None,Moderate (Stage 1-3),Moderate,39.9,686.13
2026-02-20,VP_13910,36,Gauteng,Suburban,Prepaid,LTE Router/MiFi,Voucher Top-Up,Excellent,None,Severe (Stage 4+),Low / Inactive,21.7,410.65
2026-05-20,VP_13911,26,Limpopo,Urban,Postpaid Contract,4G Smartphone,Voucher Top-Up,Poor / Frequent Drops,Billing Query,Moderate (Stage 1-3),Low / Inactive,21.9,413.68
2026-03-04,VP_13912,45,Eastern Cape,Urban,Prepaid,5G Smartphone,Credit Card,Excellent,Network Coverage,Severe (Stage 4+),Low / Inactive,17.6,348.59
2026-02-08,VP_13913,37,KwaZulu-Natal,Suburban,Prepaid,4G Smartphone,Voucher Top-Up,Good,SIM Swap / Technical,Minimal / No Impact,Low / Inactive,4.1,144.24
2026-01-02,VP_13914,62,Gauteng,Urban,Prepaid,Legacy Feature Phone,Voucher Top-Up,Good,None,Severe (Stage 4+),Moderate,18.2,357.67
2026-04-15,VP_13915,24,Limpopo,Urban,Prepaid,4G Smartphone,Voucher Top-Up,Excellent,None,Severe (Stage 4+),High Active,11.3,253.23
2026-01-07,VP_13916,31,Gauteng,Urban,Postpaid Contract,Legacy Feature Phone,Mobile App / EFT,Poor / Frequent Drops,None,Moderate (Stage 1-3),High Active,2.6,121.54
2026-03-01,VP_13917,26,Gauteng,Urban,Postpaid Contract,4G Smartphone,Voucher Top-Up,Fair,Network Coverage,Moderate (Stage 1-3),High Active,9.7,229.01
2026-05-19,VP_13918,72,KwaZulu-Natal,Suburban,Enterprise Hybrid,4G Smartphone,Voucher Top-Up,Fair,None,Severe (Stage 4+),Moderate,33,581.69
2026-03-30,VP_13919,74,Limpopo,Suburban,Prepaid,5G Smartphone,Credit Card,Poor / Frequent Drops,None,Moderate (Stage 1-3),High Active,30.2,539.31
2026-06-12,VP_13920,36,Gauteng,Suburban,Prepaid,4G Smartphone,Voucher Top-Up,Good,None,Moderate (Stage 1-3),High Active,28.3,510.55
2026-06-27,VP_13921,64,Gauteng,Suburban,Postpaid Contract,5G Smartphone,Voucher Top-Up,Excellent,SIM Swap / Technical,Severe (Stage 4+),High Active,25,460.6
2026-01-03,VP_13922,69,Limpopo,Urban,Prepaid,5G Smartphone,Voucher Top-Up,Fair,Network Coverage,Minimal / No Impact,Moderate,24.9,459.09
2026-03-27,VP_13923,31,Gauteng,Urban,Prepaid,5G Smartphone,Voucher Top-Up,Excellent,None,Minimal / No Impact,High Active,34.4,602.88
2026-01-01,VP_13924,73,Gauteng,Urban,Enterprise Hybrid,5G Smartphone,Debit Order,Excellent,Network Coverage,Moderate (Stage 1-3),Moderate,12.4,269.88
2026-06-18,VP_13925,55,Western Cape,Urban,Postpaid Contract,5G Smartphone,Voucher Top-Up,Good,None,Minimal / No Impact,Moderate,27.5,498.44
2026-04-07,VP_13926,70,Eastern Cape,Rural,Enterprise Hybrid,4G Smartphone,Voucher Top-Up,Poor / Frequent Drops,None,Severe (Stage 4+),Moderate,30,536.28
2026-03-20,VP_13927,53,KwaZulu-Natal,Suburban,Prepaid,5G Smartphone,Voucher Top-Up,Excellent,Billing Query,Severe (Stage 4+),Low / Inactive,45.6,772.41
2026-01-27,VP_13928,57,Limpopo,Urban,Prepaid,Legacy Feature Phone,Mobile App / EFT,Fair,None,Moderate (Stage 1-3),High Active,37.5,649.81
2026-02-22,VP_13929,34,Western Cape,Urban,Postpaid Contract,5G Smartphone,Voucher Top-Up,Good,None,Minimal / No Impact,Low / Inactive,46,778.47
2026-05-16,VP_13930,47,Gauteng,Urban,Prepaid,4G Smartphone,Credit Card,Excellent,Network Coverage,Moderate (Stage 1-3),Moderate,23,430.33
2026-03-02,VP_13931,26,Limpopo,Urban,Postpaid Contract,5G Smartphone,Debit Order,Fair,None,Severe (Stage 4+),High Active,44.7,758.79
2026-04-18,VP_13932,50,KwaZulu-Natal,Urban,Prepaid,5G Smartphone,Debit Order,Poor / Frequent Drops,SIM Swap / Technical,Moderate (Stage 1-3),Moderate,14.7,304.69
2026-05-06,VP_13933,73,Gauteng,Urban,Postpaid Contract,5G Smartphone,Voucher Top-Up,Excellent,None,Severe (Stage 4+),Low / Inactive,4.8,154.84
2026-01-16,VP_13934,69,KwaZulu-Natal,Rural,Postpaid Contract,4G Smartphone,Voucher Top-Up,Excellent,None,Severe (Stage 4+),Moderate,33.7,592.29
2026-02-06,VP_13935,42,Gauteng,Suburban,Prepaid,4G Smartphone,Debit Order,Excellent,None,Moderate (Stage 1-3),High Active,16.3,328.91
2026-03-13,VP_13936,31,Gauteng,Urban,Prepaid,5G Smartphone,Debit Order,Fair,Network Coverage,Moderate (Stage 1-3),Low / Inactive,10.9,247.17
2026-01-24,VP_13937,28,Gauteng,Urban,Postpaid Contract,5G Smartphone,Voucher Top-Up,Excellent,None,Severe (Stage 4+),Low / Inactive,32.2,569.58
2026-01-12,VP_13938,70,KwaZulu-Natal,Urban,Postpaid Contract,5G Smartphone,Voucher Top-Up,Excellent,None,Severe (Stage 4+),Moderate,19.7,380.38
2026-03-01,VP_13939,52,Eastern Cape,Suburban,Prepaid,4G Smartphone,Voucher Top-Up,Good,None,Moderate (Stage 1-3),Low / Inactive,9.2,221.44
2026-05-14,VP_13940,58,Western Cape,Suburban,Postpaid Contract,4G Smartphone,Mobile App / EFT,Good,Billing Query,Moderate (Stage 1-3),Low / Inactive,9.7,229.01
2026-04-16,VP_13941,31,Limpopo,Rural,Prepaid,5G Smartphone,Mobile App / EFT,Excellent,None,Moderate (Stage 1-3),High Active,14.8,306.21
2026-06-29,VP_13942,47,Gauteng,Urban,Prepaid,5G Smartphone,Voucher Top-Up,Fair,None,Moderate (Stage 1-3),Moderate,25,460.6
2026-04-06,VP_13943,58,Gauteng,Suburban,Prepaid,Legacy Feature Phone,Voucher Top-Up,Poor / Frequent Drops,None,Severe (Stage 4+),Low / Inactive,12.2,266.85
2026-04-28,VP_13944,21,Gauteng,Urban,Enterprise Hybrid,5G Smartphone,Voucher Top-Up,Poor / Frequent Drops,None,Severe (Stage 4+),High Active,13.7,289.56
2026-01-22,VP_13945,21,Gauteng,Suburban,Prepaid,4G Smartphone,Mobile App / EFT,Excellent,None,Minimal / No Impact,High Active,33.6,590.77
2026-05-29,VP_13946,45,Gauteng,Urban,Prepaid,5G Smartphone,Mobile App / EFT,Poor / Frequent Drops,None,Moderate (Stage 1-3),High Active,24,445.46
2026-01-25,VP_13947,25,Eastern Cape,Urban,Postpaid Contract,4G Smartphone,Debit Order,Good,Network Coverage,Moderate (Stage 1-3),High Active,5.6,166.95
2026-05-10,VP_13948,19,Limpopo,Suburban,Prepaid,Legacy Feature Phone,Debit Order,Excellent,None,Minimal / No Impact,High Active,9.8,230.52
2026-02-04,VP_13949,58,Limpopo,Urban,Prepaid,Legacy Feature Phone,Debit Order,Good,None,Moderate (Stage 1-3),Low / Inactive,10.7,244.15
2026-06-13,VP_13950,63,Gauteng,Urban,Prepaid,4G Smartphone,Voucher Top-Up,Excellent,None,Severe (Stage 4+),Low / Inactive,14.5,301.67
2026-04-11,VP_13951,39,Limpopo,Urban,Postpaid Contract,4G Smartphone,Voucher Top-Up,Good,SIM Swap / Technical,Minimal / No Impact,High Active,20.8,397.03
2026-01-20,VP_13952,58,Gauteng,Urban,Prepaid,4G Smartphone,Voucher Top-Up,Good,None,Severe (Stage 4+),Moderate,22.4,421.24
2026-06-01,VP_13953,73,Gauteng,Urban,Postpaid Contract,5G Smartphone,Debit Order,Fair,Network Coverage,Moderate (Stage 1-3),Moderate,17.4,345.56
2026-05-26,VP_13954,72,Eastern Cape,Urban,Postpaid Contract,Legacy Feature Phone,Voucher Top-Up,Excellent,Network Coverage,Moderate (Stage 1-3),High Active,32,566.56
2026-01-16,VP_13955,33,Western Cape,Urban,Postpaid Contract,4G Smartphone,Credit Card,Good,None,Moderate (Stage 1-3),High Active,12.8,275.93
2026-04-22,VP_13956,46,Gauteng,Urban,Postpaid Contract,4G Smartphone,Voucher Top-Up,Excellent,None,Moderate (Stage 1-3),High Active,15.1,310.75
2026-06-19,VP_13957,66,KwaZulu-Natal,Rural,Prepaid,5G Smartphone,Debit Order,Poor / Frequent Drops,Billing Query,Moderate (Stage 1-3),Moderate,10.7,244.15
2026-02-03,VP_13958,65,Gauteng,Urban,Prepaid,4G Smartphone,Voucher Top-Up,Good,Billing Query,Moderate (Stage 1-3),Moderate,31.6,560.5
2026-03-02,VP_13959,47,Western Cape,Urban,Postpaid Contract,Legacy Feature Phone,Voucher Top-Up,Excellent,Billing Query,Minimal / No Impact,High Active,7,188.14
2026-03-16,VP_13960,29,KwaZulu-Natal,Urban,Enterprise Hybrid,4G Smartphone,Mobile App / EFT,Excellent,Network Coverage,Severe (Stage 4+),High Active,13.3,283.5
2026-03-08,VP_13961,52,Limpopo,Rural,Prepaid,5G Smartphone,Voucher Top-Up,Good,None,Minimal / No Impact,Low / Inactive,39,672.51
2026-03-22,VP_13962,28,Gauteng,Suburban,Prepaid,5G Smartphone,Voucher Top-Up,Good,Billing Query,Severe (Stage 4+),Low / Inactive,16,324.37
2026-04-11,VP_13963,63,KwaZulu-Natal,Urban,Prepaid,5G Smartphone,Voucher Top-Up,Good,None,Severe (Stage 4+),Moderate,1.5,104.89
2026-06-29,VP_13964,67,KwaZulu-Natal,Suburban,Prepaid,LTE Router/MiFi,Voucher Top-Up,Excellent,None,Minimal / No Impact,Low / Inactive,6.3,177.55
2026-03-25,VP_13965,38,KwaZulu-Natal,Suburban,Prepaid,Legacy Feature Phone,Voucher Top-Up,Good,None,Moderate (Stage 1-3),High Active,27.8,502.98
2026-03-23,VP_13966,38,Gauteng,Suburban,Prepaid,LTE Router/MiFi,Debit Order,Excellent,None,Severe (Stage 4+),Moderate,26.7,486.33
2026-04-26,VP_13967,22,Western Cape,Suburban,Prepaid,4G Smartphone,Voucher Top-Up,Good,None,Moderate (Stage 1-3),Moderate,56.2,932.86
2026-03-11,VP_13968,65,Eastern Cape,Rural,Prepaid,4G Smartphone,Debit Order,Poor / Frequent Drops,None,Severe (Stage 4+),Moderate,4.6,151.81
2026-03-01,VP_13969,37,Limpopo,Rural,Prepaid,4G Smartphone,Debit Order,Good,None,Moderate (Stage 1-3),Low / Inactive,38.7,667.97
2026-01-20,VP_13970,54,Eastern Cape,Suburban,Postpaid Contract,4G Smartphone,Voucher Top-Up,Excellent,Network Coverage,Moderate (Stage 1-3),Low / Inactive,44.9,761.82
2026-02-21,VP_13971,20,Eastern Cape,Urban,Postpaid Contract,4G Smartphone,Debit Order,Poor / Frequent Drops,None,Minimal / No Impact,High Active,11.7,259.28
2026-02-04,VP_13972,61,KwaZulu-Natal,Suburban,Enterprise Hybrid,4G Smartphone,Debit Order,Excellent,Billing Query,Severe (Stage 4+),High Active,11.4,254.74
2026-05-30,VP_13973,50,Eastern Cape,Suburban,Prepaid,4G Smartphone,Voucher Top-Up,Good,None,Severe (Stage 4+),Moderate,19.8,381.89
2026-01-28,VP_13974,70,Gauteng,Urban,Prepaid,5G Smartphone,Voucher Top-Up,Good,None,Severe (Stage 4+),Low / Inactive,32.4,572.61
2026-02-09,VP_13975,26,KwaZulu-Natal,Rural,Enterprise Hybrid,5G Smartphone,Debit Order,Excellent,None,Severe (Stage 4+),High Active,4.8,154.84
2026-01-28,VP_13976,26,Gauteng,Urban,Postpaid Contract,4G Smartphone,Voucher Top-Up,Excellent,None,Minimal / No Impact,Moderate,25.7,471.19
2026-02-12,VP_13977,21,KwaZulu-Natal,Urban,Prepaid,LTE Router/MiFi,Debit Order,Excellent,None,Minimal / No Impact,Low / Inactive,4.5,150.3
2026-04-26,VP_13978,52,Gauteng,Rural,Prepaid,4G Smartphone,Debit Order,Fair,Network Coverage,Moderate (Stage 1-3),High Active,29.7,531.74
2026-04-30,VP_13979,34,Limpopo,Urban,Prepaid,5G Smartphone,Voucher Top-Up,Fair,None,Moderate (Stage 1-3),Low / Inactive,14.8,306.21
2026-03-22,VP_13980,51,Gauteng,Urban,Prepaid,LTE Router/MiFi,Debit Order,Good,None,Minimal / No Impact,High Active,5.8,169.98
2026-04-15,VP_13981,41,Gauteng,Urban,Prepaid,4G Smartphone,Credit Card,Excellent,None,Severe (Stage 4+),Moderate,14.1,295.61
2026-01-31,VP_13982,49,KwaZulu-Natal,Urban,Enterprise Hybrid,4G Smartphone,Debit Order,Fair,None,Severe (Stage 4+),Low / Inactive,3.3,132.14
2026-05-18,VP_13983,18,Gauteng,Urban,Prepaid,4G Smartphone,Mobile App / EFT,Good,None,Moderate (Stage 1-3),Moderate,9.4,224.47
2026-04-02,VP_13984,25,Gauteng,Urban,Postpaid Contract,4G Smartphone,Mobile App / EFT,Good,Billing Query,Minimal / No Impact,High Active,21.4,406.11
2026-02-23,VP_13985,62,Gauteng,Urban,Postpaid Contract,4G Smartphone,Credit Card,Good,None,Moderate (Stage 1-3),Low / Inactive,51.5,861.72
2026-04-26,VP_13986,40,KwaZulu-Natal,Rural,Postpaid Contract,LTE Router/MiFi,Voucher Top-Up,Excellent,None,Moderate (Stage 1-3),High Active,13.3,283.5
2026-03-20,VP_13987,64,KwaZulu-Natal,Rural,Postpaid Contract,5G Smartphone,Mobile App / EFT,Good,None,Severe (Stage 4+),Moderate,22.5,422.76
2026-04-29,VP_13988,57,Eastern Cape,Urban,Enterprise Hybrid,5G Smartphone,Credit Card,Good,None,Moderate (Stage 1-3),Moderate,23.3,434.87
2026-03-09,VP_13989,29,Western Cape,Suburban,Prepaid,5G Smartphone,Debit Order,Good,None,Minimal / No Impact,Moderate,8.4,209.33
2026-01-31,VP_13990,71,KwaZulu-Natal,Urban,Enterprise Hybrid,5G Smartphone,Voucher Top-Up,Fair,None,Moderate (Stage 1-3),Moderate,20.5,392.48
2026-01-24,VP_13991,29,Gauteng,Urban,Postpaid Contract,5G Smartphone,Debit Order,Excellent,Billing Query,Moderate (Stage 1-3),Moderate,1.1,98.83
2026-02-10,VP_13992,63,Gauteng,Urban,Prepaid,5G Smartphone,Voucher Top-Up,Good,None,Moderate (Stage 1-3),High Active,1.7,107.92
2026-06-25,VP_13993,64,Eastern Cape,Rural,Postpaid Contract,5G Smartphone,Voucher Top-Up,Excellent,Billing Query,Moderate (Stage 1-3),Moderate,9.3,222.95
2026-03-19,VP_13994,32,Gauteng,Rural,Postpaid Contract,5G Smartphone,Debit Order,Fair,None,Moderate (Stage 1-3),High Active,5.3,162.41
2026-06-30,VP_13995,58,Gauteng,Urban,Enterprise Hybrid,5G Smartphone,Mobile App / EFT,Excellent,Billing Query,Moderate (Stage 1-3),High Active,24.7,456.06
2026-06-28,VP_13996,36,Eastern Cape,Urban,Prepaid,5G Smartphone,Debit Order,Excellent,Network Coverage,Moderate (Stage 1-3),Moderate,27.5,498.44
2026-06-04,VP_13997,43,KwaZulu-Natal,Urban,Prepaid,4G Smartphone,Mobile App / EFT,Fair,None,Severe (Stage 4+),Moderate,2.5,120.03
2026-01-11,VP_13998,69,Gauteng,Urban,Prepaid,4G Smartphone,Debit Order,Excellent,None,Minimal / No Impact,High Active,11.6,257.77
2026-02-25,VP_13999,46,Gauteng,Suburban,Prepaid,5G Smartphone,Voucher Top-Up,Good,None,Minimal / No Impact,Moderate,5.6,166.95
2026-03-25,VP_14000,39,Limpopo,Urban,Prepaid,4G Smartphone,Debit Order,Poor / Frequent Drops,None,Moderate (Stage 1-3),Moderate,44.6,757.28
2026-02-07,VP_14001,57,Eastern Cape,Suburban,Prepaid,Legacy Feature Phone,Debit Order,Good,None,Severe (Stage 4+),Moderate,10.2,236.58
2026-01-24,VP_14002,38,Western Cape,Urban,Postpaid Contract,LTE Router/MiFi,Voucher Top-Up,Excellent,Billing Query,Moderate (Stage 1-3),Moderate,9.2,221.44
2026-03-05,VP_14003,68,KwaZulu-Natal,Rural,Prepaid,5G Smartphone,Debit Order,Excellent,None,Moderate (Stage 1-3),Low / Inactive,7.6,197.22
2026-04-02,VP_14004,55,KwaZulu-Natal,Suburban,Prepaid,4G Smartphone,Voucher Top-Up,Fair,None,Severe (Stage 4+),Moderate,10.7,244.15
2026-04-12,VP_14005,37,Limpopo,Urban,Prepaid,5G Smartphone,Credit Card,Excellent,Billing Query,Severe (Stage 4+),Low / Inactive,52.3,873.83
2026-05-12,VP_14006,74,Limpopo,Suburban,Prepaid,5G Smartphone,Debit Order,Good,Billing Query,Minimal / No Impact,High Active,5.6,166.95
2026-01-13,VP_14007,46,Gauteng,Suburban,Prepaid,5G Smartphone,Mobile App / EFT,Fair,None,Moderate (Stage 1-3),Low / Inactive,5.5,165.44
2026-06-23,VP_14008,68,Eastern Cape,Urban,Prepaid,5G Smartphone,Debit Order,Good,Billing Query,Minimal / No Impact,Moderate,2.5,120.03
2026-03-18,VP_14009,21,Gauteng,Urban,Prepaid,4G Smartphone,Debit Order,Fair,SIM Swap / Technical,Moderate (Stage 1-3),Moderate,49.7,834.47
2026-03-08,VP_14010,72,Gauteng,Rural,Prepaid,4G Smartphone,Debit Order,Excellent,None,Moderate (Stage 1-3),Low / Inactive,8.3,207.82
2026-02-14,VP_14011,24,Western Cape,Urban,Prepaid,4G Smartphone,Credit Card,Good,None,Moderate (Stage 1-3),High Active,10.6,242.63
2026-01-08,VP_14012,45,KwaZulu-Natal,Urban,Prepaid,5G Smartphone,Debit Order,Good,Billing Query,Moderate (Stage 1-3),Moderate,20.4,390.97
2026-04-14,VP_14013,45,Limpopo,Urban,Prepaid,5G Smartphone,Mobile App / EFT,Excellent,Billing Query,Minimal / No Impact,High Active,1.5,104.89
2026-04-26,VP_14014,21,Gauteng,Suburban,Prepaid,5G Smartphone,Credit Card,Excellent,None,Minimal / No Impact,Moderate,15.6,318.32
2026-05-23,VP_14015,39,KwaZulu-Natal,Suburban,Prepaid,5G Smartphone,Voucher Top-Up,Good,None,Minimal / No Impact,Low / Inactive,13.2,281.99
2026-05-21,VP_14016,29,Limpopo,Rural,Postpaid Contract,Legacy Feature Phone,Voucher Top-Up,Good,Billing Query,Moderate (Stage 1-3),Moderate,23.4,436.38
2026-03-05,VP_14017,62,Limpopo,Urban,Postpaid Contract,4G Smartphone,Mobile App / EFT,Good,SIM Swap / Technical,Moderate (Stage 1-3),Moderate,13.9,292.58
2026-01-25,VP_14018,20,Gauteng,Urban,Prepaid,Legacy Feature Phone,Voucher Top-Up,Fair,Billing Query,Moderate (Stage 1-3),Moderate,24.1,446.98
2026-04-29,VP_14019,39,KwaZulu-Natal,Suburban,Prepaid,4G Smartphone,Debit Order,Good,SIM Swap / Technical,Minimal / No Impact,High Active,31.5,558.99
2026-01-27,VP_14020,61,Western Cape,Suburban,Postpaid Contract,4G Smartphone,Voucher Top-Up,Fair,None,Moderate (Stage 1-3),High Active,7.9,201.76
2026-02-05,VP_14021,19,Gauteng,Urban,Prepaid,5G Smartphone,Mobile App / EFT,Good,SIM Swap / Technical,Severe (Stage 4+),Moderate,39.3,677.05
2026-02-01,VP_14022,41,Limpopo,Urban,Postpaid Contract,4G Smartphone,Mobile App / EFT,Excellent,Billing Query,Moderate (Stage 1-3),Moderate,20.3,389.46
2026-01-04,VP_14023,51,Limpopo,Urban,Enterprise Hybrid,4G Smartphone,Debit Order,Excellent,Network Coverage,Minimal / No Impact,Moderate,2.3,117
2026-01-16,VP_14024,44,Gauteng,Suburban,Postpaid Contract,4G Smartphone,Debit Order,Good,None,Moderate (Stage 1-3),High Active,48.9,822.36
2026-02-26,VP_14025,72,Gauteng,Rural,Postpaid Contract,4G Smartphone,Credit Card,Fair,Network Coverage,Moderate (Stage 1-3),Moderate,14.3,298.64
2026-02-03,VP_14026,58,Gauteng,Suburban,Postpaid Contract,5G Smartphone,Debit Order,Excellent,None,Severe (Stage 4+),Low / Inactive,29.8,533.25
2026-02-20,VP_14027,18,Limpopo,Rural,Postpaid Contract,4G Smartphone,Voucher Top-Up,Good,None,Minimal / No Impact,High Active,23.8,442.44
2026-04-13,VP_14028,25,Gauteng,Urban,Postpaid Contract,LTE Router/MiFi,Debit Order,Excellent,None,Moderate (Stage 1-3),Moderate,5,157.87
2026-04-06,VP_14029,40,KwaZulu-Natal,Rural,Postpaid Contract,4G Smartphone,Mobile App / EFT,Excellent,None,Moderate (Stage 1-3),Moderate,8.7,213.87
2026-06-25,VP_14030,55,KwaZulu-Natal,Suburban,Postpaid Contract,4G Smartphone,Credit Card,Good,None,Moderate (Stage 1-3),Low / Inactive,13.8,291.07
2026-06-11,VP_14031,23,Western Cape,Urban,Prepaid,5G Smartphone,Debit Order,Excellent,SIM Swap / Technical,Minimal / No Impact,Moderate,29.8,533.25
2026-06-15,VP_14032,39,Gauteng,Rural,Prepaid,4G Smartphone,Debit Order,Good,Billing Query,Minimal / No Impact,Moderate,18.1,356.16
2026-01-22,VP_14033,42,Gauteng,Urban,Postpaid Contract,5G Smartphone,Voucher Top-Up,Poor / Frequent Drops,Network Coverage,Minimal / No Impact,Low / Inactive,13.9,292.58
2026-05-30,VP_14034,35,Limpopo,Rural,Prepaid,5G Smartphone,Debit Order,Poor / Frequent Drops,SIM Swap / Technical,Severe (Stage 4+),High Active,17.9,353.13
2026-05-31,VP_14035,34,Limpopo,Rural,Postpaid Contract,4G Smartphone,Voucher Top-Up,Excellent,None,Severe (Stage 4+),Moderate,0.5,89.75
2026-03-08,VP_14036,29,Eastern Cape,Suburban,Enterprise Hybrid,5G Smartphone,Voucher Top-Up,Good,None,Minimal / No Impact,Moderate,13.1,280.47
2026-01-20,VP_14037,23,Gauteng,Suburban,Postpaid Contract,4G Smartphone,Debit Order,Poor / Frequent Drops,None,Minimal / No Impact,Moderate,13.6,288.04
2026-01-06,VP_14038,43,Gauteng,Urban,Enterprise Hybrid,LTE Router/MiFi,Voucher Top-Up,Excellent,None,Moderate (Stage 1-3),High Active,13,278.96
2026-01-17,VP_14039,44,Western Cape,Urban,Postpaid Contract,5G Smartphone,Mobile App / EFT,Good,None,Severe (Stage 4+),High Active,46.4,784.52
2026-02-20,VP_14040,25,Gauteng,Urban,Prepaid,4G Smartphone,Voucher Top-Up,Poor / Frequent Drops,None,Moderate (Stage 1-3),High Active,71.3,1161.42
2026-06-15,VP_14041,36,Limpopo,Suburban,Postpaid Contract,4G Smartphone,Debit Order,Excellent,None,Moderate (Stage 1-3),Moderate,4.8,154.84
2026-04-24,VP_14042,59,Western Cape,Suburban,Prepaid,5G Smartphone,Voucher Top-Up,Poor / Frequent Drops,None,Moderate (Stage 1-3),Low / Inactive,8.5,210.85
2026-02-02,VP_14043,18,Gauteng,Rural,Prepaid,4G Smartphone,Mobile App / EFT,Good,None,Severe (Stage 4+),High Active,38.2,660.4
2026-01-24,VP_14044,74,Limpopo,Urban,Prepaid,4G Smartphone,Voucher Top-Up,Excellent,None,Severe (Stage 4+),High Active,23.3,434.87
2026-03-26,VP_14045,46,Limpopo,Suburban,Prepaid,4G Smartphone,Debit Order,Good,Network Coverage,Minimal / No Impact,Low / Inactive,27,490.87
2026-02-01,VP_14046,62,Gauteng,Rural,Prepaid,LTE Router/MiFi,Debit Order,Excellent,None,Severe (Stage 4+),Moderate,11.2,251.71
2026-01-11,VP_14047,66,KwaZulu-Natal,Suburban,Prepaid,4G Smartphone,Mobile App / EFT,Excellent,None,Moderate (Stage 1-3),Low / Inactive,16.6,333.45
2026-04-29,VP_14048,52,Gauteng,Urban,Postpaid Contract,Legacy Feature Phone,Mobile App / EFT,Good,None,Moderate (Stage 1-3),High Active,21.4,406.11
2026-01-13,VP_14049,57,KwaZulu-Natal,Urban,Postpaid Contract,4G Smartphone,Voucher Top-Up,Good,Billing Query,Moderate (Stage 1-3),Low / Inactive,69.9,1140.23
2026-02-13,VP_14050,31,Gauteng,Urban,Prepaid,5G Smartphone,Debit Order,Good,None,Severe (Stage 4+),Low / Inactive,25.7,471.19
2026-05-27,VP_14051,52,Western Cape,Suburban,Prepaid,4G Smartphone,Voucher Top-Up,Excellent,None,Severe (Stage 4+),High Active,34.3,601.37
2026-04-21,VP_14052,65,Limpopo,Suburban,Postpaid Contract,5G Smartphone,Mobile App / EFT,Fair,None,Moderate (Stage 1-3),High Active,14.5,301.67
2026-04-12,VP_14053,62,KwaZulu-Natal,Rural,Postpaid Contract,4G Smartphone,Voucher Top-Up,Good,Network Coverage,Minimal / No Impact,High Active,27.1,492.39
2026-05-08,VP_14054,37,Gauteng,Urban,Enterprise Hybrid,4G Smartphone,Debit Order,Fair,Network Coverage,Moderate (Stage 1-3),High Active,31.4,557.47
2026-01-08,VP_14055,73,Western Cape,Urban,Prepaid,4G Smartphone,Voucher Top-Up,Fair,None,Severe (Stage 4+),Low / Inactive,22.8,427.3
2026-04-08,VP_14056,66,Gauteng,Suburban,Postpaid Contract,5G Smartphone,Mobile App / EFT,Excellent,Billing Query,Minimal / No Impact,Moderate,3.4,133.65
2026-06-24,VP_14057,30,Eastern Cape,Suburban,Prepaid,4G Smartphone,Debit Order,Excellent,None,Severe (Stage 4+),Low / Inactive,7.2,191.17
2026-04-20,VP_14058,55,KwaZulu-Natal,Rural,Postpaid Contract,5G Smartphone,Voucher Top-Up,Poor / Frequent Drops,None,Minimal / No Impact,Low / Inactive,15.2,312.26
2026-02-14,VP_14059,66,Gauteng,Suburban,Prepaid,4G Smartphone,Voucher Top-Up,Fair,None,Severe (Stage 4+),Moderate,20.8,397.03
2026-04-01,VP_14060,63,Gauteng,Urban,Prepaid,4G Smartphone,Voucher Top-Up,Excellent,None,Moderate (Stage 1-3),Moderate,25.7,471.19
2026-02-24,VP_14061,66,Eastern Cape,Suburban,Prepaid,Legacy Feature Phone,Voucher Top-Up,Good,Billing Query,Severe (Stage 4+),High Active,5.4,163.92
2026-02-17,VP_14062,25,Gauteng,Rural,Prepaid,5G Smartphone,Voucher Top-Up,Excellent,SIM Swap / Technical,Moderate (Stage 1-3),Moderate,12.7,274.42
2026-03-12,VP_14063,60,Eastern Cape,Urban,Prepaid,4G Smartphone,Debit Order,Excellent,None,Moderate (Stage 1-3),Low / Inactive,20.3,389.46
2026-03-13,VP_14064,37,Gauteng,Urban,Postpaid Contract,4G Smartphone,Debit Order,Good,None,Moderate (Stage 1-3),High Active,24.7,456.06
2026-04-25,VP_14065,50,Gauteng,Urban,Postpaid Contract,LTE Router/MiFi,Voucher Top-Up,Excellent,None,Severe (Stage 4+),Moderate,20.3,389.46
2026-02-08,VP_14066,43,KwaZulu-Natal,Urban,Prepaid,4G Smartphone,Debit Order,Poor / Frequent Drops,None,Minimal / No Impact,Low / Inactive,8.7,213.87
2026-01-09,VP_14067,56,Limpopo,Suburban,Prepaid,5G Smartphone,Voucher Top-Up,Fair,Network Coverage,Minimal / No Impact,Moderate,5.4,163.92
2026-06-07,VP_14068,38,Limpopo,Urban,Prepaid,4G Smartphone,Voucher Top-Up,Good,Network Coverage,Moderate (Stage 1-3),Moderate,17.7,350.1
2026-06-08,VP_14069,70,Gauteng,Urban,Enterprise Hybrid,4G Smartphone,Debit Order,Excellent,None,Moderate (Stage 1-3),Low / Inactive,61.3,1010.06
2026-06-07,VP_14070,66,KwaZulu-Natal,Urban,Prepaid,4G Smartphone,Voucher Top-Up,Excellent,None,Moderate (Stage 1-3),High Active,11.4,254.74
2026-03-04,VP_14071,59,Gauteng,Suburban,Prepaid,LTE Router/MiFi,Voucher Top-Up,Excellent,Billing Query,Severe (Stage 4+),Low / Inactive,21.5,407.62
2026-06-15,VP_14072,60,KwaZulu-Natal,Urban,Prepaid,5G Smartphone,Debit Order,Good,None,Minimal / No Impact,Low / Inactive,6.4,179.06
2026-03-17,VP_14073,71,KwaZulu-Natal,Suburban,Postpaid Contract,Legacy Feature Phone,Voucher Top-Up,Excellent,SIM Swap / Technical,Severe (Stage 4+),High Active,13.4,285.01
2026-05-08,VP_14074,58,Limpopo,Urban,Prepaid,5G Smartphone,Credit Card,Good,None,Moderate (Stage 1-3),Moderate,30.3,540.82
2026-04-16,VP_14075,26,Limpopo,Urban,Prepaid,Legacy Feature Phone,Voucher Top-Up,Good,None,Moderate (Stage 1-3),Moderate,10,233.55
2026-05-21,VP_14076,41,KwaZulu-Natal,Urban,Postpaid Contract,LTE Router/MiFi,Voucher Top-Up,Poor / Frequent Drops,None,Moderate (Stage 1-3),High Active,14.3,298.64
2026-05-03,VP_14077,54,KwaZulu-Natal,Urban,Postpaid Contract,4G Smartphone,Debit Order,Poor / Frequent Drops,None,Minimal / No Impact,Moderate,6.7,183.6
2026-01-16,VP_14078,66,Limpopo,Urban,Postpaid Contract,4G Smartphone,Debit Order,Good,None,Severe (Stage 4+),Moderate,32.1,568.07
2026-01-23,VP_14079,58,Eastern Cape,Urban,Prepaid,5G Smartphone,Debit Order,Good,Billing Query,Moderate (Stage 1-3),Low / Inactive,22.4,421.24
2026-03-13,VP_14080,34,Gauteng,Rural,Prepaid,5G Smartphone,Mobile App / EFT,Excellent,Billing Query,Moderate (Stage 1-3),Moderate,15.9,322.86
2026-04-09,VP_14081,41,Gauteng,Suburban,Enterprise Hybrid,5G Smartphone,Voucher Top-Up,Excellent,None,Severe (Stage 4+),Low / Inactive,6.2,176.03
2026-02-05,VP_14082,38,KwaZulu-Natal,Urban,Postpaid Contract,5G Smartphone,Debit Order,Poor / Frequent Drops,None,Moderate (Stage 1-3),High Active,7.3,192.68
2026-04-18,VP_14083,68,Gauteng,Urban,Prepaid,4G Smartphone,Voucher Top-Up,Good,Network Coverage,Minimal / No Impact,High Active,4.9,156.35
2026-02-21,VP_14084,56,Gauteng,Rural,Prepaid,5G Smartphone,Debit Order,Excellent,Network Coverage,Moderate (Stage 1-3),Low / Inactive,12.7,274.42
2026-06-14,VP_14085,72,Gauteng,Suburban,Prepaid,LTE Router/MiFi,Debit Order,Good,None,Moderate (Stage 1-3),Low / Inactive,4.8,154.84
2026-05-15,VP_14086,58,Western Cape,Urban,Prepaid,4G Smartphone,Voucher Top-Up,Poor / Frequent Drops,Network Coverage,Moderate (Stage 1-3),High Active,15.6,318.32
2026-03-05,VP_14087,56,Gauteng,Suburban,Postpaid Contract,4G Smartphone,Debit Order,Excellent,SIM Swap / Technical,Moderate (Stage 1-3),Moderate,27.3,495.41
2026-06-11,VP_14088,30,Gauteng,Suburban,Enterprise Hybrid,4G Smartphone,Voucher Top-Up,Excellent,None,Minimal / No Impact,Moderate,14,294.1
2026-05-20,VP_14089,28,Gauteng,Suburban,Prepaid,5G Smartphone,Debit Order,Poor / Frequent Drops,None,Severe (Stage 4+),Moderate,7.9,201.76
2026-01-05,VP_14090,63,Eastern Cape,Urban,Prepaid,5G Smartphone,Voucher Top-Up,Good,None,Moderate (Stage 1-3),Low / Inactive,18.9,368.27
2026-04-08,VP_14091,36,Eastern Cape,Urban,Postpaid Contract,5G Smartphone,Mobile App / EFT,Good,None,Moderate (Stage 1-3),Moderate,2.6,121.54
2026-04-02,VP_14092,28,KwaZulu-Natal,Urban,Prepaid,4G Smartphone,Mobile App / EFT,Excellent,Billing Query,Severe (Stage 4+),High Active,7.2,191.17
2026-05-03,VP_14093,30,KwaZulu-Natal,Rural,Enterprise Hybrid,4G Smartphone,Mobile App / EFT,Fair,None,Minimal / No Impact,Moderate,16.7,334.97
2026-05-20,VP_14094,63,Limpopo,Suburban,Postpaid Contract,5G Smartphone,Mobile App / EFT,Fair,SIM Swap / Technical,Severe (Stage 4+),High Active,6.5,180.57
2026-05-05,VP_14095,62,Gauteng,Urban,Enterprise Hybrid,4G Smartphone,Voucher Top-Up,Good,None,Severe (Stage 4+),Low / Inactive,17.8,351.62
2026-03-30,VP_14096,18,Gauteng,Rural,Prepaid,5G Smartphone,Voucher Top-Up,Excellent,None,Moderate (Stage 1-3),Moderate,15.3,313.77
2026-05-25,VP_14097,57,Gauteng,Rural,Prepaid,4G Smartphone,Voucher Top-Up,Good,Billing Query,Severe (Stage 4+),Low / Inactive,47.1,795.12
2026-05-09,VP_14098,61,Gauteng,Rural,Prepaid,4G Smartphone,Mobile App / EFT,Excellent,None,Moderate (Stage 1-3),Low / Inactive,12.6,272.91
2026-03-24,VP_14099,36,KwaZulu-Natal,Rural,Prepaid,4G Smartphone,Voucher Top-Up,Excellent,None,Minimal / No Impact,High Active,44.7,758.79
2026-04-10,VP_14100,29,Limpopo,Rural,Prepaid,LTE Router/MiFi,Debit Order,Excellent,None,Severe (Stage 4+),Low / Inactive,15.7,319.83
2026-03-11,VP_14101,25,Western Cape,Urban,Enterprise Hybrid,4G Smartphone,Mobile App / EFT,Excellent,None,Severe (Stage 4+),Moderate,5.7,168.46
2026-02-16,VP_14102,25,KwaZulu-Natal,Suburban,Postpaid Contract,4G Smartphone,Mobile App / EFT,Poor / Frequent Drops,SIM Swap / Technical,Severe (Stage 4+),High Active,11.9,262.31
2026-01-07,VP_14103,70,Limpopo,Suburban,Postpaid Contract,5G Smartphone,Mobile App / EFT,Excellent,None,Severe (Stage 4+),Moderate,29.2,524.17
2026-03-23,VP_14104,62,Gauteng,Urban,Prepaid,4G Smartphone,Debit Order,Good,Billing Query,Severe (Stage 4+),Low / Inactive,25.6,469.68
2026-06-02,VP_14105,29,Gauteng,Urban,Postpaid Contract,4G Smartphone,Debit Order,Excellent,None,Minimal / No Impact,Moderate,21.5,407.62
2026-02-26,VP_14106,65,KwaZulu-Natal,Rural,Postpaid Contract,5G Smartphone,Debit Order,Good,Billing Query,Moderate (Stage 1-3),Moderate,52.7,879.88
2026-01-08,VP_14107,50,Western Cape,Urban,Prepaid,4G Smartphone,Voucher Top-Up,Excellent,None,Severe (Stage 4+),Moderate,26,475.74
2026-03-13,VP_14108,62,Gauteng,Rural,Enterprise Hybrid,5G Smartphone,Debit Order,Good,None,Minimal / No Impact,Moderate,8.9,216.9
2026-01-15,VP_14109,43,KwaZulu-Natal,Urban,Prepaid,5G Smartphone,Voucher Top-Up,Fair,SIM Swap / Technical,Severe (Stage 4+),Low / Inactive,4.5,150.3
2026-05-01,VP_14110,56,Western Cape,Urban,Prepaid,LTE Router/MiFi,Debit Order,Poor / Frequent Drops,None,Moderate (Stage 1-3),Low / Inactive,23,430.33
2026-05-16,VP_14111,45,Western Cape,Urban,Prepaid,4G Smartphone,Debit Order,Good,Billing Query,Severe (Stage 4+),High Active,27.9,504.5
2026-04-02,VP_14112,22,Western Cape,Urban,Postpaid Contract,5G Smartphone,Voucher Top-Up,Excellent,None,Severe (Stage 4+),High Active,7,188.14
2026-05-30,VP_14113,25,Gauteng,Suburban,Postpaid Contract,4G Smartphone,Mobile App / EFT,Excellent,None,Moderate (Stage 1-3),Moderate,25.7,471.19
2026-03-01,VP_14114,42,Gauteng,Suburban,Prepaid,LTE Router/MiFi,Debit Order,Good,Network Coverage,Moderate (Stage 1-3),Moderate,24,445.46
2026-02-10,VP_14115,44,KwaZulu-Natal,Urban,Prepaid,5G Smartphone,Voucher Top-Up,Excellent,Billing Query,Moderate (Stage 1-3),Low / Inactive,10.2,236.58
2026-01-26,VP_14116,63,Gauteng,Urban,Prepaid,4G Smartphone,Debit Order,Good,None,Moderate (Stage 1-3),High Active,26.5,483.3
2026-03-05,VP_14117,40,Limpopo,Urban,Prepaid,4G Smartphone,Debit Order,Poor / Frequent Drops,Network Coverage,Severe (Stage 4+),Low / Inactive,13.8,291.07
2026-06-18,VP_14118,47,KwaZulu-Natal,Urban,Prepaid,5G Smartphone,Voucher Top-Up,Fair,None,Moderate (Stage 1-3),Moderate,12.8,275.93
2026-03-03,VP_14119,62,Gauteng,Suburban,Prepaid,4G Smartphone,Voucher Top-Up,Fair,None,Minimal / No Impact,High Active,50.2,842.04
2026-03-10,VP_14120,64,Eastern Cape,Urban,Prepaid,5G Smartphone,Mobile App / EFT,Fair,None,Severe (Stage 4+),Moderate,9.4,224.47
2026-05-17,VP_14121,40,KwaZulu-Natal,Urban,Postpaid Contract,4G Smartphone,Voucher Top-Up,Good,None,Moderate (Stage 1-3),High Active,11.8,260.8
2026-01-15,VP_14122,66,Gauteng,Urban,Prepaid,4G Smartphone,Mobile App / EFT,Good,None,Moderate (Stage 1-3),High Active,10.2,236.58
2026-02-26,VP_14123,64,Eastern Cape,Urban,Postpaid Contract,5G Smartphone,Debit Order,Excellent,None,Moderate (Stage 1-3),Moderate,39.8,684.62
2026-05-28,VP_14124,37,Eastern Cape,Urban,Prepaid,4G Smartphone,Debit Order,Poor / Frequent Drops,SIM Swap / Technical,Moderate (Stage 1-3),Moderate,14.2,297.12
2026-04-10,VP_14125,35,Western Cape,Urban,Prepaid,4G Smartphone,Debit Order,Excellent,None,Moderate (Stage 1-3),Moderate,42.1,719.44
2026-04-01,VP_14126,35,Gauteng,Rural,Prepaid,5G Smartphone,Mobile App / EFT,Good,None,Minimal / No Impact,Moderate,21.2,403.08
2026-02-14,VP_14127,19,KwaZulu-Natal,Rural,Prepaid,4G Smartphone,Debit Order,Excellent,None,Moderate (Stage 1-3),High Active,6,173
2026-02-15,VP_14128,21,Eastern Cape,Suburban,Prepaid,5G Smartphone,Debit Order,Excellent,None,Moderate (Stage 1-3),Moderate,15.7,319.83
2026-03-02,VP_14129,47,Gauteng,Urban,Postpaid Contract,LTE Router/MiFi,Voucher Top-Up,Good,None,Moderate (Stage 1-3),Low / Inactive,35,611.97
2026-06-01,VP_14130,50,Gauteng,Urban,Enterprise Hybrid,4G Smartphone,Debit Order,Excellent,None,Moderate (Stage 1-3),High Active,17.1,341.02
2026-03-23,VP_14131,53,Limpopo,Urban,Prepaid,4G Smartphone,Debit Order,Good,None,Moderate (Stage 1-3),Moderate,2.7,123.05
2026-06-28,VP_14132,35,Gauteng,Suburban,Prepaid,4G Smartphone,Debit Order,Good,None,Moderate (Stage 1-3),High Active,8.4,209.33
2026-04-02,VP_14133,54,Eastern Cape,Rural,Enterprise Hybrid,4G Smartphone,Debit Order,Good,Billing Query,Moderate (Stage 1-3),High Active,39.9,686.13
2026-06-01,VP_14134,36,KwaZulu-Natal,Urban,Prepaid,LTE Router/MiFi,Voucher Top-Up,Excellent,SIM Swap / Technical,Moderate (Stage 1-3),Moderate,15.2,312.26
2026-01-08,VP_14135,64,KwaZulu-Natal,Urban,Postpaid Contract,4G Smartphone,Voucher Top-Up,Good,None,Severe (Stage 4+),Moderate,11.4,254.74
2026-06-30,VP_14136,45,Gauteng,Suburban,Enterprise Hybrid,LTE Router/MiFi,Debit Order,Fair,None,Moderate (Stage 1-3),Low / Inactive,21,400.05
2026-06-29,VP_14137,57,Eastern Cape,Suburban,Enterprise Hybrid,4G Smartphone,Debit Order,Excellent,None,Minimal / No Impact,Moderate,33.9,595.31
2026-04-01,VP_14138,37,KwaZulu-Natal,Suburban,Prepaid,5G Smartphone,Mobile App / EFT,Good,Billing Query,Minimal / No Impact,High Active,24.4,451.52
2026-05-26,VP_14139,66,KwaZulu-Natal,Suburban,Prepaid,LTE Router/MiFi,Voucher Top-Up,Good,Billing Query,Moderate (Stage 1-3),Moderate,21.1,401.57
2026-05-25,VP_14140,50,Western Cape,Rural,Prepaid,4G Smartphone,Voucher Top-Up,Fair,None,Moderate (Stage 1-3),Moderate,29.3,525.69
2026-02-06,VP_14141,29,Western Cape,Urban,Postpaid Contract,4G Smartphone,Voucher Top-Up,Good,None,Severe (Stage 4+),Moderate,6.4,179.06
2026-05-25,VP_14142,68,Limpopo,Rural,Enterprise Hybrid,Legacy Feature Phone,Debit Order,Excellent,Billing Query,Moderate (Stage 1-3),Low / Inactive,9,218.41
2026-02-18,VP_14143,32,KwaZulu-Natal,Rural,Postpaid Contract,5G Smartphone,Credit Card,Fair,None,Severe (Stage 4+),High Active,51.6,863.23
2026-05-07,VP_14144,58,KwaZulu-Natal,Suburban,Postpaid Contract,4G Smartphone,Voucher Top-Up,Fair,None,Minimal / No Impact,Low / Inactive,15.4,315.29
2026-05-19,VP_14145,56,Limpopo,Urban,Postpaid Contract,5G Smartphone,Debit Order,Fair,None,Severe (Stage 4+),Moderate,5.8,169.98
2026-03-21,VP_14146,19,Western Cape,Urban,Postpaid Contract,4G Smartphone,Voucher Top-Up,Good,None,Moderate (Stage 1-3),Moderate,6.7,183.6
2026-02-14,VP_14147,46,Gauteng,Urban,Postpaid Contract,4G Smartphone,Debit Order,Fair,Billing Query,Minimal / No Impact,Low / Inactive,28.5,513.58
2026-05-06,VP_14148,58,Gauteng,Urban,Postpaid Contract,Legacy Feature Phone,Debit Order,Good,Network Coverage,Minimal / No Impact,Low / Inactive,13.5,286.53
2026-01-10,VP_14149,27,Eastern Cape,Rural,Prepaid,4G Smartphone,Credit Card,Good,Billing Query,Moderate (Stage 1-3),High Active,16.7,334.97
2026-01-24,VP_14150,19,KwaZulu-Natal,Urban,Prepaid,4G Smartphone,Mobile App / EFT,Fair,None,Moderate (Stage 1-3),Moderate,16.9,337.99
2026-01-15,VP_14151,68,Western Cape,Urban,Postpaid Contract,LTE Router/MiFi,Debit Order,Fair,Billing Query,Moderate (Stage 1-3),Moderate,9.9,232.04
2026-03-01,VP_14152,28,KwaZulu-Natal,Suburban,Prepaid,4G Smartphone,Voucher Top-Up,Good,None,Moderate (Stage 1-3),Moderate,24,445.46
2026-06-04,VP_14153,30,Gauteng,Urban,Prepaid,5G Smartphone,Mobile App / EFT,Fair,None,Severe (Stage 4+),Moderate,36.5,634.67
2026-02-26,VP_14154,27,Western Cape,Urban,Postpaid Contract,4G Smartphone,Debit Order,Excellent,Network Coverage,Severe (Stage 4+),Moderate,0.8,94.29
2026-01-06,VP_14155,31,Gauteng,Urban,Postpaid Contract,Legacy Feature Phone,Voucher Top-Up,Excellent,None,Severe (Stage 4+),High Active,17.9,353.13
2026-05-15,VP_14156,35,KwaZulu-Natal,Suburban,Enterprise Hybrid,Legacy Feature Phone,Voucher Top-Up,Good,None,Minimal / No Impact,Moderate,39.6,681.59
2026-05-03,VP_14157,68,KwaZulu-Natal,Urban,Prepaid,4G Smartphone,Voucher Top-Up,Good,SIM Swap / Technical,Severe (Stage 4+),High Active,3,127.59
2026-01-01,VP_14158,71,KwaZulu-Natal,Rural,Postpaid Contract,LTE Router/MiFi,Voucher Top-Up,Excellent,SIM Swap / Technical,Moderate (Stage 1-3),Moderate,14.6,303.18
2026-03-26,VP_14159,26,Western Cape,Urban,Prepaid,5G Smartphone,Voucher Top-Up,Good,None,Severe (Stage 4+),Moderate,15.1,310.75
2026-06-07,VP_14160,74,Eastern Cape,Rural,Enterprise Hybrid,5G Smartphone,Credit Card,Excellent,None,Minimal / No Impact,Moderate,38.3,661.92
2026-02-21,VP_14161,56,Eastern Cape,Urban,Prepaid,Legacy Feature Phone,Debit Order,Good,None,Moderate (Stage 1-3),Moderate,5.6,166.95
2026-02-03,VP_14162,45,Gauteng,Urban,Postpaid Contract,5G Smartphone,Mobile App / EFT,Fair,SIM Swap / Technical,Moderate (Stage 1-3),High Active,50.2,842.04
2026-03-29,VP_14163,20,Gauteng,Urban,Postpaid Contract,5G Smartphone,Debit Order,Good,None,Moderate (Stage 1-3),Low / Inactive,31.8,563.53
2026-02-15,VP_14164,37,KwaZulu-Natal,Urban,Prepaid,4G Smartphone,Debit Order,Excellent,SIM Swap / Technical,Minimal / No Impact,Moderate,3.4,133.65
2026-03-24,VP_14165,23,Limpopo,Urban,Enterprise Hybrid,4G Smartphone,Debit Order,Poor / Frequent Drops,None,Severe (Stage 4+),Moderate,64.1,1052.44
2026-01-16,VP_14166,44,Eastern Cape,Urban,Postpaid Contract,4G Smartphone,Voucher Top-Up,Good,None,Minimal / No Impact,Low / Inactive,26.2,478.76
2026-01-06,VP_14167,70,Eastern Cape,Urban,Prepaid,5G Smartphone,Debit Order,Fair,None,Moderate (Stage 1-3),Low / Inactive,11.6,257.77
2026-02-07,VP_14168,19,Gauteng,Suburban,Prepaid,LTE Router/MiFi,Mobile App / EFT,Good,None,Severe (Stage 4+),High Active,5.2,160.89
2026-05-31,VP_14169,46,KwaZulu-Natal,Urban,Prepaid,LTE Router/MiFi,Voucher Top-Up,Poor / Frequent Drops,SIM Swap / Technical,Severe (Stage 4+),Moderate,30.6,545.36
2026-06-30,VP_14170,55,KwaZulu-Natal,Urban,Prepaid,5G Smartphone,Debit Order,Fair,None,Moderate (Stage 1-3),Moderate,33.8,593.8
2026-02-06,VP_14171,20,Gauteng,Suburban,Postpaid Contract,4G Smartphone,Voucher Top-Up,Good,None,Severe (Stage 4+),High Active,9,218.41
2026-01-29,VP_14172,33,Gauteng,Rural,Enterprise Hybrid,4G Smartphone,Mobile App / EFT,Excellent,None,Minimal / No Impact,High Active,3.6,136.68
2026-05-15,VP_14173,47,Limpopo,Urban,Prepaid,4G Smartphone,Voucher Top-Up,Good,Billing Query,Severe (Stage 4+),Moderate,33.7,592.29
2026-04-04,VP_14174,57,Gauteng,Urban,Prepaid,5G Smartphone,Debit Order,Good,None,Moderate (Stage 1-3),Moderate,16.7,334.97
2026-01-19,VP_14175,19,Gauteng,Rural,Prepaid,4G Smartphone,Mobile App / EFT,Good,Network Coverage,Moderate (Stage 1-3),Low / Inactive,12.9,277.45
2026-04-06,VP_14176,34,Gauteng,Urban,Prepaid,5G Smartphone,Voucher Top-Up,Excellent,None,Moderate (Stage 1-3),High Active,35,611.97
2026-06-30,VP_14177,58,Limpopo,Rural,Prepaid,5G Smartphone,Voucher Top-Up,Good,None,Moderate (Stage 1-3),Low / Inactive,14.7,304.69
2026-06-19,VP_14178,29,Western Cape,Urban,Prepaid,4G Smartphone,Debit Order,Good,None,Minimal / No Impact,Low / Inactive,11.7,259.28
2026-04-12,VP_14179,52,Western Cape,Rural,Prepaid,4G Smartphone,Voucher Top-Up,Fair,None,Moderate (Stage 1-3),Moderate,16.2,327.4
2026-05-31,VP_14180,60,Limpopo,Urban,Postpaid Contract,4G Smartphone,Mobile App / EFT,Fair,None,Moderate (Stage 1-3),High Active,1.1,98.83
2026-01-26,VP_14181,18,Gauteng,Rural,Postpaid Contract,4G Smartphone,Debit Order,Excellent,SIM Swap / Technical,Moderate (Stage 1-3),Moderate,16.6,333.45
2026-03-28,VP_14182,72,Western Cape,Urban,Prepaid,5G Smartphone,Debit Order,Excellent,None,Moderate (Stage 1-3),Moderate,44.1,749.71
2026-03-19,VP_14183,62,Gauteng,Suburban,Postpaid Contract,4G Smartphone,Mobile App / EFT,Excellent,None,Minimal / No Impact,Moderate,18.4,360.7
2026-03-24,VP_14184,32,Gauteng,Urban,Postpaid Contract,5G Smartphone,Debit Order,Excellent,None,Minimal / No Impact,Moderate,13.6,288.04
2026-02-04,VP_14185,43,Eastern Cape,Urban,Postpaid Contract,4G Smartphone,Credit Card,Excellent,None,Severe (Stage 4+),Low / Inactive,35.6,621.05
2026-02-10,VP_14186,54,Eastern Cape,Suburban,Prepaid,4G Smartphone,Debit Order,Fair,Billing Query,Severe (Stage 4+),High Active,22.9,428.81
2026-04-22,VP_14187,38,KwaZulu-Natal,Urban,Postpaid Contract,4G Smartphone,Voucher Top-Up,Poor / Frequent Drops,Billing Query,Minimal / No Impact,Moderate,30.7,546.88
2026-06-13,VP_14188,66,KwaZulu-Natal,Rural,Postpaid Contract,4G Smartphone,Debit Order,Excellent,None,Severe (Stage 4+),Low / Inactive,15.5,316.8
2026-05-05,VP_14189,48,KwaZulu-Natal,Urban,Prepaid,4G Smartphone,Credit Card,Good,Billing Query,Minimal / No Impact,Moderate,6.1,174.52
2026-06-16,VP_14190,42,Gauteng,Rural,Prepaid,LTE Router/MiFi,Voucher Top-Up,Good,None,Moderate (Stage 1-3),High Active,18.8,366.75
2026-03-23,VP_14191,40,Gauteng,Urban,Enterprise Hybrid,4G Smartphone,Credit Card,Poor / Frequent Drops,None,Severe (Stage 4+),High Active,37.9,655.86
2026-02-14,VP_14192,41,Gauteng,Rural,Postpaid Contract,4G Smartphone,Voucher Top-Up,Poor / Frequent Drops,None,Moderate (Stage 1-3),Moderate,32.8,578.66
2026-05-24,VP_14193,74,Gauteng,Rural,Enterprise Hybrid,Legacy Feature Phone,Debit Order,Excellent,Billing Query,Moderate (Stage 1-3),Moderate,3,127.59
2026-06-27,VP_14194,55,Eastern Cape,Urban,Postpaid Contract,4G Smartphone,Debit Order,Excellent,None,Minimal / No Impact,High Active,27.8,502.98
2026-06-07,VP_14195,45,Gauteng,Rural,Postpaid Contract,4G Smartphone,Voucher Top-Up,Excellent,None,Moderate (Stage 1-3),High Active,21.1,401.57
2026-04-02,VP_14196,38,Gauteng,Suburban,Prepaid,5G Smartphone,Voucher Top-Up,Good,None,Moderate (Stage 1-3),Low / Inactive,15,309.23
2026-02-27,VP_14197,71,KwaZulu-Natal,Urban,Prepaid,5G Smartphone,Credit Card,Good,None,Minimal / No Impact,High Active,4.9,156.35
2026-06-20,VP_14198,60,Eastern Cape,Suburban,Enterprise Hybrid,4G Smartphone,Voucher Top-Up,Excellent,None,Severe (Stage 4+),Low / Inactive,30.2,539.31
2026-05-31,VP_14199,35,Gauteng,Urban,Prepaid,4G Smartphone,Voucher Top-Up,Fair,None,Moderate (Stage 1-3),Moderate,11.9,262.31
2026-02-14,VP_14200,53,Gauteng,Suburban,Prepaid,4G Smartphone,Credit Card,Good,Network Coverage,Moderate (Stage 1-3),Low / Inactive,4.8,154.84
2026-04-07,VP_14201,52,KwaZulu-Natal,Urban,Postpaid Contract,Legacy Feature Phone,Debit Order,Poor / Frequent Drops,None,Severe (Stage 4+),High Active,16.2,327.4
2026-03-20,VP_14202,62,Western Cape,Urban,Postpaid Contract,5G Smartphone,Mobile App / EFT,Excellent,None,Severe (Stage 4+),Low / Inactive,4,142.73
2026-06-26,VP_14203,72,KwaZulu-Natal,Urban,Prepaid,4G Smartphone,Voucher Top-Up,Excellent,Billing Query,Moderate (Stage 1-3),High Active,16.5,331.94
2026-03-17,VP_14204,26,Eastern Cape,Suburban,Prepaid,4G Smartphone,Voucher Top-Up,Excellent,Billing Query,Severe (Stage 4+),High Active,8.4,209.33
2026-02-02,VP_14205,70,Limpopo,Rural,Prepaid,4G Smartphone,Debit Order,Excellent,None,Moderate (Stage 1-3),High Active,39.2,675.54
2026-02-15,VP_14206,55,Eastern Cape,Rural,Prepaid,4G Smartphone,Debit Order,Fair,None,Moderate (Stage 1-3),High Active,15.6,318.32
2026-01-01,VP_14207,47,Western Cape,Urban,Postpaid Contract,5G Smartphone,Debit Order,Excellent,Billing Query,Moderate (Stage 1-3),Moderate,24.4,451.52
2026-06-29,VP_14208,61,KwaZulu-Natal,Urban,Prepaid,5G Smartphone,Credit Card,Good,None,Moderate (Stage 1-3),Low / Inactive,37.9,655.86
2026-05-27,VP_14209,51,Gauteng,Suburban,Postpaid Contract,4G Smartphone,Mobile App / EFT,Excellent,None,Moderate (Stage 1-3),High Active,19.5,377.35
2026-04-11,VP_14210,49,Limpopo,Suburban,Postpaid Contract,4G Smartphone,Debit Order,Excellent,None,Severe (Stage 4+),Moderate,25.2,463.63
2026-05-26,VP_14211,20,KwaZulu-Natal,Urban,Postpaid Contract,4G Smartphone,Credit Card,Fair,SIM Swap / Technical,Severe (Stage 4+),Low / Inactive,79.7,1288.57
2026-01-09,VP_14212,20,Gauteng,Urban,Prepaid,Legacy Feature Phone,Voucher Top-Up,Poor / Frequent Drops,None,Moderate (Stage 1-3),Low / Inactive,28.5,513.58
2026-02-16,VP_14213,45,Western Cape,Urban,Prepaid,5G Smartphone,Mobile App / EFT,Good,None,Minimal / No Impact,High Active,25.2,463.63
2026-06-04,VP_14214,61,Gauteng,Urban,Prepaid,4G Smartphone,Debit Order,Poor / Frequent Drops,None,Severe (Stage 4+),High Active,5.5,165.44
2026-03-23,VP_14215,32,Western Cape,Suburban,Prepaid,4G Smartphone,Voucher Top-Up,Good,Network Coverage,Moderate (Stage 1-3),High Active,17.8,351.62
2026-06-06,VP_14216,58,Western Cape,Urban,Postpaid Contract,Legacy Feature Phone,Voucher Top-Up,Good,None,Moderate (Stage 1-3),Moderate,65.2,1069.09
2026-02-26,VP_14217,40,KwaZulu-Natal,Rural,Prepaid,LTE Router/MiFi,Debit Order,Fair,Billing Query,Moderate (Stage 1-3),Moderate,24.5,453.03
2026-06-13,VP_14218,57,Eastern Cape,Urban,Postpaid Contract,4G Smartphone,Voucher Top-Up,Excellent,Billing Query,Minimal / No Impact,Moderate,20.6,394
2026-05-25,VP_14219,28,Gauteng,Urban,Prepaid,4G Smartphone,Voucher Top-Up,Excellent,None,Severe (Stage 4+),High Active,14.9,307.72
2026-01-27,VP_14220,65,KwaZulu-Natal,Rural,Prepaid,5G Smartphone,Debit Order,Good,Network Coverage,Severe (Stage 4+),Moderate,8.9,216.9
2026-05-08,VP_14221,49,KwaZulu-Natal,Suburban,Enterprise Hybrid,5G Smartphone,Debit Order,Excellent,None,Moderate (Stage 1-3),Moderate,7.7,198.74
2026-02-06,VP_14222,74,Western Cape,Urban,Prepaid,4G Smartphone,Credit Card,Excellent,SIM Swap / Technical,Severe (Stage 4+),Moderate,17.8,351.62
2026-03-26,VP_14223,71,Eastern Cape,Suburban,Prepaid,4G Smartphone,Debit Order,Excellent,Network Coverage,Moderate (Stage 1-3),High Active,24.3,450
2026-01-20,VP_14224,53,KwaZulu-Natal,Urban,Prepaid,4G Smartphone,Debit Order,Fair,SIM Swap / Technical,Minimal / No Impact,Moderate,8.2,206.3
2026-03-02,VP_14225,50,Western Cape,Suburban,Prepaid,4G Smartphone,Voucher Top-Up,Good,Billing Query,Moderate (Stage 1-3),Moderate,8,203.28
2026-03-30,VP_14226,41,Gauteng,Urban,Postpaid Contract,4G Smartphone,Voucher Top-Up,Good,Network Coverage,Severe (Stage 4+),Low / Inactive,3.6,136.68
2026-03-23,VP_14227,56,Limpopo,Suburban,Prepaid,4G Smartphone,Voucher Top-Up,Fair,None,Severe (Stage 4+),Low / Inactive,24.8,457.57
2026-02-12,VP_14228,51,KwaZulu-Natal,Urban,Prepaid,5G Smartphone,Mobile App / EFT,Good,None,Minimal / No Impact,Low / Inactive,21.4,406.11
2026-06-12,VP_14229,73,Western Cape,Urban,Prepaid,5G Smartphone,Debit Order,Good,None,Moderate (Stage 1-3),High Active,27.9,504.5
2026-01-23,VP_14230,45,Gauteng,Rural,Enterprise Hybrid,5G Smartphone,Voucher Top-Up,Poor / Frequent Drops,None,Minimal / No Impact,High Active,4.3,147.27
2026-06-21,VP_14231,54,Gauteng,Suburban,Prepaid,LTE Router/MiFi,Mobile App / EFT,Fair,Billing Query,Moderate (Stage 1-3),Low / Inactive,7.5,195.71
2026-06-13,VP_14232,24,KwaZulu-Natal,Urban,Prepaid,5G Smartphone,Credit Card,Good,None,Minimal / No Impact,Low / Inactive,0.1,83.7
2026-03-27,VP_14233,21,Eastern Cape,Urban,Prepaid,4G Smartphone,Voucher Top-Up,Good,None,Minimal / No Impact,Low / Inactive,6.8,185.11
2026-04-25,VP_14234,54,KwaZulu-Natal,Urban,Prepaid,5G Smartphone,Debit Order,Good,Billing Query,Moderate (Stage 1-3),Moderate,7.8,200.25
2026-01-03,VP_14235,73,Limpopo,Suburban,Prepaid,4G Smartphone,Voucher Top-Up,Good,Network Coverage,Moderate (Stage 1-3),High Active,29.8,533.25
2026-03-09,VP_14236,18,KwaZulu-Natal,Suburban,Prepaid,LTE Router/MiFi,Debit Order,Excellent,Billing Query,Moderate (Stage 1-3),Low / Inactive,31.8,563.53
2026-02-23,VP_14237,18,KwaZulu-Natal,Suburban,Prepaid,4G Smartphone,Voucher Top-Up,Good,Network Coverage,Severe (Stage 4+),High Active,12.3,268.36
2026-03-05,VP_14238,64,Gauteng,Urban,Prepaid,5G Smartphone,Debit Order,Excellent,None,Severe (Stage 4+),Moderate,70.9,1155.37
2026-06-27,VP_14239,37,Eastern Cape,Suburban,Prepaid,5G Smartphone,Debit Order,Excellent,Network Coverage,Moderate (Stage 1-3),Moderate,35.2,614.99
2026-01-18,VP_14240,36,Gauteng,Urban,Enterprise Hybrid,LTE Router/MiFi,Voucher Top-Up,Good,None,Severe (Stage 4+),Moderate,15.4,315.29
2026-03-31,VP_14241,46,Limpopo,Urban,Postpaid Contract,4G Smartphone,Voucher Top-Up,Fair,SIM Swap / Technical,Severe (Stage 4+),Moderate,13.3,283.5
2026-03-07,VP_14242,27,Limpopo,Suburban,Prepaid,4G Smartphone,Voucher Top-Up,Excellent,None,Moderate (Stage 1-3),Moderate,15,309.23
2026-01-28,VP_14243,35,Limpopo,Rural,Prepaid,4G Smartphone,Voucher Top-Up,Excellent,Network Coverage,Minimal / No Impact,Moderate,0.9,95.81
2026-01-01,VP_14244,45,KwaZulu-Natal,Suburban,Postpaid Contract,5G Smartphone,Voucher Top-Up,Good,None,Moderate (Stage 1-3),Moderate,7.3,192.68
2026-01-13,VP_14245,52,Western Cape,Suburban,Postpaid Contract,5G Smartphone,Voucher Top-Up,Good,None,Moderate (Stage 1-3),High Active,49.2,826.9
2026-04-09,VP_14246,60,Eastern Cape,Suburban,Prepaid,4G Smartphone,Voucher Top-Up,Excellent,Billing Query,Severe (Stage 4+),Moderate,15.8,321.34
2026-04-23,VP_14247,64,Gauteng,Rural,Postpaid Contract,4G Smartphone,Debit Order,Excellent,Network Coverage,Severe (Stage 4+),Low / Inactive,17.1,341.02
2026-04-18,VP_14248,48,Western Cape,Urban,Prepaid,5G Smartphone,Voucher Top-Up,Good,Network Coverage,Moderate (Stage 1-3),Moderate,24.8,457.57
2026-02-12,VP_14249,44,Gauteng,Urban,Prepaid,4G Smartphone,Voucher Top-Up,Fair,None,Minimal / No Impact,Moderate,25.5,468.17
2026-04-16,VP_14250,28,KwaZulu-Natal,Rural,Enterprise Hybrid,LTE Router/MiFi,Voucher Top-Up,Excellent,None,Moderate (Stage 1-3),Moderate,42.7,728.52
2026-05-07,VP_14251,66,Gauteng,Rural,Postpaid Contract,LTE Router/MiFi,Voucher Top-Up,Excellent,None,Moderate (Stage 1-3),High Active,40.6,696.73
2026-04-07,VP_14252,66,Gauteng,Urban,Postpaid Contract,5G Smartphone,Voucher Top-Up,Good,None,Moderate (Stage 1-3),Moderate,16.7,334.97
2026-03-31,VP_14253,55,KwaZulu-Natal,Urban,Prepaid,5G Smartphone,Mobile App / EFT,Excellent,None,Severe (Stage 4+),High Active,42.6,727
2026-05-20,VP_14254,22,KwaZulu-Natal,Urban,Prepaid,LTE Router/MiFi,Voucher Top-Up,Excellent,Billing Query,Moderate (Stage 1-3),Moderate,23.3,434.87
2026-04-07,VP_14255,25,Western Cape,Urban,Postpaid Contract,5G Smartphone,Voucher Top-Up,Good,None,Moderate (Stage 1-3),Moderate,13.9,292.58
2026-01-26,VP_14256,51,Gauteng,Rural,Prepaid,5G Smartphone,Voucher Top-Up,Poor / Frequent Drops,Billing Query,Moderate (Stage 1-3),High Active,29.9,534.77
2026-05-03,VP_14257,65,KwaZulu-Natal,Urban,Prepaid,LTE Router/MiFi,Debit Order,Excellent,None,Severe (Stage 4+),Moderate,32.4,572.61
2026-05-28,VP_14258,69,Gauteng,Rural,Prepaid,5G Smartphone,Voucher Top-Up,Good,None,Severe (Stage 4+),Low / Inactive,22.4,421.24
2026-06-16,VP_14259,73,Western Cape,Urban,Prepaid,4G Smartphone,Voucher Top-Up,Excellent,None,Moderate (Stage 1-3),Moderate,22.9,428.81
2026-06-25,VP_14260,29,Western Cape,Urban,Prepaid,4G Smartphone,Debit Order,Fair,Billing Query,Severe (Stage 4+),Low / Inactive,53.8,896.53
2026-02-27,VP_14261,55,KwaZulu-Natal,Urban,Postpaid Contract,4G Smartphone,Voucher Top-Up,Excellent,Billing Query,Minimal / No Impact,Low / Inactive,21.9,413.68
2026-02-11,VP_14262,18,Western Cape,Suburban,Enterprise Hybrid,5G Smartphone,Voucher Top-Up,Good,None,Severe (Stage 4+),Low / Inactive,13.9,292.58
2026-04-26,VP_14263,48,Gauteng,Suburban,Prepaid,LTE Router/MiFi,Credit Card,Fair,None,Severe (Stage 4+),Low / Inactive,8.5,210.85
2026-01-19,VP_14264,21,Eastern Cape,Suburban,Postpaid Contract,4G Smartphone,Mobile App / EFT,Poor / Frequent Drops,None,Severe (Stage 4+),Moderate,15.2,312.26
2026-01-09,VP_14265,66,KwaZulu-Natal,Urban,Prepaid,4G Smartphone,Debit Order,Good,Network Coverage,Minimal / No Impact,Moderate,8.1,204.79
2026-03-17,VP_14266,62,KwaZulu-Natal,Urban,Enterprise Hybrid,5G Smartphone,Voucher Top-Up,Excellent,Billing Query,Moderate (Stage 1-3),Low / Inactive,12,263.82
2026-01-06,VP_14267,67,Western Cape,Urban,Prepaid,5G Smartphone,Debit Order,Good,None,Minimal / No Impact,Moderate,9.1,219.93
2026-03-23,VP_14268,22,Gauteng,Urban,Postpaid Contract,4G Smartphone,Debit Order,Excellent,None,Moderate (Stage 1-3),High Active,17.5,347.07
2026-03-08,VP_14269,47,Western Cape,Suburban,Postpaid Contract,4G Smartphone,Mobile App / EFT,Good,None,Minimal / No Impact,High Active,23.5,437.89
2026-01-27,VP_14270,73,Western Cape,Suburban,Prepaid,LTE Router/MiFi,Debit Order,Good,None,Minimal / No Impact,Moderate,18,354.64
2026-01-19,VP_14271,41,Gauteng,Suburban,Prepaid,4G Smartphone,Debit Order,Fair,None,Moderate (Stage 1-3),Moderate,24.3,450
2026-03-29,VP_14272,20,Gauteng,Urban,Enterprise Hybrid,4G Smartphone,Credit Card,Good,None,Minimal / No Impact,High Active,7,188.14
2026-02-13,VP_14273,28,Gauteng,Urban,Prepaid,4G Smartphone,Mobile App / EFT,Good,None,Minimal / No Impact,Low / Inactive,8.1,204.79
2026-04-07,VP_14274,62,Limpopo,Urban,Postpaid Contract,4G Smartphone,Mobile App / EFT,Poor / Frequent Drops,None,Minimal / No Impact,Moderate,6.1,174.52
2026-02-11,VP_14275,21,Western Cape,Urban,Enterprise Hybrid,4G Smartphone,Mobile App / EFT,Poor / Frequent Drops,None,Minimal / No Impact,Moderate,20.4,390.97
2026-01-20,VP_14276,43,Gauteng,Suburban,Prepaid,5G Smartphone,Voucher Top-Up,Good,None,Moderate (Stage 1-3),High Active,38.4,663.43
2026-05-21,VP_14277,44,KwaZulu-Natal,Suburban,Postpaid Contract,LTE Router/MiFi,Debit Order,Good,None,Minimal / No Impact,High Active,6.6,182.09
2026-01-24,VP_14278,63,Western Cape,Urban,Enterprise Hybrid,4G Smartphone,Voucher Top-Up,Good,Billing Query,Moderate (Stage 1-3),High Active,23.9,443.95
2026-03-28,VP_14279,71,Eastern Cape,Urban,Postpaid Contract,4G Smartphone,Voucher Top-Up,Excellent,None,Moderate (Stage 1-3),Moderate,21.4,406.11
2026-06-02,VP_14280,60,Gauteng,Rural,Prepaid,4G Smartphone,Debit Order,Excellent,None,Severe (Stage 4+),Low / Inactive,50.7,849.61
2026-06-07,VP_14281,44,Gauteng,Suburban,Prepaid,4G Smartphone,Mobile App / EFT,Good,Network Coverage,Moderate (Stage 1-3),Moderate,36.7,637.7
2026-05-04,VP_14282,59,Limpopo,Suburban,Prepaid,5G Smartphone,Voucher Top-Up,Excellent,Network Coverage,Moderate (Stage 1-3),High Active,20.1,386.43
2026-06-30,VP_14283,68,Gauteng,Urban,Postpaid Contract,5G Smartphone,Debit Order,Good,None,Moderate (Stage 1-3),Low / Inactive,80.2,1296.14
2026-01-08,VP_14284,67,Gauteng,Urban,Postpaid Contract,4G Smartphone,Debit Order,Good,None,Minimal / No Impact,High Active,18,354.64
2026-04-21,VP_14285,23,Limpopo,Rural,Postpaid Contract,5G Smartphone,Debit Order,Good,Network Coverage,Moderate (Stage 1-3),High Active,21.5,407.62
2026-06-17,VP_14286,32,Western Cape,Suburban,Prepaid,4G Smartphone,Mobile App / EFT,Excellent,SIM Swap / Technical,Moderate (Stage 1-3),Low / Inactive,40.4,693.7
2026-02-12,VP_14287,70,Gauteng,Urban,Prepaid,5G Smartphone,Voucher Top-Up,Excellent,None,Severe (Stage 4+),High Active,19.4,375.83
2026-06-05,VP_14288,47,Gauteng,Suburban,Postpaid Contract,5G Smartphone,Voucher Top-Up,Excellent,None,Severe (Stage 4+),Moderate,21.2,403.08
2026-04-22,VP_14289,59,Gauteng,Suburban,Postpaid Contract,5G Smartphone,Voucher Top-Up,Excellent,Network Coverage,Moderate (Stage 1-3),High Active,11.3,253.23
2026-02-10,VP_14290,54,Gauteng,Urban,Enterprise Hybrid,4G Smartphone,Voucher Top-Up,Poor / Frequent Drops,None,Moderate (Stage 1-3),High Active,14.5,301.67
2026-01-14,VP_14291,54,Limpopo,Urban,Postpaid Contract,4G Smartphone,Mobile App / EFT,Excellent,Network Coverage,Severe (Stage 4+),Moderate,69.7,1137.2
2026-01-26,VP_14292,59,KwaZulu-Natal,Urban,Postpaid Contract,5G Smartphone,Voucher Top-Up,Excellent,None,Severe (Stage 4+),High Active,18.8,366.75
2026-03-26,VP_14293,54,Western Cape,Urban,Postpaid Contract,5G Smartphone,Credit Card,Excellent,Network Coverage,Moderate (Stage 1-3),High Active,18.2,357.67
2026-02-22,VP_14294,52,Limpopo,Suburban,Postpaid Contract,LTE Router/MiFi,Credit Card,Good,None,Moderate (Stage 1-3),Moderate,14.5,301.67
2026-02-18,VP_14295,40,KwaZulu-Natal,Urban,Prepaid,4G Smartphone,Credit Card,Good,None,Moderate (Stage 1-3),Moderate,4.9,156.35
2026-04-15,VP_14296,23,Gauteng,Suburban,Enterprise Hybrid,4G Smartphone,Voucher Top-Up,Excellent,SIM Swap / Technical,Severe (Stage 4+),Low / Inactive,13.4,285.01
2026-06-28,VP_14297,21,KwaZulu-Natal,Rural,Postpaid Contract,LTE Router/MiFi,Credit Card,Poor / Frequent Drops,None,Moderate (Stage 1-3),Low / Inactive,2.6,121.54
2026-05-22,VP_14298,35,Limpopo,Urban,Prepaid,Legacy Feature Phone,Voucher Top-Up,Fair,None,Severe (Stage 4+),Moderate,5.6,166.95
2026-05-19,VP_14299,26,Eastern Cape,Urban,Prepaid,LTE Router/MiFi,Mobile App / EFT,Excellent,Network Coverage,Moderate (Stage 1-3),High Active,19.9,383.4
2026-03-09,VP_14300,66,Gauteng,Suburban,Prepaid,5G Smartphone,Credit Card,Good,None,Severe (Stage 4+),Moderate,38.6,666.46
2026-06-19,VP_14301,46,Western Cape,Suburban,Prepaid,Legacy Feature Phone,Credit Card,Good,None,Minimal / No Impact,Moderate,19,369.78
2026-03-14,VP_14302,30,Western Cape,Suburban,Prepaid,4G Smartphone,Mobile App / EFT,Excellent,None,Severe (Stage 4+),High Active,28.2,509.04
2026-03-18,VP_14303,64,Limpopo,Urban,Prepaid,4G Smartphone,Voucher Top-Up,Fair,None,Moderate (Stage 1-3),Moderate,8.9,216.9
2026-03-02,VP_14304,69,Gauteng,Urban,Prepaid,5G Smartphone,Debit Order,Excellent,Billing Query,Moderate (Stage 1-3),Low / Inactive,6.3,177.55
2026-01-25,VP_14305,34,KwaZulu-Natal,Suburban,Prepaid,Legacy Feature Phone,Debit Order,Good,Network Coverage,Severe (Stage 4+),Moderate,6.9,186.63
2026-01-13,VP_14306,62,Eastern Cape,Rural,Postpaid Contract,4G Smartphone,Mobile App / EFT,Good,None,Severe (Stage 4+),Moderate,11.6,257.77
2026-04-11,VP_14307,49,KwaZulu-Natal,Urban,Prepaid,4G Smartphone,Debit Order,Good,None,Moderate (Stage 1-3),High Active,5.5,165.44
2026-05-27,VP_14308,65,KwaZulu-Natal,Rural,Prepaid,5G Smartphone,Voucher Top-Up,Fair,None,Minimal / No Impact,Low / Inactive,8.7,213.87
2026-05-21,VP_14309,39,Gauteng,Urban,Prepaid,5G Smartphone,Voucher Top-Up,Excellent,Network Coverage,Severe (Stage 4+),High Active,13.9,292.58
2026-05-06,VP_14310,21,Gauteng,Rural,Prepaid,Legacy Feature Phone,Voucher Top-Up,Excellent,Billing Query,Moderate (Stage 1-3),Low / Inactive,13.7,289.56
2026-02-09,VP_14311,22,Gauteng,Suburban,Prepaid,4G Smartphone,Credit Card,Good,Network Coverage,Moderate (Stage 1-3),High Active,10.4,239.61
2026-01-14,VP_14312,54,Limpopo,Urban,Postpaid Contract,5G Smartphone,Voucher Top-Up,Excellent,SIM Swap / Technical,Severe (Stage 4+),Low / Inactive,23.2,433.35
2026-04-03,VP_14313,58,Gauteng,Suburban,Postpaid Contract,4G Smartphone,Mobile App / EFT,Excellent,None,Severe (Stage 4+),Moderate,50.7,849.61
2026-01-01,VP_14314,66,KwaZulu-Natal,Urban,Prepaid,5G Smartphone,Voucher Top-Up,Good,None,Minimal / No Impact,Moderate,38.8,669.48
2026-04-20,VP_14315,30,Western Cape,Urban,Postpaid Contract,4G Smartphone,Mobile App / EFT,Excellent,None,Moderate (Stage 1-3),Low / Inactive,12,263.82
2026-01-23,VP_14316,51,Gauteng,Urban,Prepaid,5G Smartphone,Debit Order,Excellent,None,Severe (Stage 4+),High Active,17.1,341.02
2026-03-17,VP_14317,62,KwaZulu-Natal,Urban,Enterprise Hybrid,5G Smartphone,Debit Order,Excellent,None,Moderate (Stage 1-3),High Active,13.2,281.99
2026-06-19,VP_14318,39,Western Cape,Urban,Enterprise Hybrid,5G Smartphone,Credit Card,Excellent,Network Coverage,Severe (Stage 4+),Low / Inactive,34.7,607.42
2026-06-10,VP_14319,70,Eastern Cape,Suburban,Prepaid,5G Smartphone,Voucher Top-Up,Good,None,Moderate (Stage 1-3),Moderate,21.7,410.65
2026-06-03,VP_14320,40,Western Cape,Suburban,Postpaid Contract,5G Smartphone,Voucher Top-Up,Excellent,None,Severe (Stage 4+),Moderate,20.9,398.54
2026-05-03,VP_14321,68,Western Cape,Urban,Postpaid Contract,4G Smartphone,Voucher Top-Up,Poor / Frequent Drops,None,Minimal / No Impact,High Active,13.9,292.58
2026-02-21,VP_14322,20,Gauteng,Rural,Postpaid Contract,LTE Router/MiFi,Voucher Top-Up,Excellent,Billing Query,Moderate (Stage 1-3),Moderate,34,596.83
2026-01-25,VP_14323,59,Limpopo,Suburban,Postpaid Contract,4G Smartphone,Voucher Top-Up,Good,None,Minimal / No Impact,High Active,10.5,241.12
2026-01-07,VP_14324,51,Gauteng,Rural,Enterprise Hybrid,5G Smartphone,Debit Order,Fair,None,Moderate (Stage 1-3),Moderate,4.8,154.84
2026-02-22,VP_14325,49,Eastern Cape,Suburban,Prepaid,5G Smartphone,Voucher Top-Up,Excellent,None,Moderate (Stage 1-3),Moderate,17.9,353.13
2026-02-13,VP_14326,62,Gauteng,Urban,Postpaid Contract,4G Smartphone,Voucher Top-Up,Good,Network Coverage,Minimal / No Impact,Moderate,23.5,437.89
2026-06-13,VP_14327,68,Limpopo,Urban,Postpaid Contract,Legacy Feature Phone,Voucher Top-Up,Fair,None,Moderate (Stage 1-3),High Active,28.1,507.52
2026-03-16,VP_14328,66,Western Cape,Suburban,Postpaid Contract,5G Smartphone,Voucher Top-Up,Excellent,SIM Swap / Technical,Moderate (Stage 1-3),Moderate,20.5,392.48
2026-01-21,VP_14329,38,Eastern Cape,Urban,Postpaid Contract,5G Smartphone,Credit Card,Poor / Frequent Drops,None,Severe (Stage 4+),Moderate,19.3,374.32
2026-05-02,VP_14330,63,Gauteng,Urban,Prepaid,4G Smartphone,Voucher Top-Up,Excellent,SIM Swap / Technical,Minimal / No Impact,Moderate,9.8,230.52
2026-01-30,VP_14331,61,KwaZulu-Natal,Urban,Prepaid,4G Smartphone,Mobile App / EFT,Excellent,Network Coverage,Severe (Stage 4+),Moderate,23.4,436.38
2026-03-20,VP_14332,38,Western Cape,Urban,Prepaid,4G Smartphone,Voucher Top-Up,Fair,None,Moderate (Stage 1-3),High Active,12.3,268.36
2026-04-12,VP_14333,61,Eastern Cape,Urban,Prepaid,4G Smartphone,Voucher Top-Up,Excellent,None,Moderate (Stage 1-3),Low / Inactive,16,324.37
2026-05-01,VP_14334,28,Gauteng,Urban,Prepaid,4G Smartphone,Debit Order,Good,None,Severe (Stage 4+),Moderate,40.3,692.19
2026-05-06,VP_14335,56,Limpopo,Urban,Enterprise Hybrid,Legacy Feature Phone,Debit Order,Fair,Billing Query,Severe (Stage 4+),Moderate,25.9,474.22
2026-06-19,VP_14336,21,Limpopo,Suburban,Postpaid Contract,5G Smartphone,Voucher Top-Up,Poor / Frequent Drops,None,Minimal / No Impact,High Active,14.4,300.15
2026-03-09,VP_14337,68,Gauteng,Suburban,Postpaid Contract,Legacy Feature Phone,Voucher Top-Up,Good,None,Moderate (Stage 1-3),Moderate,7.6,197.22
2026-01-24,VP_14338,18,Eastern Cape,Urban,Prepaid,5G Smartphone,Mobile App / EFT,Poor / Frequent Drops,None,Moderate (Stage 1-3),High Active,6.2,176.03
2026-06-14,VP_14339,45,KwaZulu-Natal,Urban,Postpaid Contract,4G Smartphone,Voucher Top-Up,Good,Billing Query,Moderate (Stage 1-3),Low / Inactive,27.8,502.98
2026-05-20,VP_14340,41,KwaZulu-Natal,Urban,Postpaid Contract,4G Smartphone,Mobile App / EFT,Excellent,None,Severe (Stage 4+),Moderate,13.5,286.53
2026-04-10,VP_14341,52,Gauteng,Urban,Postpaid Contract,4G Smartphone,Credit Card,Good,None,Moderate (Stage 1-3),High Active,20.4,390.97
2026-02-17,VP_14342,30,Western Cape,Urban,Prepaid,4G Smartphone,Debit Order,Good,None,Moderate (Stage 1-3),High Active,4.7,153.33
2026-04-05,VP_14343,64,Western Cape,Urban,Prepaid,5G Smartphone,Voucher Top-Up,Good,None,Moderate (Stage 1-3),Low / Inactive,24.6,454.54
2026-04-08,VP_14344,51,KwaZulu-Natal,Suburban,Postpaid Contract,5G Smartphone,Voucher Top-Up,Good,None,Moderate (Stage 1-3),Low / Inactive,2.4,118.51
2026-04-05,VP_14345,28,Western Cape,Urban,Prepaid,4G Smartphone,Debit Order,Good,Network Coverage,Minimal / No Impact,High Active,11.6,257.77
2026-02-17,VP_14346,53,Western Cape,Urban,Enterprise Hybrid,4G Smartphone,Debit Order,Good,None,Severe (Stage 4+),Low / Inactive,23.2,433.35
2026-04-25,VP_14347,68,Western Cape,Urban,Postpaid Contract,5G Smartphone,Mobile App / EFT,Poor / Frequent Drops,None,Severe (Stage 4+),High Active,13.7,289.56
2026-01-12,VP_14348,34,Gauteng,Suburban,Enterprise Hybrid,LTE Router/MiFi,Credit Card,Good,None,Minimal / No Impact,Moderate,16.4,330.42
2026-03-09,VP_14349,52,Eastern Cape,Rural,Postpaid Contract,5G Smartphone,Mobile App / EFT,Excellent,SIM Swap / Technical,Moderate (Stage 1-3),Moderate,16.4,330.42
2026-04-23,VP_14350,35,KwaZulu-Natal,Suburban,Enterprise Hybrid,4G Smartphone,Voucher Top-Up,Fair,None,Moderate (Stage 1-3),Low / Inactive,33.6,590.77
2026-04-30,VP_14351,57,Gauteng,Suburban,Postpaid Contract,5G Smartphone,Voucher Top-Up,Excellent,SIM Swap / Technical,Moderate (Stage 1-3),Moderate,11.6,257.77
2026-03-09,VP_14352,39,Gauteng,Urban,Prepaid,4G Smartphone,Voucher Top-Up,Fair,None,Moderate (Stage 1-3),Moderate,13.9,292.58
2026-02-27,VP_14353,74,KwaZulu-Natal,Urban,Prepaid,5G Smartphone,Voucher Top-Up,Excellent,None,Severe (Stage 4+),Moderate,2.6,121.54
2026-03-10,VP_14354,41,Limpopo,Rural,Prepaid,4G Smartphone,Voucher Top-Up,Excellent,Billing Query,Moderate (Stage 1-3),Moderate,2.5,120.03
2026-05-25,VP_14355,36,KwaZulu-Natal,Urban,Prepaid,5G Smartphone,Debit Order,Excellent,None,Severe (Stage 4+),High Active,7.8,200.25
2026-01-16,VP_14356,54,Western Cape,Rural,Prepaid,5G Smartphone,Credit Card,Excellent,Billing Query,Severe (Stage 4+),Moderate,3,127.59
2026-02-08,VP_14357,56,Gauteng,Suburban,Prepaid,4G Smartphone,Mobile App / EFT,Good,Network Coverage,Severe (Stage 4+),Moderate,48.7,819.34
2026-06-28,VP_14358,38,KwaZulu-Natal,Suburban,Postpaid Contract,4G Smartphone,Voucher Top-Up,Excellent,None,Moderate (Stage 1-3),Moderate,30,536.28
2026-06-20,VP_14359,25,Limpopo,Urban,Prepaid,5G Smartphone,Credit Card,Fair,Billing Query,Severe (Stage 4+),Moderate,60.5,997.95
2026-01-25,VP_14360,45,Eastern Cape,Suburban,Prepaid,5G Smartphone,Debit Order,Good,None,Minimal / No Impact,Moderate,22.7,425.79
2026-01-22,VP_14361,22,Gauteng,Urban,Postpaid Contract,LTE Router/MiFi,Debit Order,Excellent,Network Coverage,Moderate (Stage 1-3),Moderate,8.5,210.85
2026-06-21,VP_14362,34,KwaZulu-Natal,Urban,Postpaid Contract,5G Smartphone,Mobile App / EFT,Good,None,Severe (Stage 4+),Moderate,14.7,304.69
2026-03-30,VP_14363,54,Gauteng,Urban,Enterprise Hybrid,LTE Router/MiFi,Credit Card,Good,None,Moderate (Stage 1-3),Low / Inactive,16.1,325.88
2026-05-19,VP_14364,53,KwaZulu-Natal,Rural,Postpaid Contract,4G Smartphone,Voucher Top-Up,Fair,None,Minimal / No Impact,Low / Inactive,32.5,574.12
2026-04-16,VP_14365,71,Eastern Cape,Urban,Prepaid,5G Smartphone,Debit Order,Good,SIM Swap / Technical,Moderate (Stage 1-3),Low / Inactive,19.5,377.35
2026-05-31,VP_14366,36,Eastern Cape,Urban,Prepaid,4G Smartphone,Mobile App / EFT,Excellent,None,Severe (Stage 4+),High Active,8.7,213.87
2026-02-28,VP_14367,44,Gauteng,Urban,Prepaid,LTE Router/MiFi,Debit Order,Good,None,Severe (Stage 4+),High Active,13.9,292.58
2026-05-22,VP_14368,70,Limpopo,Suburban,Prepaid,5G Smartphone,Voucher Top-Up,Excellent,None,Minimal / No Impact,Low / Inactive,16.5,331.94
2026-01-16,VP_14369,51,Western Cape,Suburban,Prepaid,4G Smartphone,Debit Order,Good,Billing Query,Severe (Stage 4+),High Active,11.3,253.23
2026-04-10,VP_14370,28,KwaZulu-Natal,Suburban,Enterprise Hybrid,4G Smartphone,Credit Card,Poor / Frequent Drops,None,Severe (Stage 4+),Low / Inactive,11.2,251.71
2026-05-14,VP_14371,71,KwaZulu-Natal,Urban,Prepaid,LTE Router/MiFi,Voucher Top-Up,Excellent,None,Moderate (Stage 1-3),Low / Inactive,18.9,368.27
2026-04-18,VP_14372,62,Western Cape,Urban,Prepaid,4G Smartphone,Mobile App / EFT,Good,None,Severe (Stage 4+),Moderate,8.8,215.39
2026-05-18,VP_14373,64,KwaZulu-Natal,Suburban,Prepaid,5G Smartphone,Debit Order,Excellent,None,Minimal / No Impact,Moderate,8.1,204.79
2026-06-25,VP_14374,29,KwaZulu-Natal,Urban,Postpaid Contract,5G Smartphone,Voucher Top-Up,Excellent,None,Minimal / No Impact,Moderate,18.8,366.75
2026-05-02,VP_14375,71,KwaZulu-Natal,Rural,Prepaid,5G Smartphone,Credit Card,Good,None,Moderate (Stage 1-3),Moderate,10.4,239.61
2026-05-27,VP_14376,38,Gauteng,Suburban,Prepaid,5G Smartphone,Debit Order,Good,None,Minimal / No Impact,Low / Inactive,25.7,471.19
2026-03-02,VP_14377,71,Eastern Cape,Urban,Prepaid,5G Smartphone,Voucher Top-Up,Good,None,Moderate (Stage 1-3),High Active,15.2,312.26
2026-05-02,VP_14378,28,KwaZulu-Natal,Urban,Prepaid,4G Smartphone,Voucher Top-Up,Excellent,None,Moderate (Stage 1-3),Low / Inactive,20.3,389.46
2026-03-18,VP_14379,56,Gauteng,Suburban,Prepaid,5G Smartphone,Mobile App / EFT,Fair,None,Moderate (Stage 1-3),Moderate,27.9,504.5
2026-01-21,VP_14380,45,Eastern Cape,Urban,Prepaid,5G Smartphone,Debit Order,Excellent,Billing Query,Severe (Stage 4+),High Active,10.3,238.09
2026-04-12,VP_14381,22,Limpopo,Urban,Prepaid,4G Smartphone,Voucher Top-Up,Excellent,None,Minimal / No Impact,Moderate,29.4,527.2
2026-01-09,VP_14382,34,Limpopo,Suburban,Postpaid Contract,5G Smartphone,Voucher Top-Up,Fair,None,Minimal / No Impact,Moderate,43,733.06
2026-05-09,VP_14383,73,KwaZulu-Natal,Urban,Prepaid,5G Smartphone,Voucher Top-Up,Poor / Frequent Drops,None,Minimal / No Impact,High Active,36.8,639.21
2026-05-27,VP_14384,37,Gauteng,Suburban,Postpaid Contract,5G Smartphone,Debit Order,Good,None,Moderate (Stage 1-3),High Active,13.6,288.04
2026-05-13,VP_14385,58,KwaZulu-Natal,Urban,Prepaid,5G Smartphone,Voucher Top-Up,Fair,Network Coverage,Moderate (Stage 1-3),High Active,17.8,351.62
2026-05-27,VP_14386,63,Gauteng,Suburban,Prepaid,4G Smartphone,Voucher Top-Up,Excellent,None,Severe (Stage 4+),Low / Inactive,31,551.42
2026-06-23,VP_14387,29,Limpopo,Urban,Prepaid,4G Smartphone,Debit Order,Excellent,None,Severe (Stage 4+),High Active,14.7,304.69
2026-06-08,VP_14388,23,Gauteng,Urban,Prepaid,5G Smartphone,Voucher Top-Up,Fair,Network Coverage,Severe (Stage 4+),Moderate,33.1,583.21
2026-02-07,VP_14389,34,Gauteng,Rural,Prepaid,5G Smartphone,Credit Card,Poor / Frequent Drops,Billing Query,Severe (Stage 4+),High Active,47.7,804.2
2026-01-31,VP_14390,68,KwaZulu-Natal,Suburban,Prepaid,5G Smartphone,Debit Order,Excellent,Billing Query,Moderate (Stage 1-3),Moderate,7.9,201.76
2026-04-25,VP_14391,36,KwaZulu-Natal,Urban,Postpaid Contract,4G Smartphone,Voucher Top-Up,Excellent,Billing Query,Moderate (Stage 1-3),Moderate,1.1,98.83
2026-02-14,VP_14392,43,Eastern Cape,Urban,Postpaid Contract,4G Smartphone,Voucher Top-Up,Excellent,None,Moderate (Stage 1-3),Low / Inactive,10.3,238.09
2026-02-12,VP_14393,65,KwaZulu-Natal,Suburban,Postpaid Contract,4G Smartphone,Debit Order,Excellent,SIM Swap / Technical,Moderate (Stage 1-3),Moderate,23.2,433.35
2026-02-24,VP_14394,61,Gauteng,Urban,Prepaid,5G Smartphone,Debit Order,Fair,Network Coverage,Moderate (Stage 1-3),Moderate,8.4,209.33
2026-02-19,VP_14395,61,Gauteng,Rural,Postpaid Contract,5G Smartphone,Voucher Top-Up,Good,None,Moderate (Stage 1-3),Moderate,14.8,306.21
2026-02-02,VP_14396,69,KwaZulu-Natal,Rural,Prepaid,4G Smartphone,Mobile App / EFT,Good,Network Coverage,Minimal / No Impact,Moderate,11.8,260.8
2026-01-11,VP_14397,49,Gauteng,Suburban,Postpaid Contract,LTE Router/MiFi,Debit Order,Good,None,Moderate (Stage 1-3),High Active,5.9,171.49
2026-04-19,VP_14398,23,Western Cape,Urban,Prepaid,LTE Router/MiFi,Mobile App / EFT,Fair,Billing Query,Severe (Stage 4+),Moderate,8.2,206.3
2026-01-21,VP_14399,72,KwaZulu-Natal,Urban,Prepaid,5G Smartphone,Voucher Top-Up,Excellent,None,Moderate (Stage 1-3),High Active,24.2,448.49
2026-06-24,VP_14400,53,Western Cape,Suburban,Postpaid Contract,4G Smartphone,Debit Order,Good,None,Moderate (Stage 1-3),Low / Inactive,84.6,1362.74
2026-04-22,VP_14401,55,Limpopo,Urban,Postpaid Contract,4G Smartphone,Voucher Top-Up,Poor / Frequent Drops,None,Moderate (Stage 1-3),Moderate,21.3,404.59
2026-02-21,VP_14402,28,Limpopo,Urban,Prepaid,LTE Router/MiFi,Credit Card,Excellent,None,Minimal / No Impact,Moderate,13.2,281.99
2026-06-10,VP_14403,50,Limpopo,Urban,Prepaid,5G Smartphone,Debit Order,Fair,None,Severe (Stage 4+),Moderate,43,733.06
2026-02-07,VP_14404,41,Gauteng,Urban,Prepaid,4G Smartphone,Voucher Top-Up,Good,None,Severe (Stage 4+),Low / Inactive,0.4,88.24
2026-06-02,VP_14405,40,Gauteng,Urban,Enterprise Hybrid,5G Smartphone,Voucher Top-Up,Excellent,Billing Query,Severe (Stage 4+),Moderate,15.7,319.83
2026-03-08,VP_14406,32,Gauteng,Urban,Prepaid,4G Smartphone,Debit Order,Excellent,Network Coverage,Moderate (Stage 1-3),Moderate,11.6,257.77
2026-03-23,VP_14407,44,Limpopo,Suburban,Enterprise Hybrid,5G Smartphone,Debit Order,Good,None,Moderate (Stage 1-3),High Active,11.6,257.77
2026-01-18,VP_14408,28,Limpopo,Urban,Prepaid,4G Smartphone,Debit Order,Good,Network Coverage,Severe (Stage 4+),High Active,17.2,342.53
2026-01-23,VP_14409,74,Eastern Cape,Urban,Prepaid,LTE Router/MiFi,Debit Order,Good,None,Severe (Stage 4+),High Active,12,263.82
2026-04-10,VP_14410,68,Gauteng,Urban,Postpaid Contract,5G Smartphone,Debit Order,Excellent,Network Coverage,Moderate (Stage 1-3),High Active,38.7,667.97
2026-05-23,VP_14411,67,Limpopo,Suburban,Prepaid,4G Smartphone,Mobile App / EFT,Good,None,Minimal / No Impact,Low / Inactive,15.2,312.26
2026-04-12,VP_14412,34,KwaZulu-Natal,Urban,Prepaid,5G Smartphone,Credit Card,Excellent,Network Coverage,Moderate (Stage 1-3),Low / Inactive,29.6,530.23
2026-05-22,VP_14413,68,Gauteng,Suburban,Prepaid,4G Smartphone,Debit Order,Excellent,Billing Query,Severe (Stage 4+),High Active,24.7,456.06
2026-03-25,VP_14414,70,KwaZulu-Natal,Rural,Postpaid Contract,5G Smartphone,Voucher Top-Up,Excellent,None,Moderate (Stage 1-3),High Active,39.6,681.59
2026-03-12,VP_14415,31,Gauteng,Urban,Postpaid Contract,5G Smartphone,Debit Order,Good,None,Moderate (Stage 1-3),Moderate,9.7,229.01
2026-05-14,VP_14416,44,KwaZulu-Natal,Urban,Postpaid Contract,LTE Router/MiFi,Debit Order,Excellent,SIM Swap / Technical,Moderate (Stage 1-3),Moderate,13.1,280.47
2026-04-28,VP_14417,35,Gauteng,Urban,Postpaid Contract,5G Smartphone,Debit Order,Excellent,Network Coverage,Moderate (Stage 1-3),Low / Inactive,34,596.83
2026-01-04,VP_14418,45,KwaZulu-Natal,Rural,Postpaid Contract,4G Smartphone,Voucher Top-Up,Excellent,None,Moderate (Stage 1-3),Moderate,7.9,201.76
2026-06-29,VP_14419,68,Western Cape,Suburban,Prepaid,LTE Router/MiFi,Credit Card,Excellent,None,Minimal / No Impact,Low / Inactive,18.2,357.67
2026-06-09,VP_14420,64,Eastern Cape,Rural,Prepaid,LTE Router/MiFi,Voucher Top-Up,Excellent,Billing Query,Severe (Stage 4+),High Active,19,369.78
2026-05-31,VP_14421,64,Western Cape,Urban,Postpaid Contract,4G Smartphone,Voucher Top-Up,Good,SIM Swap / Technical,Minimal / No Impact,Moderate,15.1,310.75
2026-05-14,VP_14422,21,KwaZulu-Natal,Rural,Enterprise Hybrid,5G Smartphone,Debit Order,Good,None,Minimal / No Impact,Low / Inactive,15.7,319.83
2026-04-18,VP_14423,24,Eastern Cape,Urban,Prepaid,4G Smartphone,Debit Order,Good,Network Coverage,Moderate (Stage 1-3),High Active,11.1,250.2
2026-01-29,VP_14424,62,Limpopo,Urban,Prepaid,5G Smartphone,Mobile App / EFT,Good,None,Severe (Stage 4+),Moderate,4.1,144.24
2026-04-17,VP_14425,52,Gauteng,Rural,Prepaid,LTE Router/MiFi,Debit Order,Excellent,SIM Swap / Technical,Minimal / No Impact,High Active,2.1,113.97
2026-02-08,VP_14426,65,KwaZulu-Natal,Rural,Prepaid,4G Smartphone,Credit Card,Poor / Frequent Drops,Billing Query,Moderate (Stage 1-3),Moderate,21.6,409.13
2026-02-07,VP_14427,26,Gauteng,Urban,Prepaid,4G Smartphone,Debit Order,Excellent,None,Severe (Stage 4+),High Active,32,566.56
2026-05-26,VP_14428,25,Gauteng,Urban,Postpaid Contract,5G Smartphone,Voucher Top-Up,Good,None,Moderate (Stage 1-3),Low / Inactive,3.2,130.62
2026-05-31,VP_14429,69,Western Cape,Urban,Prepaid,4G Smartphone,Credit Card,Poor / Frequent Drops,None,Moderate (Stage 1-3),Low / Inactive,24.2,448.49
2026-05-30,VP_14430,62,Eastern Cape,Urban,Postpaid Contract,4G Smartphone,Debit Order,Good,None,Severe (Stage 4+),Low / Inactive,4.1,144.24
2026-01-26,VP_14431,34,Gauteng,Urban,Postpaid Contract,LTE Router/MiFi,Voucher Top-Up,Excellent,Network Coverage,Moderate (Stage 1-3),Moderate,6.2,176.03
2026-01-28,VP_14432,34,Eastern Cape,Rural,Enterprise Hybrid,5G Smartphone,Mobile App / EFT,Excellent,Billing Query,Moderate (Stage 1-3),Low / Inactive,79.3,1282.52
2026-05-25,VP_14433,66,Eastern Cape,Suburban,Prepaid,LTE Router/MiFi,Debit Order,Excellent,None,Minimal / No Impact,Moderate,24.5,453.03
2026-01-26,VP_14434,50,Limpopo,Suburban,Prepaid,5G Smartphone,Voucher Top-Up,Good,SIM Swap / Technical,Moderate (Stage 1-3),Moderate,17.7,350.1
2026-03-15,VP_14435,49,Gauteng,Suburban,Prepaid,4G Smartphone,Debit Order,Good,None,Moderate (Stage 1-3),High Active,18.9,368.27
2026-05-18,VP_14436,25,Limpopo,Urban,Prepaid,4G Smartphone,Debit Order,Good,Network Coverage,Moderate (Stage 1-3),Moderate,7.6,197.22
2026-03-30,VP_14437,36,Gauteng,Suburban,Prepaid,5G Smartphone,Debit Order,Excellent,Network Coverage,Severe (Stage 4+),Moderate,31.8,563.53
2026-04-16,VP_14438,55,KwaZulu-Natal,Suburban,Postpaid Contract,5G Smartphone,Credit Card,Fair,Network Coverage,Moderate (Stage 1-3),High Active,27.3,495.41
2026-03-09,VP_14439,20,Gauteng,Urban,Prepaid,4G Smartphone,Debit Order,Good,None,Moderate (Stage 1-3),Moderate,17.1,341.02
2026-04-09,VP_14440,22,Gauteng,Suburban,Enterprise Hybrid,5G Smartphone,Debit Order,Excellent,None,Minimal / No Impact,Low / Inactive,21.7,410.65
2026-06-17,VP_14441,30,Western Cape,Urban,Postpaid Contract,5G Smartphone,Voucher Top-Up,Excellent,None,Moderate (Stage 1-3),Moderate,3.8,139.7
2026-05-05,VP_14442,64,KwaZulu-Natal,Suburban,Postpaid Contract,4G Smartphone,Debit Order,Good,None,Moderate (Stage 1-3),Moderate,32.7,577.15
2026-05-27,VP_14443,63,Gauteng,Rural,Postpaid Contract,4G Smartphone,Voucher Top-Up,Good,None,Severe (Stage 4+),Low / Inactive,14.1,295.61
2026-06-05,VP_14444,48,Gauteng,Urban,Prepaid,4G Smartphone,Debit Order,Excellent,Network Coverage,Minimal / No Impact,High Active,21.3,404.59
2026-05-02,VP_14445,72,Western Cape,Suburban,Postpaid Contract,5G Smartphone,Voucher Top-Up,Excellent,None,Moderate (Stage 1-3),Low / Inactive,12.1,265.34
2026-01-10,VP_14446,33,Gauteng,Urban,Prepaid,5G Smartphone,Voucher Top-Up,Fair,None,Minimal / No Impact,Low / Inactive,8.5,210.85
2026-02-14,VP_14447,67,Eastern Cape,Suburban,Postpaid Contract,4G Smartphone,Voucher Top-Up,Excellent,None,Moderate (Stage 1-3),Moderate,15.8,321.34
2026-03-12,VP_14448,49,Gauteng,Urban,Prepaid,4G Smartphone,Debit Order,Excellent,None,Severe (Stage 4+),High Active,31.2,554.45
2026-04-14,VP_14449,39,Gauteng,Urban,Prepaid,4G Smartphone,Voucher Top-Up,Fair,Billing Query,Minimal / No Impact,High Active,9.6,227.5
2026-02-06,VP_14450,46,KwaZulu-Natal,Urban,Prepaid,4G Smartphone,Mobile App / EFT,Good,None,Moderate (Stage 1-3),Moderate,10.7,244.15
2026-06-08,VP_14451,39,KwaZulu-Natal,Suburban,Prepaid,4G Smartphone,Debit Order,Good,None,Moderate (Stage 1-3),Moderate,26,475.74
2026-06-05,VP_14452,60,KwaZulu-Natal,Urban,Prepaid,5G Smartphone,Debit Order,Good,None,Severe (Stage 4+),Moderate,46,778.47
2026-06-24,VP_14453,20,Gauteng,Rural,Prepaid,LTE Router/MiFi,Debit Order,Good,None,Minimal / No Impact,Moderate,22.1,416.7
2026-06-27,VP_14454,71,Limpopo,Urban,Postpaid Contract,4G Smartphone,Voucher Top-Up,Good,None,Moderate (Stage 1-3),Moderate,3.8,139.7
2026-04-13,VP_14455,27,Western Cape,Rural,Prepaid,4G Smartphone,Credit Card,Poor / Frequent Drops,Network Coverage,Moderate (Stage 1-3),Moderate,28.2,509.04
2026-01-10,VP_14456,59,Gauteng,Suburban,Prepaid,LTE Router/MiFi,Debit Order,Excellent,Network Coverage,Minimal / No Impact,Low / Inactive,52.3,873.83
2026-04-12,VP_14457,38,KwaZulu-Natal,Urban,Prepaid,LTE Router/MiFi,Debit Order,Excellent,None,Moderate (Stage 1-3),Moderate,14.6,303.18
2026-03-26,VP_14458,33,Eastern Cape,Urban,Prepaid,4G Smartphone,Debit Order,Excellent,None,Severe (Stage 4+),Low / Inactive,41.1,704.3
2026-06-26,VP_14459,29,Gauteng,Suburban,Prepaid,5G Smartphone,Debit Order,Good,SIM Swap / Technical,Moderate (Stage 1-3),High Active,13.7,289.56
2026-03-02,VP_14460,19,Gauteng,Suburban,Postpaid Contract,Legacy Feature Phone,Voucher Top-Up,Good,None,Moderate (Stage 1-3),Moderate,17.6,348.59
2026-01-13,VP_14461,58,Eastern Cape,Suburban,Prepaid,4G Smartphone,Credit Card,Excellent,None,Minimal / No Impact,Moderate,39.1,674.03
2026-05-02,VP_14462,41,Western Cape,Urban,Prepaid,4G Smartphone,Debit Order,Excellent,None,Severe (Stage 4+),Low / Inactive,12.4,269.88
2026-03-10,VP_14463,52,Western Cape,Urban,Prepaid,4G Smartphone,Mobile App / EFT,Excellent,Billing Query,Moderate (Stage 1-3),Moderate,46.7,789.06
2026-04-06,VP_14464,73,Gauteng,Rural,Prepaid,4G Smartphone,Voucher Top-Up,Excellent,SIM Swap / Technical,Moderate (Stage 1-3),High Active,9,218.41
2026-01-06,VP_14465,47,Gauteng,Urban,Prepaid,LTE Router/MiFi,Mobile App / EFT,Poor / Frequent Drops,None,Severe (Stage 4+),Moderate,32.5,574.12
2026-03-28,VP_14466,74,Western Cape,Urban,Postpaid Contract,4G Smartphone,Voucher Top-Up,Good,None,Severe (Stage 4+),High Active,14,294.1
2026-03-19,VP_14467,47,Gauteng,Urban,Prepaid,4G Smartphone,Debit Order,Excellent,Billing Query,Moderate (Stage 1-3),High Active,33.9,595.31
2026-03-21,VP_14468,64,KwaZulu-Natal,Suburban,Prepaid,4G Smartphone,Credit Card,Excellent,SIM Swap / Technical,Moderate (Stage 1-3),Moderate,46.6,787.55
2026-03-13,VP_14469,52,KwaZulu-Natal,Suburban,Postpaid Contract,4G Smartphone,Debit Order,Excellent,Network Coverage,Moderate (Stage 1-3),Low / Inactive,19.2,372.81
2026-05-06,VP_14470,36,Gauteng,Urban,Prepaid,4G Smartphone,Voucher Top-Up,Good,Billing Query,Minimal / No Impact,High Active,9.5,225.98
2026-06-28,VP_14471,67,Limpopo,Urban,Postpaid Contract,LTE Router/MiFi,Mobile App / EFT,Good,Network Coverage,Moderate (Stage 1-3),High Active,8.6,212.36
2026-06-25,VP_14472,25,Eastern Cape,Urban,Prepaid,5G Smartphone,Debit Order,Poor / Frequent Drops,None,Moderate (Stage 1-3),Low / Inactive,8.2,206.3
2026-01-26,VP_14473,43,Western Cape,Urban,Prepaid,5G Smartphone,Voucher Top-Up,Good,None,Severe (Stage 4+),Moderate,15.8,321.34
2026-02-28,VP_14474,66,Gauteng,Urban,Postpaid Contract,4G Smartphone,Mobile App / EFT,Good,None,Severe (Stage 4+),Low / Inactive,3.6,136.68
2026-02-04,VP_14475,57,Gauteng,Rural,Prepaid,4G Smartphone,Credit Card,Fair,None,Moderate (Stage 1-3),High Active,8.7,213.87
2026-03-18,VP_14476,24,KwaZulu-Natal,Urban,Postpaid Contract,5G Smartphone,Voucher Top-Up,Good,None,Moderate (Stage 1-3),Moderate,15.2,312.26
2026-04-24,VP_14477,47,Gauteng,Urban,Prepaid,5G Smartphone,Debit Order,Excellent,Network Coverage,Moderate (Stage 1-3),High Active,36.4,633.16
2026-03-24,VP_14478,24,Limpopo,Rural,Postpaid Contract,5G Smartphone,Voucher Top-Up,Good,None,Moderate (Stage 1-3),Low / Inactive,26.5,483.3
2026-03-10,VP_14479,20,Gauteng,Urban,Postpaid Contract,4G Smartphone,Voucher Top-Up,Good,Billing Query,Moderate (Stage 1-3),Low / Inactive,57.2,948
2026-04-17,VP_14480,18,KwaZulu-Natal,Suburban,Postpaid Contract,4G Smartphone,Voucher Top-Up,Good,None,Severe (Stage 4+),Low / Inactive,9.2,221.44
2026-06-04,VP_14481,53,KwaZulu-Natal,Urban,Postpaid Contract,5G Smartphone,Mobile App / EFT,Excellent,Billing Query,Moderate (Stage 1-3),High Active,15.5,316.8
2026-06-15,VP_14482,42,Western Cape,Urban,Postpaid Contract,4G Smartphone,Debit Order,Excellent,None,Moderate (Stage 1-3),Low / Inactive,5.4,163.92
2026-01-23,VP_14483,54,Gauteng,Rural,Prepaid,5G Smartphone,Debit Order,Excellent,Billing Query,Moderate (Stage 1-3),Low / Inactive,12.2,266.85
2026-02-18,VP_14484,18,KwaZulu-Natal,Suburban,Prepaid,4G Smartphone,Voucher Top-Up,Excellent,None,Moderate (Stage 1-3),Moderate,4.8,154.84
2026-04-24,VP_14485,32,Gauteng,Urban,Prepaid,4G Smartphone,Credit Card,Poor / Frequent Drops,None,Moderate (Stage 1-3),Moderate,23.5,437.89
2026-02-24,VP_14486,54,Limpopo,Suburban,Prepaid,4G Smartphone,Voucher Top-Up,Good,None,Moderate (Stage 1-3),Low / Inactive,17.7,350.1
2026-04-15,VP_14487,30,Gauteng,Rural,Postpaid Contract,5G Smartphone,Credit Card,Good,None,Moderate (Stage 1-3),Moderate,11.4,254.74
2026-05-05,VP_14488,57,Limpopo,Urban,Prepaid,5G Smartphone,Credit Card,Good,None,Moderate (Stage 1-3),High Active,18.5,362.21
2026-05-13,VP_14489,25,Eastern Cape,Urban,Prepaid,4G Smartphone,Credit Card,Good,None,Moderate (Stage 1-3),Low / Inactive,20.3,389.46
2026-04-06,VP_14490,22,Gauteng,Rural,Postpaid Contract,5G Smartphone,Credit Card,Poor / Frequent Drops,None,Moderate (Stage 1-3),Moderate,13.7,289.56
2026-01-15,VP_14491,26,Eastern Cape,Urban,Prepaid,Legacy Feature Phone,Mobile App / EFT,Excellent,Billing Query,Severe (Stage 4+),Low / Inactive,20.8,397.03
2026-05-12,VP_14492,18,Gauteng,Suburban,Prepaid,4G Smartphone,Mobile App / EFT,Good,Billing Query,Minimal / No Impact,Moderate,27.7,501.47
2026-02-10,VP_14493,53,Limpopo,Suburban,Prepaid,4G Smartphone,Voucher Top-Up,Excellent,Network Coverage,Moderate (Stage 1-3),High Active,8.6,212.36
2026-01-17,VP_14494,52,KwaZulu-Natal,Suburban,Prepaid,4G Smartphone,Debit Order,Fair,None,Severe (Stage 4+),Moderate,42.4,723.98
2026-03-21,VP_14495,19,Gauteng,Urban,Postpaid Contract,5G Smartphone,Debit Order,Fair,None,Moderate (Stage 1-3),Moderate,17.6,348.59
2026-05-10,VP_14496,57,KwaZulu-Natal,Urban,Prepaid,4G Smartphone,Debit Order,Poor / Frequent Drops,Billing Query,Moderate (Stage 1-3),High Active,5.7,168.46
2026-04-14,VP_14497,40,Gauteng,Suburban,Prepaid,Legacy Feature Phone,Debit Order,Excellent,None,Moderate (Stage 1-3),Moderate,42.4,723.98
2026-02-04,VP_14498,26,Limpopo,Urban,Postpaid Contract,5G Smartphone,Debit Order,Excellent,None,Moderate (Stage 1-3),High Active,4.3,147.27
2026-05-15,VP_14499,51,Gauteng,Urban,Prepaid,4G Smartphone,Credit Card,Excellent,Billing Query,Severe (Stage 4+),Moderate,20.9,398.54
2026-05-26,VP_14500,63,Western Cape,Urban,Postpaid Contract,4G Smartphone,Voucher Top-Up,Good,None,Moderate (Stage 1-3),Low / Inactive,8.3,207.82
2026-01-08,VP_14501,31,KwaZulu-Natal,Urban,Postpaid Contract,4G Smartphone,Debit Order,Good,None,Severe (Stage 4+),Moderate,6.7,183.6
2026-02-14,VP_14502,21,Limpopo,Rural,Prepaid,5G Smartphone,Mobile App / EFT,Excellent,Billing Query,Moderate (Stage 1-3),Moderate,13.9,292.58
2026-02-19,VP_14503,47,Gauteng,Urban,Prepaid,4G Smartphone,Voucher Top-Up,Good,Billing Query,Moderate (Stage 1-3),Moderate,12.1,265.34
2026-02-21,VP_14504,48,KwaZulu-Natal,Rural,Prepaid,Legacy Feature Phone,Debit Order,Excellent,Billing Query,Moderate (Stage 1-3),Moderate,41.2,705.81
2026-01-15,VP_14505,55,KwaZulu-Natal,Urban,Postpaid Contract,5G Smartphone,Mobile App / EFT,Fair,None,Moderate (Stage 1-3),Moderate,34.7,607.42
2026-03-05,VP_14506,28,Western Cape,Suburban,Prepaid,4G Smartphone,Debit Order,Excellent,Network Coverage,Moderate (Stage 1-3),Low / Inactive,4.6,151.81
2026-01-09,VP_14507,52,Gauteng,Urban,Prepaid,4G Smartphone,Voucher Top-Up,Excellent,Billing Query,Moderate (Stage 1-3),Low / Inactive,38.2,660.4
2026-04-27,VP_14508,25,Gauteng,Suburban,Postpaid Contract,4G Smartphone,Debit Order,Good,Network Coverage,Severe (Stage 4+),Moderate,3,127.59
2026-01-13,VP_14509,20,Gauteng,Suburban,Prepaid,4G Smartphone,Voucher Top-Up,Good,Billing Query,Severe (Stage 4+),Low / Inactive,45.2,766.36
2026-04-03,VP_14510,31,Western Cape,Urban,Prepaid,4G Smartphone,Mobile App / EFT,Excellent,None,Severe (Stage 4+),Low / Inactive,28.7,516.6
2026-06-30,VP_14511,30,Gauteng,Rural,Postpaid Contract,5G Smartphone,Debit Order,Fair,None,Moderate (Stage 1-3),High Active,20.6,394
2026-02-20,VP_14512,62,Western Cape,Urban,Prepaid,LTE Router/MiFi,Credit Card,Good,Billing Query,Minimal / No Impact,Moderate,27.5,498.44
2026-03-12,VP_14513,49,Gauteng,Suburban,Postpaid Contract,4G Smartphone,Debit Order,Fair,Billing Query,Moderate (Stage 1-3),Low / Inactive,1.4,103.38
2026-04-05,VP_14514,51,Eastern Cape,Rural,Postpaid Contract,5G Smartphone,Voucher Top-Up,Fair,None,Moderate (Stage 1-3),Low / Inactive,12.6,272.91
2026-04-29,VP_14515,62,Limpopo,Rural,Prepaid,4G Smartphone,Credit Card,Good,Billing Query,Moderate (Stage 1-3),Moderate,15.7,319.83
2026-05-10,VP_14516,36,KwaZulu-Natal,Rural,Enterprise Hybrid,4G Smartphone,Credit Card,Poor / Frequent Drops,None,Moderate (Stage 1-3),Moderate,35.6,621.05
2026-04-12,VP_14517,55,KwaZulu-Natal,Urban,Prepaid,Legacy Feature Phone,Debit Order,Fair,None,Moderate (Stage 1-3),Moderate,31.7,562.01
2026-06-12,VP_14518,33,Gauteng,Urban,Enterprise Hybrid,Legacy Feature Phone,Debit Order,Poor / Frequent Drops,None,Severe (Stage 4+),High Active,19.7,380.38
2026-02-01,VP_14519,19,Gauteng,Urban,Prepaid,LTE Router/MiFi,Voucher Top-Up,Fair,None,Minimal / No Impact,Low / Inactive,5.1,159.38
2026-06-24,VP_14520,57,Gauteng,Urban,Prepaid,5G Smartphone,Debit Order,Fair,None,Severe (Stage 4+),Low / Inactive,20,384.92
2026-01-08,VP_14521,34,Western Cape,Suburban,Prepaid,LTE Router/MiFi,Voucher Top-Up,Good,Billing Query,Moderate (Stage 1-3),Moderate,18.8,366.75
2026-03-03,VP_14522,72,KwaZulu-Natal,Urban,Prepaid,LTE Router/MiFi,Mobile App / EFT,Excellent,None,Moderate (Stage 1-3),High Active,31.9,565.04
2026-04-06,VP_14523,51,Limpopo,Suburban,Postpaid Contract,5G Smartphone,Voucher Top-Up,Poor / Frequent Drops,None,Minimal / No Impact,Low / Inactive,15.4,315.29
2026-05-06,VP_14524,59,KwaZulu-Natal,Urban,Postpaid Contract,5G Smartphone,Debit Order,Good,SIM Swap / Technical,Minimal / No Impact,Moderate,32.4,572.61
2026-06-02,VP_14525,33,Western Cape,Urban,Postpaid Contract,4G Smartphone,Voucher Top-Up,Excellent,None,Minimal / No Impact,High Active,16.6,333.45
2026-04-25,VP_14526,55,KwaZulu-Natal,Suburban,Prepaid,4G Smartphone,Credit Card,Excellent,Billing Query,Moderate (Stage 1-3),High Active,13.9,292.58
2026-02-15,VP_14527,19,KwaZulu-Natal,Urban,Prepaid,5G Smartphone,Voucher Top-Up,Good,SIM Swap / Technical,Moderate (Stage 1-3),High Active,17.5,347.07
2026-05-02,VP_14528,19,Gauteng,Suburban,Postpaid Contract,5G Smartphone,Voucher Top-Up,Good,None,Severe (Stage 4+),Moderate,8.7,213.87
2026-05-31,VP_14529,43,KwaZulu-Natal,Urban,Prepaid,5G Smartphone,Debit Order,Excellent,Billing Query,Moderate (Stage 1-3),High Active,12.5,271.39
2026-05-22,VP_14530,30,KwaZulu-Natal,Suburban,Postpaid Contract,4G Smartphone,Debit Order,Excellent,SIM Swap / Technical,Minimal / No Impact,High Active,27.2,493.9
2026-03-31,VP_14531,73,Western Cape,Urban,Postpaid Contract,5G Smartphone,Debit Order,Good,Network Coverage,Moderate (Stage 1-3),Low / Inactive,16.3,328.91
2026-03-30,VP_14532,64,Limpopo,Urban,Prepaid,4G Smartphone,Voucher Top-Up,Excellent,None,Severe (Stage 4+),Low / Inactive,14.1,295.61
2026-02-11,VP_14533,48,Gauteng,Suburban,Postpaid Contract,5G Smartphone,Debit Order,Good,None,Severe (Stage 4+),High Active,2.8,124.57
2026-03-08,VP_14534,51,Gauteng,Rural,Postpaid Contract,LTE Router/MiFi,Voucher Top-Up,Fair,None,Moderate (Stage 1-3),High Active,12,263.82
2026-06-26,VP_14535,56,KwaZulu-Natal,Urban,Postpaid Contract,LTE Router/MiFi,Voucher Top-Up,Fair,Network Coverage,Severe (Stage 4+),Moderate,20.1,386.43
2026-01-24,VP_14536,20,KwaZulu-Natal,Urban,Prepaid,LTE Router/MiFi,Voucher Top-Up,Excellent,Network Coverage,Moderate (Stage 1-3),High Active,14.7,304.69
2026-03-14,VP_14537,25,Gauteng,Urban,Prepaid,4G Smartphone,Debit Order,Excellent,Network Coverage,Moderate (Stage 1-3),High Active,34.2,599.86
2026-01-08,VP_14538,40,Eastern Cape,Urban,Prepaid,5G Smartphone,Mobile App / EFT,Good,None,Moderate (Stage 1-3),Moderate,25.5,468.17
2026-04-09,VP_14539,31,Limpopo,Suburban,Prepaid,4G Smartphone,Voucher Top-Up,Good,None,Severe (Stage 4+),Low / Inactive,45.2,766.36
2026-01-13,VP_14540,73,Limpopo,Suburban,Prepaid,5G Smartphone,Debit Order,Excellent,None,Minimal / No Impact,Low / Inactive,18.1,356.16
2026-02-11,VP_14541,72,Gauteng,Urban,Postpaid Contract,Legacy Feature Phone,Debit Order,Excellent,None,Moderate (Stage 1-3),Low / Inactive,6.8,185.11
2026-05-27,VP_14542,44,Eastern Cape,Urban,Postpaid Contract,5G Smartphone,Voucher Top-Up,Fair,Billing Query,Moderate (Stage 1-3),Moderate,23.6,439.41
2026-02-24,VP_14543,71,Western Cape,Suburban,Prepaid,4G Smartphone,Voucher Top-Up,Poor / Frequent Drops,None,Moderate (Stage 1-3),Moderate,6.6,182.09
2026-02-26,VP_14544,46,KwaZulu-Natal,Urban,Prepaid,4G Smartphone,Debit Order,Good,None,Moderate (Stage 1-3),Moderate,12.3,268.36
2026-06-15,VP_14545,56,KwaZulu-Natal,Suburban,Enterprise Hybrid,LTE Router/MiFi,Debit Order,Excellent,Network Coverage,Minimal / No Impact,Moderate,35.1,613.48
2026-02-27,VP_14546,70,Eastern Cape,Urban,Prepaid,4G Smartphone,Debit Order,Excellent,None,Minimal / No Impact,Moderate,10,233.55
2026-06-23,VP_14547,56,KwaZulu-Natal,Suburban,Postpaid Contract,4G Smartphone,Credit Card,Excellent,SIM Swap / Technical,Severe (Stage 4+),Moderate,7.5,195.71
2026-02-22,VP_14548,18,KwaZulu-Natal,Urban,Enterprise Hybrid,4G Smartphone,Voucher Top-Up,Excellent,None,Severe (Stage 4+),High Active,26.3,480.28
2026-03-10,VP_14549,34,KwaZulu-Natal,Suburban,Postpaid Contract,4G Smartphone,Voucher Top-Up,Good,SIM Swap / Technical,Moderate (Stage 1-3),High Active,35.5,619.53
2026-06-16,VP_14550,58,Western Cape,Urban,Enterprise Hybrid,5G Smartphone,Credit Card,Good,None,Severe (Stage 4+),Low / Inactive,11.7,259.28
2026-04-15,VP_14551,47,Gauteng,Urban,Postpaid Contract,LTE Router/MiFi,Voucher Top-Up,Excellent,None,Minimal / No Impact,Moderate,8.8,215.39
2026-05-12,VP_14552,70,Limpopo,Suburban,Prepaid,4G Smartphone,Voucher Top-Up,Fair,Billing Query,Moderate (Stage 1-3),High Active,13.2,281.99
2026-01-06,VP_14553,30,Western Cape,Urban,Prepaid,5G Smartphone,Debit Order,Good,Network Coverage,Moderate (Stage 1-3),Moderate,15,309.23
2026-06-24,VP_14554,38,Western Cape,Urban,Prepaid,LTE Router/MiFi,Voucher Top-Up,Good,None,Moderate (Stage 1-3),High Active,22.9,428.81
2026-01-03,VP_14555,36,Gauteng,Urban,Prepaid,4G Smartphone,Debit Order,Poor / Frequent Drops,Billing Query,Moderate (Stage 1-3),High Active,6.1,174.52
2026-05-02,VP_14556,70,Western Cape,Urban,Postpaid Contract,LTE Router/MiFi,Voucher Top-Up,Good,SIM Swap / Technical,Severe (Stage 4+),High Active,5.2,160.89
2026-02-03,VP_14557,36,Gauteng,Rural,Prepaid,LTE Router/MiFi,Debit Order,Poor / Frequent Drops,None,Minimal / No Impact,Moderate,49.6,832.96
2026-06-15,VP_14558,74,Gauteng,Suburban,Postpaid Contract,4G Smartphone,Debit Order,Excellent,Network Coverage,Severe (Stage 4+),High Active,22.3,419.73
2026-02-14,VP_14559,42,KwaZulu-Natal,Urban,Prepaid,5G Smartphone,Debit Order,Excellent,None,Minimal / No Impact,Moderate,29.5,528.71
2026-06-03,VP_14560,39,KwaZulu-Natal,Suburban,Prepaid,5G Smartphone,Voucher Top-Up,Good,None,Severe (Stage 4+),High Active,33.6,590.77
2026-01-03,VP_14561,48,Western Cape,Urban,Enterprise Hybrid,LTE Router/MiFi,Mobile App / EFT,Good,None,Moderate (Stage 1-3),High Active,27.9,504.5
2026-02-27,VP_14562,34,Gauteng,Rural,Prepaid,LTE Router/MiFi,Voucher Top-Up,Excellent,None,Severe (Stage 4+),Low / Inactive,8.7,213.87
2026-03-06,VP_14563,72,KwaZulu-Natal,Urban,Postpaid Contract,4G Smartphone,Mobile App / EFT,Good,None,Moderate (Stage 1-3),Low / Inactive,21.8,412.16
2026-06-05,VP_14564,40,Gauteng,Suburban,Postpaid Contract,4G Smartphone,Voucher Top-Up,Excellent,None,Moderate (Stage 1-3),Moderate,12.5,271.39
2026-03-20,VP_14565,49,Limpopo,Urban,Prepaid,5G Smartphone,Voucher Top-Up,Good,None,Severe (Stage 4+),High Active,1.8,109.43
2026-06-14,VP_14566,27,KwaZulu-Natal,Urban,Prepaid,Legacy Feature Phone,Debit Order,Good,None,Moderate (Stage 1-3),High Active,4.1,144.24
2026-03-12,VP_14567,27,Western Cape,Urban,Prepaid,5G Smartphone,Credit Card,Good,None,Moderate (Stage 1-3),Low / Inactive,16.7,334.97
2026-04-19,VP_14568,53,Gauteng,Urban,Postpaid Contract,5G Smartphone,Debit Order,Good,None,Moderate (Stage 1-3),High Active,36.8,639.21
2026-04-07,VP_14569,25,Gauteng,Suburban,Postpaid Contract,4G Smartphone,Voucher Top-Up,Poor / Frequent Drops,None,Moderate (Stage 1-3),Low / Inactive,10.9,247.17
2026-03-31,VP_14570,71,Limpopo,Urban,Prepaid,5G Smartphone,Voucher Top-Up,Excellent,SIM Swap / Technical,Moderate (Stage 1-3),Moderate,8.8,215.39
2026-04-28,VP_14571,69,Gauteng,Rural,Postpaid Contract,LTE Router/MiFi,Voucher Top-Up,Poor / Frequent Drops,None,Severe (Stage 4+),Moderate,7.3,192.68
2026-03-06,VP_14572,37,KwaZulu-Natal,Urban,Prepaid,5G Smartphone,Debit Order,Excellent,None,Severe (Stage 4+),Moderate,16.6,333.45
2026-02-25,VP_14573,49,Western Cape,Suburban,Postpaid Contract,5G Smartphone,Voucher Top-Up,Good,None,Moderate (Stage 1-3),Moderate,20.2,387.94
2026-04-30,VP_14574,67,Gauteng,Rural,Postpaid Contract,4G Smartphone,Mobile App / EFT,Good,Billing Query,Minimal / No Impact,High Active,9.5,225.98
2026-03-19,VP_14575,31,Eastern Cape,Suburban,Postpaid Contract,4G Smartphone,Mobile App / EFT,Fair,None,Minimal / No Impact,Moderate,25.8,472.71
2026-06-23,VP_14576,67,KwaZulu-Natal,Rural,Postpaid Contract,5G Smartphone,Credit Card,Fair,None,Moderate (Stage 1-3),Low / Inactive,29,521.15
2026-05-14,VP_14577,45,Gauteng,Suburban,Prepaid,4G Smartphone,Debit Order,Fair,Network Coverage,Minimal / No Impact,High Active,15.1,310.75
2026-06-09,VP_14578,63,Gauteng,Urban,Enterprise Hybrid,4G Smartphone,Voucher Top-Up,Excellent,None,Minimal / No Impact,Moderate,30.1,537.8
2026-04-12,VP_14579,69,Gauteng,Suburban,Prepaid,LTE Router/MiFi,Debit Order,Fair,None,Severe (Stage 4+),Moderate,10.1,235.06
2026-05-30,VP_14580,70,Limpopo,Urban,Postpaid Contract,5G Smartphone,Credit Card,Excellent,SIM Swap / Technical,Severe (Stage 4+),Moderate,12.6,272.91
2026-01-27,VP_14581,41,Western Cape,Urban,Prepaid,Legacy Feature Phone,Debit Order,Excellent,None,Moderate (Stage 1-3),High Active,36.8,639.21
2026-01-02,VP_14582,32,Gauteng,Urban,Enterprise Hybrid,4G Smartphone,Voucher Top-Up,Excellent,None,Severe (Stage 4+),Low / Inactive,18.6,363.73
2026-05-11,VP_14583,39,Gauteng,Suburban,Postpaid Contract,5G Smartphone,Credit Card,Good,None,Moderate (Stage 1-3),Moderate,20.5,392.48
2026-06-19,VP_14584,47,Western Cape,Urban,Postpaid Contract,5G Smartphone,Voucher Top-Up,Good,None,Moderate (Stage 1-3),Low / Inactive,4.9,156.35
2026-04-06,VP_14585,21,Western Cape,Urban,Prepaid,4G Smartphone,Voucher Top-Up,Excellent,None,Moderate (Stage 1-3),Low / Inactive,28.6,515.09
2026-05-24,VP_14586,30,KwaZulu-Natal,Urban,Postpaid Contract,5G Smartphone,Debit Order,Excellent,None,Severe (Stage 4+),High Active,28.6,515.09
2026-06-15,VP_14587,40,KwaZulu-Natal,Rural,Postpaid Contract,5G Smartphone,Voucher Top-Up,Good,None,Moderate (Stage 1-3),High Active,25.8,472.71
2026-06-02,VP_14588,25,Gauteng,Urban,Postpaid Contract,5G Smartphone,Credit Card,Poor / Frequent Drops,None,Moderate (Stage 1-3),Low / Inactive,3.1,129.11
2026-06-05,VP_14589,35,Western Cape,Urban,Prepaid,4G Smartphone,Voucher Top-Up,Good,SIM Swap / Technical,Moderate (Stage 1-3),Moderate,7.8,200.25
2026-03-14,VP_14590,29,Limpopo,Urban,Prepaid,4G Smartphone,Debit Order,Good,Billing Query,Minimal / No Impact,High Active,13.3,283.5
2026-03-18,VP_14591,72,Gauteng,Rural,Prepaid,5G Smartphone,Debit Order,Good,None,Severe (Stage 4+),Low / Inactive,48.7,819.34
2026-06-25,VP_14592,48,Western Cape,Rural,Prepaid,4G Smartphone,Debit Order,Fair,None,Moderate (Stage 1-3),Moderate,7.6,197.22
2026-01-28,VP_14593,31,KwaZulu-Natal,Suburban,Prepaid,4G Smartphone,Voucher Top-Up,Poor / Frequent Drops,None,Moderate (Stage 1-3),Moderate,21.9,413.68
2026-05-04,VP_14594,51,KwaZulu-Natal,Rural,Prepaid,5G Smartphone,Debit Order,Good,None,Minimal / No Impact,Moderate,27.1,492.39
2026-01-17,VP_14595,35,Gauteng,Urban,Prepaid,LTE Router/MiFi,Voucher Top-Up,Good,SIM Swap / Technical,Severe (Stage 4+),Low / Inactive,20.2,387.94
2026-03-28,VP_14596,73,Eastern Cape,Rural,Prepaid,4G Smartphone,Voucher Top-Up,Fair,SIM Swap / Technical,Moderate (Stage 1-3),High Active,21.2,403.08
2026-03-12,VP_14597,51,KwaZulu-Natal,Urban,Prepaid,Legacy Feature Phone,Mobile App / EFT,Poor / Frequent Drops,None,Minimal / No Impact,Moderate,19.5,377.35
2026-06-13,VP_14598,28,KwaZulu-Natal,Urban,Enterprise Hybrid,5G Smartphone,Debit Order,Excellent,None,Moderate (Stage 1-3),Moderate,4.6,151.81
2026-03-25,VP_14599,58,Gauteng,Urban,Prepaid,Legacy Feature Phone,Mobile App / EFT,Good,Network Coverage,Severe (Stage 4+),Low / Inactive,2.2,115.49
2026-03-12,VP_14600,29,Gauteng,Suburban,Prepaid,4G Smartphone,Voucher Top-Up,Fair,Billing Query,Moderate (Stage 1-3),Low / Inactive,13.1,280.47
2026-03-08,VP_14601,66,Gauteng,Suburban,Prepaid,4G Smartphone,Voucher Top-Up,Good,None,Severe (Stage 4+),Moderate,18.3,359.18
2026-06-17,VP_14602,32,Western Cape,Urban,Postpaid Contract,4G Smartphone,Credit Card,Good,None,Moderate (Stage 1-3),Moderate,9,218.41
2026-06-16,VP_14603,74,Gauteng,Rural,Enterprise Hybrid,5G Smartphone,Debit Order,Good,None,Minimal / No Impact,Moderate,33.7,592.29
2026-03-18,VP_14604,48,Western Cape,Urban,Prepaid,LTE Router/MiFi,Voucher Top-Up,Excellent,Network Coverage,Moderate (Stage 1-3),Moderate,20.4,390.97
2026-02-18,VP_14605,66,KwaZulu-Natal,Urban,Prepaid,4G Smartphone,Debit Order,Excellent,None,Severe (Stage 4+),Low / Inactive,21.1,401.57
2026-02-08,VP_14606,46,KwaZulu-Natal,Urban,Enterprise Hybrid,5G Smartphone,Voucher Top-Up,Poor / Frequent Drops,Network Coverage,Moderate (Stage 1-3),Moderate,16.9,337.99
2026-05-13,VP_14607,43,KwaZulu-Natal,Suburban,Prepaid,5G Smartphone,Voucher Top-Up,Good,None,Moderate (Stage 1-3),Low / Inactive,4.2,145.76
2026-03-03,VP_14608,35,KwaZulu-Natal,Suburban,Prepaid,5G Smartphone,Debit Order,Fair,SIM Swap / Technical,Moderate (Stage 1-3),Moderate,25.8,472.71
2026-01-15,VP_14609,49,Gauteng,Urban,Prepaid,4G Smartphone,Voucher Top-Up,Fair,None,Moderate (Stage 1-3),High Active,21.4,406.11
2026-06-03,VP_14610,39,Gauteng,Suburban,Prepaid,4G Smartphone,Voucher Top-Up,Good,None,Moderate (Stage 1-3),Low / Inactive,7.5,195.71
2026-04-14,VP_14611,55,Western Cape,Urban,Enterprise Hybrid,4G Smartphone,Mobile App / EFT,Fair,None,Moderate (Stage 1-3),High Active,8.8,215.39
2026-06-19,VP_14612,34,Western Cape,Suburban,Prepaid,5G Smartphone,Debit Order,Excellent,None,Minimal / No Impact,Moderate,22.8,427.3
2026-03-23,VP_14613,40,Gauteng,Rural,Enterprise Hybrid,4G Smartphone,Debit Order,Good,None,Minimal / No Impact,Moderate,11.7,259.28
2026-06-24,VP_14614,41,KwaZulu-Natal,Urban,Enterprise Hybrid,4G Smartphone,Voucher Top-Up,Good,None,Severe (Stage 4+),Low / Inactive,8.4,209.33
2026-02-05,VP_14615,67,Gauteng,Rural,Prepaid,5G Smartphone,Debit Order,Good,None,Severe (Stage 4+),High Active,8.2,206.3
2026-01-07,VP_14616,25,Gauteng,Suburban,Prepaid,5G Smartphone,Voucher Top-Up,Excellent,None,Moderate (Stage 1-3),Low / Inactive,29.2,524.17
2026-06-17,VP_14617,58,Gauteng,Urban,Prepaid,5G Smartphone,Debit Order,Excellent,None,Severe (Stage 4+),Low / Inactive,68.6,1120.55
2026-05-08,VP_14618,23,Limpopo,Rural,Prepaid,LTE Router/MiFi,Debit Order,Excellent,None,Moderate (Stage 1-3),High Active,13.8,291.07
2026-03-17,VP_14619,22,Gauteng,Urban,Prepaid,4G Smartphone,Mobile App / EFT,Good,None,Moderate (Stage 1-3),Low / Inactive,15.2,312.26
2026-03-08,VP_14620,61,Gauteng,Urban,Postpaid Contract,Legacy Feature Phone,Mobile App / EFT,Poor / Frequent Drops,None,Severe (Stage 4+),High Active,16.2,327.4
2026-04-18,VP_14621,74,Gauteng,Urban,Prepaid,5G Smartphone,Voucher Top-Up,Poor / Frequent Drops,None,Severe (Stage 4+),High Active,25.8,472.71
2026-04-14,VP_14622,46,Gauteng,Urban,Enterprise Hybrid,LTE Router/MiFi,Mobile App / EFT,Excellent,None,Severe (Stage 4+),Low / Inactive,3.4,133.65
2026-04-10,VP_14623,45,Western Cape,Suburban,Prepaid,4G Smartphone,Voucher Top-Up,Excellent,None,Severe (Stage 4+),Moderate,13.6,288.04
2026-01-10,VP_14624,28,Gauteng,Suburban,Postpaid Contract,4G Smartphone,Voucher Top-Up,Excellent,None,Moderate (Stage 1-3),Moderate,2.4,118.51
2026-05-30,VP_14625,74,Gauteng,Rural,Postpaid Contract,5G Smartphone,Credit Card,Excellent,None,Moderate (Stage 1-3),Moderate,9.8,230.52
2026-05-27,VP_14626,18,Western Cape,Urban,Prepaid,4G Smartphone,Voucher Top-Up,Fair,Billing Query,Minimal / No Impact,High Active,16.3,328.91
2026-02-18,VP_14627,60,Gauteng,Urban,Prepaid,LTE Router/MiFi,Voucher Top-Up,Poor / Frequent Drops,None,Severe (Stage 4+),Moderate,59.4,981.3
2026-03-29,VP_14628,36,Western Cape,Urban,Prepaid,5G Smartphone,Voucher Top-Up,Excellent,None,Minimal / No Impact,High Active,16,324.37
2026-02-26,VP_14629,26,KwaZulu-Natal,Urban,Prepaid,5G Smartphone,Credit Card,Excellent,Billing Query,Severe (Stage 4+),High Active,8,203.28
2026-06-25,VP_14630,44,Gauteng,Rural,Prepaid,4G Smartphone,Debit Order,Excellent,None,Moderate (Stage 1-3),Low / Inactive,9.2,221.44
2026-05-17,VP_14631,51,Western Cape,Suburban,Prepaid,Legacy Feature Phone,Debit Order,Excellent,None,Severe (Stage 4+),Low / Inactive,10.5,241.12
2026-06-13,VP_14632,61,Gauteng,Urban,Prepaid,4G Smartphone,Debit Order,Fair,None,Minimal / No Impact,Moderate,25.8,472.71
2026-05-02,VP_14633,21,KwaZulu-Natal,Rural,Enterprise Hybrid,5G Smartphone,Debit Order,Good,Billing Query,Severe (Stage 4+),High Active,0.9,95.81
2026-06-21,VP_14634,53,KwaZulu-Natal,Suburban,Prepaid,4G Smartphone,Debit Order,Fair,Billing Query,Minimal / No Impact,Moderate,15.8,321.34
2026-04-02,VP_14635,35,Gauteng,Urban,Prepaid,5G Smartphone,Mobile App / EFT,Good,Network Coverage,Severe (Stage 4+),Low / Inactive,57.1,946.48
2026-05-10,VP_14636,32,Western Cape,Suburban,Prepaid,LTE Router/MiFi,Voucher Top-Up,Excellent,Network Coverage,Severe (Stage 4+),High Active,15.8,321.34
2026-03-18,VP_14637,68,Eastern Cape,Urban,Prepaid,4G Smartphone,Debit Order,Excellent,Billing Query,Moderate (Stage 1-3),High Active,0.4,88.24
2026-02-13,VP_14638,30,Limpopo,Urban,Prepaid,4G Smartphone,Mobile App / EFT,Excellent,Network Coverage,Moderate (Stage 1-3),Low / Inactive,5.4,163.92
2026-06-18,VP_14639,36,Western Cape,Urban,Enterprise Hybrid,5G Smartphone,Voucher Top-Up,Fair,None,Minimal / No Impact,Moderate,8.2,206.3
2026-05-23,VP_14640,66,KwaZulu-Natal,Urban,Prepaid,LTE Router/MiFi,Voucher Top-Up,Fair,None,Moderate (Stage 1-3),High Active,6.7,183.6
2026-02-16,VP_14641,23,Gauteng,Urban,Prepaid,4G Smartphone,Voucher Top-Up,Fair,SIM Swap / Technical,Moderate (Stage 1-3),High Active,35.8,624.07
2026-03-17,VP_14642,65,Gauteng,Urban,Prepaid,Legacy Feature Phone,Mobile App / EFT,Excellent,Network Coverage,Moderate (Stage 1-3),Low / Inactive,9.8,230.52
2026-01-25,VP_14643,73,KwaZulu-Natal,Urban,Prepaid,4G Smartphone,Debit Order,Fair,None,Moderate (Stage 1-3),Moderate,11.9,262.31
2026-05-01,VP_14644,29,KwaZulu-Natal,Suburban,Prepaid,4G Smartphone,Debit Order,Excellent,None,Moderate (Stage 1-3),High Active,10.5,241.12
2026-02-02,VP_14645,68,Limpopo,Rural,Postpaid Contract,4G Smartphone,Debit Order,Excellent,Network Coverage,Severe (Stage 4+),Low / Inactive,13.6,288.04
2026-03-08,VP_14646,54,KwaZulu-Natal,Suburban,Prepaid,5G Smartphone,Voucher Top-Up,Good,None,Moderate (Stage 1-3),Low / Inactive,18.2,357.67
2026-05-24,VP_14647,34,KwaZulu-Natal,Urban,Prepaid,Legacy Feature Phone,Voucher Top-Up,Good,None,Moderate (Stage 1-3),High Active,8.8,215.39
2026-02-16,VP_14648,40,KwaZulu-Natal,Urban,Postpaid Contract,5G Smartphone,Debit Order,Fair,None,Moderate (Stage 1-3),Moderate,24.3,450
2026-06-24,VP_14649,43,Eastern Cape,Urban,Prepaid,4G Smartphone,Debit Order,Good,None,Minimal / No Impact,High Active,21,400.05
2026-03-27,VP_14650,46,Western Cape,Urban,Prepaid,Legacy Feature Phone,Voucher Top-Up,Excellent,None,Minimal / No Impact,Moderate,44.2,751.22
2026-06-17,VP_14651,50,Western Cape,Suburban,Enterprise Hybrid,5G Smartphone,Voucher Top-Up,Excellent,Network Coverage,Minimal / No Impact,High Active,28.5,513.58
2026-01-23,VP_14652,44,Gauteng,Suburban,Prepaid,4G Smartphone,Voucher Top-Up,Excellent,None,Severe (Stage 4+),Moderate,23.7,440.92
2026-02-26,VP_14653,42,Eastern Cape,Suburban,Postpaid Contract,4G Smartphone,Mobile App / EFT,Excellent,SIM Swap / Technical,Severe (Stage 4+),Moderate,5.5,165.44
2026-04-01,VP_14654,73,Gauteng,Suburban,Prepaid,4G Smartphone,Credit Card,Excellent,SIM Swap / Technical,Severe (Stage 4+),Moderate,21.1,401.57
2026-02-27,VP_14655,72,Eastern Cape,Urban,Prepaid,LTE Router/MiFi,Debit Order,Good,Network Coverage,Minimal / No Impact,Moderate,15.6,318.32
2026-03-20,VP_14656,27,KwaZulu-Natal,Urban,Prepaid,4G Smartphone,Voucher Top-Up,Excellent,SIM Swap / Technical,Severe (Stage 4+),High Active,10.3,238.09
2026-04-18,VP_14657,64,KwaZulu-Natal,Suburban,Prepaid,4G Smartphone,Debit Order,Fair,None,Moderate (Stage 1-3),Low / Inactive,8.8,215.39
2026-03-26,VP_14658,40,KwaZulu-Natal,Urban,Prepaid,5G Smartphone,Voucher Top-Up,Good,None,Severe (Stage 4+),High Active,13.2,281.99
2026-04-06,VP_14659,38,Western Cape,Urban,Prepaid,5G Smartphone,Voucher Top-Up,Excellent,Network Coverage,Severe (Stage 4+),Moderate,36.1,628.62
2026-03-08,VP_14660,38,Gauteng,Urban,Postpaid Contract,4G Smartphone,Debit Order,Good,None,Severe (Stage 4+),High Active,26,475.74
2026-05-30,VP_14661,60,Eastern Cape,Urban,Postpaid Contract,4G Smartphone,Mobile App / EFT,Good,None,Severe (Stage 4+),Moderate,51.6,863.23
2026-03-17,VP_14662,30,KwaZulu-Natal,Urban,Prepaid,5G Smartphone,Mobile App / EFT,Good,None,Moderate (Stage 1-3),High Active,13.1,280.47
2026-04-29,VP_14663,54,Gauteng,Suburban,Prepaid,4G Smartphone,Debit Order,Excellent,Billing Query,Minimal / No Impact,High Active,16.3,328.91
2026-01-31,VP_14664,50,Gauteng,Rural,Postpaid Contract,5G Smartphone,Debit Order,Poor / Frequent Drops,Billing Query,Moderate (Stage 1-3),Moderate,9.2,221.44
2026-05-01,VP_14665,41,KwaZulu-Natal,Urban,Postpaid Contract,4G Smartphone,Debit Order,Excellent,Billing Query,Moderate (Stage 1-3),High Active,24.5,453.03
2026-01-14,VP_14666,61,KwaZulu-Natal,Urban,Prepaid,5G Smartphone,Voucher Top-Up,Poor / Frequent Drops,Billing Query,Moderate (Stage 1-3),Moderate,9.8,230.52
2026-06-12,VP_14667,28,KwaZulu-Natal,Suburban,Postpaid Contract,4G Smartphone,Mobile App / EFT,Excellent,Billing Query,Minimal / No Impact,High Active,5.7,168.46
2026-05-30,VP_14668,34,Western Cape,Urban,Prepaid,4G Smartphone,Voucher Top-Up,Fair,None,Minimal / No Impact,High Active,3.3,132.14
2026-05-29,VP_14669,21,KwaZulu-Natal,Urban,Prepaid,LTE Router/MiFi,Voucher Top-Up,Good,None,Minimal / No Impact,Moderate,45.1,764.84
2026-06-08,VP_14670,64,Limpopo,Urban,Prepaid,4G Smartphone,Mobile App / EFT,Good,Billing Query,Severe (Stage 4+),High Active,21.9,413.68
2026-01-19,VP_14671,42,Western Cape,Urban,Postpaid Contract,4G Smartphone,Voucher Top-Up,Excellent,None,Minimal / No Impact,High Active,3.7,138.19
2026-05-01,VP_14672,47,Eastern Cape,Suburban,Enterprise Hybrid,LTE Router/MiFi,Voucher Top-Up,Excellent,SIM Swap / Technical,Severe (Stage 4+),High Active,14.2,297.12
2026-02-19,VP_14673,26,Gauteng,Suburban,Enterprise Hybrid,4G Smartphone,Voucher Top-Up,Fair,Network Coverage,Moderate (Stage 1-3),High Active,26.1,477.25
2026-05-09,VP_14674,38,KwaZulu-Natal,Urban,Prepaid,5G Smartphone,Mobile App / EFT,Fair,Billing Query,Moderate (Stage 1-3),High Active,31,551.42
2026-01-31,VP_14675,37,Gauteng,Urban,Enterprise Hybrid,LTE Router/MiFi,Debit Order,Good,SIM Swap / Technical,Moderate (Stage 1-3),High Active,6.4,179.06
2026-06-24,VP_14676,36,KwaZulu-Natal,Urban,Prepaid,4G Smartphone,Debit Order,Excellent,None,Moderate (Stage 1-3),High Active,12.3,268.36
2026-04-08,VP_14677,36,Eastern Cape,Urban,Prepaid,4G Smartphone,Debit Order,Excellent,None,Severe (Stage 4+),Low / Inactive,23.9,443.95
2026-05-16,VP_14678,29,Gauteng,Rural,Prepaid,4G Smartphone,Mobile App / EFT,Good,None,Moderate (Stage 1-3),High Active,22.6,424.27
2026-03-18,VP_14679,54,Gauteng,Suburban,Prepaid,LTE Router/MiFi,Voucher Top-Up,Excellent,None,Moderate (Stage 1-3),Low / Inactive,13.1,280.47
2026-04-16,VP_14680,59,Eastern Cape,Urban,Postpaid Contract,Legacy Feature Phone,Debit Order,Excellent,None,Severe (Stage 4+),Low / Inactive,24.8,457.57
2026-01-14,VP_14681,34,Gauteng,Suburban,Prepaid,Legacy Feature Phone,Credit Card,Good,None,Moderate (Stage 1-3),High Active,36,627.1
2026-02-08,VP_14682,54,Western Cape,Suburban,Enterprise Hybrid,5G Smartphone,Credit Card,Good,Billing Query,Moderate (Stage 1-3),High Active,27.8,502.98
2026-02-05,VP_14683,71,KwaZulu-Natal,Suburban,Prepaid,4G Smartphone,Credit Card,Excellent,None,Severe (Stage 4+),High Active,20.1,386.43
2026-02-21,VP_14684,65,Eastern Cape,Urban,Prepaid,5G Smartphone,Debit Order,Excellent,None,Severe (Stage 4+),Moderate,6.6,182.09
2026-03-29,VP_14685,56,Gauteng,Urban,Enterprise Hybrid,5G Smartphone,Mobile App / EFT,Good,None,Minimal / No Impact,Moderate,10.5,241.12
2026-04-15,VP_14686,45,Gauteng,Suburban,Prepaid,LTE Router/MiFi,Debit Order,Excellent,None,Minimal / No Impact,Moderate,16.4,330.42
2026-05-26,VP_14687,58,KwaZulu-Natal,Urban,Postpaid Contract,5G Smartphone,Debit Order,Fair,None,Severe (Stage 4+),Moderate,9.5,225.98
2026-04-28,VP_14688,52,Limpopo,Rural,Postpaid Contract,4G Smartphone,Voucher Top-Up,Excellent,None,Moderate (Stage 1-3),High Active,16.2,327.4
2026-02-06,VP_14689,64,KwaZulu-Natal,Suburban,Prepaid,4G Smartphone,Voucher Top-Up,Excellent,Billing Query,Moderate (Stage 1-3),Low / Inactive,23.7,440.92
2026-03-22,VP_14690,65,Gauteng,Rural,Postpaid Contract,4G Smartphone,Debit Order,Fair,None,Moderate (Stage 1-3),Moderate,28,506.01
2026-02-16,VP_14691,35,Western Cape,Urban,Prepaid,5G Smartphone,Voucher Top-Up,Good,None,Moderate (Stage 1-3),Low / Inactive,7.2,191.17
2026-01-21,VP_14692,31,Limpopo,Rural,Postpaid Contract,5G Smartphone,Mobile App / EFT,Excellent,None,Severe (Stage 4+),Moderate,40.8,699.76
2026-05-05,VP_14693,52,Eastern Cape,Urban,Prepaid,4G Smartphone,Voucher Top-Up,Good,None,Moderate (Stage 1-3),High Active,12.4,269.88
2026-03-27,VP_14694,61,Limpopo,Rural,Prepaid,5G Smartphone,Voucher Top-Up,Excellent,Network Coverage,Severe (Stage 4+),Low / Inactive,3.5,135.16
2026-06-11,VP_14695,58,Gauteng,Urban,Prepaid,Legacy Feature Phone,Debit Order,Good,SIM Swap / Technical,Moderate (Stage 1-3),Moderate,6.3,177.55
2026-02-15,VP_14696,24,Gauteng,Urban,Prepaid,4G Smartphone,Credit Card,Excellent,Billing Query,Minimal / No Impact,Moderate,10.2,236.58
2026-03-22,VP_14697,58,Western Cape,Suburban,Postpaid Contract,4G Smartphone,Debit Order,Good,None,Minimal / No Impact,Moderate,39.1,674.03
2026-06-12,VP_14698,30,Eastern Cape,Urban,Enterprise Hybrid,LTE Router/MiFi,Voucher Top-Up,Good,None,Minimal / No Impact,Low / Inactive,19.3,374.32
2026-01-15,VP_14699,35,Gauteng,Urban,Postpaid Contract,5G Smartphone,Debit Order,Good,None,Minimal / No Impact,Low / Inactive,45.3,767.87
2026-01-02,VP_14700,54,Gauteng,Rural,Prepaid,4G Smartphone,Mobile App / EFT,Fair,None,Severe (Stage 4+),Moderate,15.9,322.86
2026-04-26,VP_14701,30,Eastern Cape,Urban,Enterprise Hybrid,5G Smartphone,Debit Order,Good,None,Moderate (Stage 1-3),High Active,11.8,260.8
2026-03-12,VP_14702,53,Gauteng,Suburban,Prepaid,4G Smartphone,Voucher Top-Up,Good,Billing Query,Severe (Stage 4+),Moderate,41.7,713.38
2026-02-23,VP_14703,48,KwaZulu-Natal,Urban,Prepaid,4G Smartphone,Voucher Top-Up,Excellent,None,Minimal / No Impact,Low / Inactive,15.5,316.8
2026-02-13,VP_14704,19,KwaZulu-Natal,Suburban,Prepaid,5G Smartphone,Mobile App / EFT,Excellent,None,Minimal / No Impact,Moderate,26.5,483.3
2026-05-28,VP_14705,33,KwaZulu-Natal,Suburban,Prepaid,5G Smartphone,Debit Order,Fair,None,Moderate (Stage 1-3),Low / Inactive,12.7,274.42
2026-02-10,VP_14706,26,Western Cape,Urban,Postpaid Contract,4G Smartphone,Voucher Top-Up,Fair,Billing Query,Moderate (Stage 1-3),Moderate,17.6,348.59
2026-05-06,VP_14707,26,KwaZulu-Natal,Urban,Prepaid,4G Smartphone,Debit Order,Excellent,None,Severe (Stage 4+),Low / Inactive,19.2,372.81
2026-01-23,VP_14708,55,Western Cape,Suburban,Prepaid,5G Smartphone,Credit Card,Fair,None,Severe (Stage 4+),High Active,12.5,271.39
2026-02-03,VP_14709,28,Western Cape,Urban,Postpaid Contract,4G Smartphone,Voucher Top-Up,Good,None,Minimal / No Impact,Moderate,26.3,480.28
2026-06-07,VP_14710,71,KwaZulu-Natal,Urban,Enterprise Hybrid,4G Smartphone,Voucher Top-Up,Good,None,Minimal / No Impact,Moderate,32.7,577.15
2026-04-22,VP_14711,73,Western Cape,Suburban,Postpaid Contract,4G Smartphone,Voucher Top-Up,Excellent,None,Severe (Stage 4+),Moderate,34.4,602.88
2026-06-12,VP_14712,39,Gauteng,Urban,Prepaid,4G Smartphone,Debit Order,Excellent,None,Severe (Stage 4+),High Active,12.2,266.85
2026-04-20,VP_14713,50,Gauteng,Urban,Postpaid Contract,5G Smartphone,Debit Order,Good,None,Severe (Stage 4+),Low / Inactive,12,263.82
2026-04-14,VP_14714,53,Gauteng,Suburban,Prepaid,4G Smartphone,Voucher Top-Up,Excellent,None,Minimal / No Impact,Low / Inactive,47.1,795.12
2026-04-20,VP_14715,62,Gauteng,Urban,Prepaid,LTE Router/MiFi,Credit Card,Good,None,Minimal / No Impact,Low / Inactive,14.7,304.69
2026-05-03,VP_14716,40,KwaZulu-Natal,Urban,Enterprise Hybrid,4G Smartphone,Voucher Top-Up,Poor / Frequent Drops,Network Coverage,Moderate (Stage 1-3),High Active,7.9,201.76
2026-04-09,VP_14717,62,Eastern Cape,Urban,Enterprise Hybrid,4G Smartphone,Mobile App / EFT,Good,None,Moderate (Stage 1-3),High Active,2.2,115.49
2026-01-02,VP_14718,62,Western Cape,Suburban,Postpaid Contract,4G Smartphone,Debit Order,Good,None,Moderate (Stage 1-3),Moderate,10.9,247.17
2026-01-10,VP_14719,51,Eastern Cape,Suburban,Prepaid,5G Smartphone,Credit Card,Good,None,Severe (Stage 4+),Low / Inactive,18.3,359.18
2026-05-17,VP_14720,26,KwaZulu-Natal,Suburban,Postpaid Contract,4G Smartphone,Voucher Top-Up,Excellent,Billing Query,Minimal / No Impact,High Active,3.9,141.22
2026-02-21,VP_14721,41,KwaZulu-Natal,Urban,Enterprise Hybrid,LTE Router/MiFi,Voucher Top-Up,Poor / Frequent Drops,None,Moderate (Stage 1-3),Moderate,30.6,545.36
2026-04-06,VP_14722,25,KwaZulu-Natal,Urban,Prepaid,5G Smartphone,Voucher Top-Up,Poor / Frequent Drops,None,Severe (Stage 4+),Moderate,38.1,658.89
2026-01-04,VP_14723,24,Gauteng,Urban,Prepaid,LTE Router/MiFi,Voucher Top-Up,Good,Billing Query,Moderate (Stage 1-3),Moderate,15,309.23
2026-03-24,VP_14724,53,Gauteng,Urban,Postpaid Contract,5G Smartphone,Voucher Top-Up,Excellent,None,Moderate (Stage 1-3),Moderate,19.4,375.83
2026-05-16,VP_14725,35,Western Cape,Rural,Prepaid,4G Smartphone,Voucher Top-Up,Excellent,None,Moderate (Stage 1-3),Moderate,6.2,176.03
2026-02-18,VP_14726,20,Limpopo,Urban,Enterprise Hybrid,LTE Router/MiFi,Voucher Top-Up,Excellent,None,Moderate (Stage 1-3),High Active,3.3,132.14
2026-01-05,VP_14727,45,Gauteng,Urban,Prepaid,4G Smartphone,Debit Order,Good,None,Minimal / No Impact,High Active,30.5,543.85
2026-06-23,VP_14728,23,Gauteng,Urban,Postpaid Contract,LTE Router/MiFi,Debit Order,Excellent,SIM Swap / Technical,Moderate (Stage 1-3),Low / Inactive,4.6,151.81
2026-01-02,VP_14729,61,Eastern Cape,Suburban,Postpaid Contract,LTE Router/MiFi,Debit Order,Good,None,Moderate (Stage 1-3),Moderate,9.6,227.5
2026-06-10,VP_14730,61,Gauteng,Suburban,Prepaid,4G Smartphone,Voucher Top-Up,Good,None,Moderate (Stage 1-3),Low / Inactive,7.4,194.2
2026-03-05,VP_14731,38,Eastern Cape,Suburban,Postpaid Contract,4G Smartphone,Voucher Top-Up,Excellent,SIM Swap / Technical,Severe (Stage 4+),High Active,15.8,321.34
2026-02-27,VP_14732,45,Western Cape,Rural,Prepaid,5G Smartphone,Voucher Top-Up,Good,Billing Query,Moderate (Stage 1-3),Moderate,22.6,424.27
2026-06-27,VP_14733,57,Limpopo,Urban,Prepaid,5G Smartphone,Voucher Top-Up,Excellent,None,Severe (Stage 4+),Moderate,15.6,318.32
2026-03-30,VP_14734,71,KwaZulu-Natal,Urban,Prepaid,4G Smartphone,Debit Order,Fair,Billing Query,Minimal / No Impact,Low / Inactive,29.8,533.25
2026-03-21,VP_14735,71,Western Cape,Urban,Prepaid,4G Smartphone,Mobile App / EFT,Excellent,Billing Query,Minimal / No Impact,Low / Inactive,6.1,174.52
2026-02-03,VP_14736,18,KwaZulu-Natal,Suburban,Postpaid Contract,4G Smartphone,Debit Order,Excellent,Billing Query,Severe (Stage 4+),High Active,24.2,448.49
2026-01-27,VP_14737,53,Western Cape,Suburban,Enterprise Hybrid,4G Smartphone,Voucher Top-Up,Excellent,None,Minimal / No Impact,High Active,4.7,153.33
2026-04-09,VP_14738,38,KwaZulu-Natal,Urban,Prepaid,4G Smartphone,Debit Order,Poor / Frequent Drops,None,Moderate (Stage 1-3),Moderate,6.2,176.03
2026-05-09,VP_14739,60,Gauteng,Suburban,Prepaid,5G Smartphone,Voucher Top-Up,Good,None,Minimal / No Impact,Low / Inactive,20.2,387.94
2026-05-31,VP_14740,52,KwaZulu-Natal,Suburban,Prepaid,4G Smartphone,Voucher Top-Up,Good,None,Moderate (Stage 1-3),Moderate,33.6,590.77
2026-03-20,VP_14741,30,KwaZulu-Natal,Rural,Postpaid Contract,4G Smartphone,Voucher Top-Up,Excellent,None,Moderate (Stage 1-3),Low / Inactive,81.7,1318.84
2026-02-12,VP_14742,74,Eastern Cape,Suburban,Enterprise Hybrid,4G Smartphone,Voucher Top-Up,Good,None,Moderate (Stage 1-3),High Active,56.1,931.35
2026-01-17,VP_14743,66,Western Cape,Suburban,Postpaid Contract,4G Smartphone,Debit Order,Excellent,None,Severe (Stage 4+),Moderate,36,627.1
2026-01-12,VP_14744,71,Western Cape,Urban,Postpaid Contract,4G Smartphone,Debit Order,Poor / Frequent Drops,None,Severe (Stage 4+),Moderate,29.6,530.23
2026-03-18,VP_14745,71,Gauteng,Suburban,Prepaid,LTE Router/MiFi,Voucher Top-Up,Poor / Frequent Drops,None,Severe (Stage 4+),High Active,17.3,344.05
2026-03-16,VP_14746,27,Western Cape,Rural,Prepaid,4G Smartphone,Mobile App / EFT,Good,None,Severe (Stage 4+),Low / Inactive,22.6,424.27
2026-04-27,VP_14747,70,KwaZulu-Natal,Urban,Postpaid Contract,4G Smartphone,Voucher Top-Up,Poor / Frequent Drops,Network Coverage,Severe (Stage 4+),Low / Inactive,17.6,348.59
2026-05-14,VP_14748,61,Limpopo,Suburban,Postpaid Contract,4G Smartphone,Debit Order,Excellent,Billing Query,Moderate (Stage 1-3),Low / Inactive,41.8,714.89
2026-06-02,VP_14749,64,Limpopo,Suburban,Postpaid Contract,5G Smartphone,Voucher Top-Up,Excellent,SIM Swap / Technical,Moderate (Stage 1-3),High Active,25.3,465.14
2026-05-15,VP_14750,70,Gauteng,Urban,Postpaid Contract,5G Smartphone,Voucher Top-Up,Excellent,None,Minimal / No Impact,Moderate,11.8,260.8
2026-03-28,VP_14751,27,Eastern Cape,Suburban,Postpaid Contract,5G Smartphone,Voucher Top-Up,Excellent,Billing Query,Moderate (Stage 1-3),Moderate,6.2,176.03
2026-04-22,VP_14752,63,Gauteng,Urban,Postpaid Contract,4G Smartphone,Mobile App / EFT,Poor / Frequent Drops,Network Coverage,Minimal / No Impact,High Active,6.1,174.52
2026-06-25,VP_14753,30,KwaZulu-Natal,Rural,Enterprise Hybrid,5G Smartphone,Voucher Top-Up,Excellent,Network Coverage,Moderate (Stage 1-3),Low / Inactive,6.2,176.03
2026-02-04,VP_14754,54,KwaZulu-Natal,Suburban,Enterprise Hybrid,Legacy Feature Phone,Debit Order,Fair,Billing Query,Moderate (Stage 1-3),High Active,6.9,186.63
2026-03-29,VP_14755,55,Gauteng,Urban,Prepaid,4G Smartphone,Debit Order,Fair,None,Moderate (Stage 1-3),Low / Inactive,3.3,132.14
2026-05-06,VP_14756,41,Western Cape,Urban,Prepaid,4G Smartphone,Voucher Top-Up,Excellent,None,Moderate (Stage 1-3),Moderate,11.4,254.74
2026-04-02,VP_14757,19,Gauteng,Suburban,Prepaid,5G Smartphone,Voucher Top-Up,Excellent,Network Coverage,Severe (Stage 4+),Moderate,18.4,360.7
2026-02-18,VP_14758,39,Gauteng,Urban,Postpaid Contract,5G Smartphone,Debit Order,Excellent,Billing Query,Moderate (Stage 1-3),High Active,10.2,236.58
2026-02-12,VP_14759,34,Western Cape,Urban,Prepaid,5G Smartphone,Credit Card,Excellent,Network Coverage,Moderate (Stage 1-3),High Active,24.9,459.09
2026-04-14,VP_14760,53,Western Cape,Urban,Prepaid,4G Smartphone,Debit Order,Good,None,Minimal / No Impact,Moderate,33.9,595.31
2026-01-05,VP_14761,31,Limpopo,Urban,Prepaid,4G Smartphone,Voucher Top-Up,Good,None,Minimal / No Impact,Moderate,27.8,502.98
2026-02-28,VP_14762,27,Western Cape,Urban,Postpaid Contract,4G Smartphone,Debit Order,Good,None,Moderate (Stage 1-3),Low / Inactive,35.8,624.07
2026-02-27,VP_14763,52,Western Cape,Suburban,Prepaid,4G Smartphone,Mobile App / EFT,Fair,Network Coverage,Moderate (Stage 1-3),High Active,11.2,251.71
2026-02-03,VP_14764,42,KwaZulu-Natal,Rural,Prepaid,4G Smartphone,Mobile App / EFT,Excellent,Network Coverage,Minimal / No Impact,High Active,5.1,159.38
2026-02-24,VP_14765,20,Gauteng,Suburban,Prepaid,5G Smartphone,Debit Order,Excellent,None,Minimal / No Impact,Moderate,33.7,592.29
2026-01-06,VP_14766,64,Gauteng,Suburban,Postpaid Contract,4G Smartphone,Credit Card,Fair,Billing Query,Minimal / No Impact,Low / Inactive,10.7,244.15
2026-05-31,VP_14767,55,KwaZulu-Natal,Urban,Prepaid,4G Smartphone,Debit Order,Excellent,None,Moderate (Stage 1-3),High Active,34.6,605.91
2026-05-10,VP_14768,34,Western Cape,Urban,Prepaid,4G Smartphone,Voucher Top-Up,Excellent,None,Severe (Stage 4+),High Active,18.5,362.21
2026-02-13,VP_14769,29,KwaZulu-Natal,Urban,Postpaid Contract,5G Smartphone,Mobile App / EFT,Fair,None,Minimal / No Impact,High Active,57.5,952.54
2026-02-01,VP_14770,71,Western Cape,Suburban,Prepaid,4G Smartphone,Voucher Top-Up,Poor / Frequent Drops,Billing Query,Severe (Stage 4+),High Active,4.4,148.79
2026-04-04,VP_14771,69,KwaZulu-Natal,Rural,Prepaid,5G Smartphone,Credit Card,Poor / Frequent Drops,Network Coverage,Moderate (Stage 1-3),High Active,21.6,409.13
2026-06-16,VP_14772,41,Gauteng,Suburban,Postpaid Contract,Legacy Feature Phone,Mobile App / EFT,Excellent,None,Moderate (Stage 1-3),Moderate,24.7,456.06
2026-01-10,VP_14773,46,Gauteng,Rural,Prepaid,4G Smartphone,Credit Card,Good,None,Moderate (Stage 1-3),Low / Inactive,20.6,394
2026-04-07,VP_14774,60,Eastern Cape,Suburban,Postpaid Contract,Legacy Feature Phone,Debit Order,Excellent,None,Moderate (Stage 1-3),High Active,29.4,527.2
2026-06-13,VP_14775,42,Western Cape,Urban,Prepaid,4G Smartphone,Debit Order,Poor / Frequent Drops,None,Minimal / No Impact,Low / Inactive,9.1,219.93
2026-03-07,VP_14776,53,Limpopo,Urban,Prepaid,5G Smartphone,Voucher Top-Up,Excellent,SIM Swap / Technical,Moderate (Stage 1-3),Moderate,20.6,394
2026-05-17,VP_14777,43,Gauteng,Urban,Postpaid Contract,4G Smartphone,Voucher Top-Up,Excellent,Network Coverage,Moderate (Stage 1-3),Low / Inactive,55.9,928.32
2026-06-09,VP_14778,55,Limpopo,Urban,Postpaid Contract,5G Smartphone,Voucher Top-Up,Fair,None,Moderate (Stage 1-3),Low / Inactive,17.1,341.02
2026-01-13,VP_14779,18,Gauteng,Suburban,Prepaid,LTE Router/MiFi,Debit Order,Poor / Frequent Drops,None,Minimal / No Impact,Low / Inactive,4.7,153.33
2026-06-02,VP_14780,37,Gauteng,Urban,Prepaid,4G Smartphone,Mobile App / EFT,Good,None,Moderate (Stage 1-3),Moderate,14.7,304.69
2026-01-13,VP_14781,72,Limpopo,Suburban,Postpaid Contract,4G Smartphone,Credit Card,Excellent,None,Moderate (Stage 1-3),Low / Inactive,5.7,168.46
2026-06-19,VP_14782,45,Gauteng,Suburban,Postpaid Contract,4G Smartphone,Voucher Top-Up,Good,Billing Query,Moderate (Stage 1-3),Moderate,17.7,350.1
2026-01-28,VP_14783,33,Western Cape,Urban,Prepaid,4G Smartphone,Debit Order,Fair,None,Minimal / No Impact,High Active,31.9,565.04
2026-06-17,VP_14784,64,Gauteng,Urban,Postpaid Contract,Legacy Feature Phone,Debit Order,Good,Network Coverage,Moderate (Stage 1-3),Low / Inactive,24.6,454.54
2026-01-06,VP_14785,34,Western Cape,Urban,Prepaid,5G Smartphone,Debit Order,Excellent,None,Minimal / No Impact,Moderate,21.6,409.13
2026-01-13,VP_14786,57,Limpopo,Urban,Prepaid,4G Smartphone,Voucher Top-Up,Excellent,SIM Swap / Technical,Moderate (Stage 1-3),High Active,48.9,822.36
2026-06-26,VP_14787,45,Gauteng,Suburban,Prepaid,4G Smartphone,Credit Card,Fair,None,Severe (Stage 4+),Low / Inactive,7.5,195.71
2026-01-30,VP_14788,29,Western Cape,Urban,Prepaid,Legacy Feature Phone,Debit Order,Good,Network Coverage,Severe (Stage 4+),Moderate,24.3,450
2026-04-17,VP_14789,44,Gauteng,Suburban,Prepaid,4G Smartphone,Voucher Top-Up,Good,Billing Query,Moderate (Stage 1-3),High Active,15.2,312.26
2026-04-24,VP_14790,71,Western Cape,Rural,Prepaid,Legacy Feature Phone,Voucher Top-Up,Excellent,None,Moderate (Stage 1-3),Moderate,62.9,1034.28
2026-04-08,VP_14791,70,Gauteng,Rural,Prepaid,4G Smartphone,Debit Order,Good,None,Moderate (Stage 1-3),Moderate,22.8,427.3
2026-02-01,VP_14792,59,Gauteng,Rural,Prepaid,5G Smartphone,Voucher Top-Up,Poor / Frequent Drops,Network Coverage,Moderate (Stage 1-3),Moderate,43.9,746.68
2026-05-21,VP_14793,64,Gauteng,Urban,Prepaid,4G Smartphone,Voucher Top-Up,Excellent,None,Moderate (Stage 1-3),High Active,4.9,156.35
2026-03-06,VP_14794,47,Gauteng,Urban,Prepaid,4G Smartphone,Mobile App / EFT,Good,None,Minimal / No Impact,Low / Inactive,27.3,495.41
2026-05-02,VP_14795,58,Limpopo,Urban,Postpaid Contract,4G Smartphone,Voucher Top-Up,Excellent,Network Coverage,Minimal / No Impact,Low / Inactive,13.6,288.04
2026-06-29,VP_14796,51,KwaZulu-Natal,Urban,Prepaid,5G Smartphone,Voucher Top-Up,Excellent,None,Moderate (Stage 1-3),High Active,17.8,351.62
2026-02-09,VP_14797,54,Gauteng,Rural,Postpaid Contract,4G Smartphone,Debit Order,Fair,None,Minimal / No Impact,Moderate,11.7,259.28
2026-02-22,VP_14798,23,KwaZulu-Natal,Suburban,Prepaid,5G Smartphone,Debit Order,Fair,Billing Query,Moderate (Stage 1-3),High Active,9.4,224.47
2026-06-27,VP_14799,24,Gauteng,Urban,Prepaid,LTE Router/MiFi,Debit Order,Good,None,Severe (Stage 4+),Low / Inactive,14.8,306.21
2026-06-25,VP_14800,49,Western Cape,Urban,Prepaid,5G Smartphone,Voucher Top-Up,Excellent,None,Severe (Stage 4+),Low / Inactive,9.4,224.47
2026-06-11,VP_14801,49,Limpopo,Urban,Enterprise Hybrid,4G Smartphone,Debit Order,Excellent,None,Moderate (Stage 1-3),Moderate,21.5,407.62
2026-01-03,VP_14802,70,KwaZulu-Natal,Suburban,Prepaid,5G Smartphone,Debit Order,Poor / Frequent Drops,Billing Query,Moderate (Stage 1-3),Low / Inactive,24.8,457.57
2026-03-19,VP_14803,42,Eastern Cape,Suburban,Prepaid,5G Smartphone,Voucher Top-Up,Excellent,None,Minimal / No Impact,Moderate,16.3,328.91
2026-04-18,VP_14804,50,KwaZulu-Natal,Rural,Postpaid Contract,LTE Router/MiFi,Voucher Top-Up,Fair,Billing Query,Minimal / No Impact,Moderate,2.8,124.57
2026-06-19,VP_14805,72,Gauteng,Rural,Enterprise Hybrid,5G Smartphone,Debit Order,Excellent,None,Severe (Stage 4+),Moderate,31.4,557.47
2026-01-26,VP_14806,24,Western Cape,Urban,Enterprise Hybrid,5G Smartphone,Debit Order,Poor / Frequent Drops,Network Coverage,Moderate (Stage 1-3),High Active,36.7,637.7
2026-06-19,VP_14807,69,KwaZulu-Natal,Urban,Prepaid,5G Smartphone,Voucher Top-Up,Poor / Frequent Drops,None,Moderate (Stage 1-3),High Active,14.9,307.72
2026-05-14,VP_14808,74,Western Cape,Urban,Prepaid,4G Smartphone,Debit Order,Excellent,SIM Swap / Technical,Minimal / No Impact,Moderate,51.2,857.18
2026-03-11,VP_14809,29,Limpopo,Urban,Postpaid Contract,4G Smartphone,Voucher Top-Up,Fair,None,Severe (Stage 4+),High Active,7.9,201.76
2026-06-09,VP_14810,33,KwaZulu-Natal,Rural,Prepaid,5G Smartphone,Voucher Top-Up,Excellent,None,Moderate (Stage 1-3),High Active,23.4,436.38
2026-06-05,VP_14811,33,Limpopo,Suburban,Postpaid Contract,4G Smartphone,Debit Order,Excellent,None,Minimal / No Impact,High Active,16.4,330.42
2026-06-29,VP_14812,60,Eastern Cape,Suburban,Postpaid Contract,5G Smartphone,Debit Order,Good,None,Minimal / No Impact,Moderate,44.6,757.28
2026-02-05,VP_14813,70,KwaZulu-Natal,Urban,Postpaid Contract,LTE Router/MiFi,Debit Order,Good,None,Moderate (Stage 1-3),Low / Inactive,17.3,344.05
2026-04-18,VP_14814,53,Western Cape,Urban,Prepaid,4G Smartphone,Debit Order,Excellent,Billing Query,Severe (Stage 4+),Low / Inactive,3.9,141.22
2026-01-27,VP_14815,30,Gauteng,Urban,Prepaid,Legacy Feature Phone,Credit Card,Good,Network Coverage,Moderate (Stage 1-3),Moderate,4.5,150.3
2026-05-11,VP_14816,24,Limpopo,Urban,Postpaid Contract,LTE Router/MiFi,Voucher Top-Up,Excellent,None,Minimal / No Impact,Low / Inactive,4,142.73
2026-06-08,VP_14817,53,Western Cape,Suburban,Prepaid,5G Smartphone,Voucher Top-Up,Excellent,None,Moderate (Stage 1-3),Moderate,27.5,498.44
2026-01-31,VP_14818,64,Gauteng,Urban,Prepaid,5G Smartphone,Voucher Top-Up,Good,Network Coverage,Minimal / No Impact,High Active,29.5,528.71
2026-03-14,VP_14819,68,Gauteng,Suburban,Prepaid,4G Smartphone,Debit Order,Good,None,Moderate (Stage 1-3),Moderate,7.8,200.25
2026-01-30,VP_14820,26,Western Cape,Suburban,Prepaid,5G Smartphone,Debit Order,Good,None,Moderate (Stage 1-3),High Active,10.2,236.58
2026-01-28,VP_14821,49,Gauteng,Urban,Prepaid,5G Smartphone,Mobile App / EFT,Good,None,Moderate (Stage 1-3),Moderate,38.2,660.4
2026-05-08,VP_14822,28,Gauteng,Suburban,Postpaid Contract,5G Smartphone,Mobile App / EFT,Fair,None,Moderate (Stage 1-3),High Active,29.8,533.25
2026-02-20,VP_14823,25,KwaZulu-Natal,Urban,Prepaid,4G Smartphone,Voucher Top-Up,Good,None,Moderate (Stage 1-3),Low / Inactive,8.9,216.9
2026-06-05,VP_14824,50,Gauteng,Suburban,Prepaid,4G Smartphone,Voucher Top-Up,Excellent,Billing Query,Moderate (Stage 1-3),High Active,39.9,686.13
2026-02-21,VP_14825,40,KwaZulu-Natal,Suburban,Prepaid,5G Smartphone,Mobile App / EFT,Good,None,Minimal / No Impact,High Active,19.6,378.86
2026-03-09,VP_14826,42,Gauteng,Rural,Prepaid,5G Smartphone,Debit Order,Good,Billing Query,Severe (Stage 4+),Low / Inactive,27.7,501.47
2026-05-14,VP_14827,73,Gauteng,Urban,Enterprise Hybrid,4G Smartphone,Debit Order,Good,None,Moderate (Stage 1-3),High Active,12.1,265.34
2026-02-21,VP_14828,25,Western Cape,Urban,Postpaid Contract,5G Smartphone,Debit Order,Good,None,Moderate (Stage 1-3),Moderate,19.6,378.86
2026-04-02,VP_14829,62,KwaZulu-Natal,Urban,Prepaid,Legacy Feature Phone,Voucher Top-Up,Excellent,None,Moderate (Stage 1-3),High Active,4.8,154.84
2026-06-30,VP_14830,39,Gauteng,Urban,Postpaid Contract,5G Smartphone,Debit Order,Excellent,SIM Swap / Technical,Minimal / No Impact,High Active,10.6,242.63
2026-04-15,VP_14831,21,Gauteng,Suburban,Prepaid,4G Smartphone,Voucher Top-Up,Good,None,Moderate (Stage 1-3),Moderate,5.7,168.46
2026-03-17,VP_14832,57,Western Cape,Rural,Enterprise Hybrid,4G Smartphone,Voucher Top-Up,Excellent,None,Moderate (Stage 1-3),Moderate,16,324.37
2026-02-11,VP_14833,20,Gauteng,Urban,Prepaid,5G Smartphone,Voucher Top-Up,Good,None,Moderate (Stage 1-3),High Active,12.8,275.93
2026-01-11,VP_14834,46,Gauteng,Urban,Prepaid,4G Smartphone,Debit Order,Good,None,Moderate (Stage 1-3),Low / Inactive,6.6,182.09
2026-05-21,VP_14835,58,Gauteng,Urban,Prepaid,4G Smartphone,Voucher Top-Up,Good,None,Severe (Stage 4+),Moderate,12.1,265.34
2026-05-08,VP_14836,46,Eastern Cape,Urban,Postpaid Contract,LTE Router/MiFi,Voucher Top-Up,Good,None,Minimal / No Impact,Moderate,10.1,235.06
2026-02-23,VP_14837,51,Eastern Cape,Urban,Prepaid,4G Smartphone,Debit Order,Excellent,None,Severe (Stage 4+),High Active,32.6,575.64
2026-06-26,VP_14838,51,Eastern Cape,Urban,Postpaid Contract,5G Smartphone,Debit Order,Poor / Frequent Drops,SIM Swap / Technical,Moderate (Stage 1-3),Low / Inactive,4.8,154.84
2026-05-04,VP_14839,45,Western Cape,Suburban,Prepaid,5G Smartphone,Voucher Top-Up,Good,None,Moderate (Stage 1-3),Moderate,19.3,374.32
2026-03-26,VP_14840,30,Western Cape,Urban,Enterprise Hybrid,5G Smartphone,Debit Order,Good,Billing Query,Severe (Stage 4+),High Active,13.3,283.5
2026-03-02,VP_14841,32,KwaZulu-Natal,Urban,Prepaid,5G Smartphone,Credit Card,Excellent,None,Severe (Stage 4+),Moderate,23.5,437.89
2026-01-01,VP_14842,40,Western Cape,Suburban,Enterprise Hybrid,4G Smartphone,Voucher Top-Up,Excellent,None,Severe (Stage 4+),High Active,16.3,328.91
2026-01-04,VP_14843,61,Gauteng,Urban,Prepaid,Legacy Feature Phone,Debit Order,Good,SIM Swap / Technical,Severe (Stage 4+),High Active,7.7,198.74
2026-06-21,VP_14844,43,Western Cape,Suburban,Prepaid,4G Smartphone,Voucher Top-Up,Excellent,Network Coverage,Minimal / No Impact,High Active,39,672.51
2026-01-23,VP_14845,21,Eastern Cape,Suburban,Enterprise Hybrid,4G Smartphone,Voucher Top-Up,Excellent,None,Minimal / No Impact,Low / Inactive,31.2,554.45
2026-01-29,VP_14846,43,KwaZulu-Natal,Suburban,Enterprise Hybrid,4G Smartphone,Debit Order,Excellent,Billing Query,Severe (Stage 4+),Low / Inactive,23.9,443.95
2026-05-27,VP_14847,57,KwaZulu-Natal,Urban,Postpaid Contract,4G Smartphone,Debit Order,Good,SIM Swap / Technical,Severe (Stage 4+),Low / Inactive,29.1,522.66
2026-06-21,VP_14848,26,Gauteng,Urban,Prepaid,5G Smartphone,Voucher Top-Up,Good,None,Minimal / No Impact,High Active,11.2,251.71
2026-05-07,VP_14849,72,Western Cape,Suburban,Prepaid,4G Smartphone,Debit Order,Good,None,Severe (Stage 4+),High Active,2.8,124.57
2026-02-08,VP_14850,22,Western Cape,Suburban,Prepaid,LTE Router/MiFi,Debit Order,Fair,None,Minimal / No Impact,High Active,45.1,764.84
2026-01-24,VP_14851,73,Eastern Cape,Urban,Prepaid,5G Smartphone,Debit Order,Excellent,Billing Query,Severe (Stage 4+),Moderate,7,188.14
2026-05-11,VP_14852,49,Gauteng,Urban,Prepaid,5G Smartphone,Debit Order,Good,Billing Query,Moderate (Stage 1-3),High Active,17.1,341.02
2026-01-20,VP_14853,37,Eastern Cape,Urban,Prepaid,Legacy Feature Phone,Voucher Top-Up,Excellent,Billing Query,Moderate (Stage 1-3),High Active,20.6,394
2026-01-26,VP_14854,67,KwaZulu-Natal,Urban,Postpaid Contract,4G Smartphone,Mobile App / EFT,Good,None,Severe (Stage 4+),High Active,18.5,362.21
2026-03-07,VP_14855,28,Limpopo,Suburban,Postpaid Contract,5G Smartphone,Voucher Top-Up,Good,SIM Swap / Technical,Severe (Stage 4+),Low / Inactive,5.9,171.49
2026-06-14,VP_14856,32,KwaZulu-Natal,Urban,Prepaid,4G Smartphone,Voucher Top-Up,Excellent,None,Moderate (Stage 1-3),Moderate,23.5,437.89
2026-03-01,VP_14857,49,KwaZulu-Natal,Urban,Prepaid,4G Smartphone,Credit Card,Excellent,None,Moderate (Stage 1-3),High Active,20.5,392.48
2026-04-27,VP_14858,45,Western Cape,Suburban,Prepaid,4G Smartphone,Debit Order,Fair,None,Moderate (Stage 1-3),Low / Inactive,6.3,177.55
2026-03-17,VP_14859,39,Western Cape,Urban,Postpaid Contract,5G Smartphone,Debit Order,Excellent,SIM Swap / Technical,Severe (Stage 4+),Low / Inactive,2.4,118.51
2026-03-09,VP_14860,58,Limpopo,Suburban,Prepaid,5G Smartphone,Voucher Top-Up,Good,None,Moderate (Stage 1-3),High Active,19.2,372.81
2026-04-29,VP_14861,34,Gauteng,Suburban,Postpaid Contract,4G Smartphone,Voucher Top-Up,Poor / Frequent Drops,None,Moderate (Stage 1-3),High Active,33.9,595.31
2026-01-13,VP_14862,43,Gauteng,Urban,Prepaid,4G Smartphone,Voucher Top-Up,Good,SIM Swap / Technical,Moderate (Stage 1-3),Low / Inactive,9.8,230.52
2026-01-26,VP_14863,61,Limpopo,Suburban,Prepaid,LTE Router/MiFi,Debit Order,Good,SIM Swap / Technical,Severe (Stage 4+),Moderate,38.6,666.46
2026-02-14,VP_14864,24,KwaZulu-Natal,Suburban,Postpaid Contract,5G Smartphone,Debit Order,Fair,None,Moderate (Stage 1-3),Low / Inactive,5.9,171.49
2026-01-11,VP_14865,59,Western Cape,Urban,Postpaid Contract,4G Smartphone,Voucher Top-Up,Excellent,SIM Swap / Technical,Moderate (Stage 1-3),High Active,36.9,640.72
2026-03-16,VP_14866,74,KwaZulu-Natal,Urban,Prepaid,5G Smartphone,Credit Card,Excellent,Billing Query,Minimal / No Impact,Moderate,15.9,322.86
2026-04-03,VP_14867,43,Gauteng,Urban,Prepaid,4G Smartphone,Voucher Top-Up,Fair,None,Moderate (Stage 1-3),High Active,7.9,201.76
2026-06-23,VP_14868,42,Eastern Cape,Rural,Enterprise Hybrid,LTE Router/MiFi,Debit Order,Fair,None,Severe (Stage 4+),Moderate,22.8,427.3
2026-03-22,VP_14869,27,Western Cape,Suburban,Prepaid,4G Smartphone,Voucher Top-Up,Excellent,None,Severe (Stage 4+),Low / Inactive,30.1,537.8
2026-04-20,VP_14870,62,Gauteng,Urban,Postpaid Contract,5G Smartphone,Debit Order,Excellent,None,Severe (Stage 4+),Moderate,37,642.24
2026-01-30,VP_14871,36,Gauteng,Suburban,Postpaid Contract,5G Smartphone,Debit Order,Excellent,Billing Query,Severe (Stage 4+),High Active,22.8,427.3
2026-01-25,VP_14872,28,Eastern Cape,Urban,Postpaid Contract,4G Smartphone,Debit Order,Fair,None,Severe (Stage 4+),Moderate,7.7,198.74
2026-01-12,VP_14873,30,Gauteng,Suburban,Prepaid,4G Smartphone,Voucher Top-Up,Good,Network Coverage,Severe (Stage 4+),Low / Inactive,7.1,189.65
2026-01-03,VP_14874,70,Limpopo,Suburban,Prepaid,Legacy Feature Phone,Mobile App / EFT,Poor / Frequent Drops,Network Coverage,Severe (Stage 4+),Low / Inactive,11.5,256.26
2026-02-05,VP_14875,25,Gauteng,Urban,Enterprise Hybrid,4G Smartphone,Voucher Top-Up,Poor / Frequent Drops,None,Severe (Stage 4+),High Active,6.4,179.06
2026-06-19,VP_14876,57,Western Cape,Suburban,Prepaid,LTE Router/MiFi,Debit Order,Fair,SIM Swap / Technical,Moderate (Stage 1-3),Low / Inactive,34.7,607.42
2026-06-15,VP_14877,21,Limpopo,Suburban,Prepaid,4G Smartphone,Debit Order,Good,Network Coverage,Severe (Stage 4+),Moderate,8.3,207.82
2026-02-13,VP_14878,64,Western Cape,Suburban,Postpaid Contract,LTE Router/MiFi,Debit Order,Excellent,None,Severe (Stage 4+),High Active,19.2,372.81
2026-03-26,VP_14879,48,KwaZulu-Natal,Urban,Prepaid,5G Smartphone,Credit Card,Excellent,Billing Query,Moderate (Stage 1-3),Moderate,8.2,206.3
2026-04-02,VP_14880,45,Western Cape,Suburban,Postpaid Contract,LTE Router/MiFi,Voucher Top-Up,Good,SIM Swap / Technical,Severe (Stage 4+),Moderate,19.3,374.32
2026-04-23,VP_14881,28,Gauteng,Rural,Postpaid Contract,5G Smartphone,Debit Order,Excellent,None,Severe (Stage 4+),Low / Inactive,66.8,1093.31
2026-06-09,VP_14882,60,Gauteng,Urban,Postpaid Contract,LTE Router/MiFi,Voucher Top-Up,Excellent,SIM Swap / Technical,Severe (Stage 4+),Moderate,5.6,166.95
2026-03-10,VP_14883,18,Limpopo,Urban,Postpaid Contract,5G Smartphone,Voucher Top-Up,Good,None,Moderate (Stage 1-3),Low / Inactive,35.3,616.51
2026-01-24,VP_14884,66,Eastern Cape,Urban,Prepaid,4G Smartphone,Credit Card,Good,None,Minimal / No Impact,Low / Inactive,14.7,304.69
2026-04-06,VP_14885,64,Western Cape,Suburban,Prepaid,4G Smartphone,Mobile App / EFT,Fair,Billing Query,Severe (Stage 4+),Moderate,22.7,425.79
2026-03-29,VP_14886,69,KwaZulu-Natal,Suburban,Postpaid Contract,Legacy Feature Phone,Debit Order,Excellent,Billing Query,Moderate (Stage 1-3),High Active,17.5,347.07
2026-02-16,VP_14887,55,Gauteng,Urban,Prepaid,4G Smartphone,Voucher Top-Up,Excellent,Billing Query,Moderate (Stage 1-3),Low / Inactive,7.3,192.68
2026-01-30,VP_14888,41,Gauteng,Rural,Enterprise Hybrid,5G Smartphone,Voucher Top-Up,Good,None,Moderate (Stage 1-3),Moderate,7,188.14
2026-04-13,VP_14889,71,KwaZulu-Natal,Urban,Postpaid Contract,4G Smartphone,Debit Order,Poor / Frequent Drops,Billing Query,Minimal / No Impact,Low / Inactive,5.3,162.41
2026-04-13,VP_14890,74,Eastern Cape,Suburban,Prepaid,5G Smartphone,Voucher Top-Up,Fair,Billing Query,Minimal / No Impact,High Active,48.8,820.85
2026-04-27,VP_14891,64,KwaZulu-Natal,Urban,Postpaid Contract,5G Smartphone,Voucher Top-Up,Excellent,None,Severe (Stage 4+),Low / Inactive,6.7,183.6
2026-03-11,VP_14892,48,Eastern Cape,Urban,Prepaid,5G Smartphone,Debit Order,Excellent,None,Moderate (Stage 1-3),Low / Inactive,20.8,397.03
2026-04-09,VP_14893,58,Gauteng,Urban,Prepaid,5G Smartphone,Voucher Top-Up,Poor / Frequent Drops,Network Coverage,Moderate (Stage 1-3),Low / Inactive,18.5,362.21
2026-06-26,VP_14894,63,KwaZulu-Natal,Urban,Postpaid Contract,4G Smartphone,Voucher Top-Up,Excellent,None,Minimal / No Impact,High Active,101.4,1617.03
2026-05-03,VP_14895,67,Gauteng,Suburban,Postpaid Contract,LTE Router/MiFi,Debit Order,Excellent,None,Minimal / No Impact,Moderate,99.7,1591.3
2026-04-18,VP_14896,43,KwaZulu-Natal,Suburban,Prepaid,LTE Router/MiFi,Debit Order,Excellent,None,Severe (Stage 4+),High Active,21.7,410.65
2026-06-16,VP_14897,66,Gauteng,Urban,Prepaid,5G Smartphone,Voucher Top-Up,Good,Billing Query,Severe (Stage 4+),High Active,47.4,799.66
2026-02-12,VP_14898,67,Limpopo,Urban,Prepaid,5G Smartphone,Debit Order,Good,None,Moderate (Stage 1-3),High Active,7.8,200.25
2026-01-29,VP_14899,22,Gauteng,Urban,Prepaid,5G Smartphone,Mobile App / EFT,Excellent,None,Moderate (Stage 1-3),Low / Inactive,15.4,315.29
2026-02-03,VP_14900,37,Limpopo,Suburban,Prepaid,5G Smartphone,Debit Order,Good,None,Moderate (Stage 1-3),Moderate,24.4,451.52
2026-06-28,VP_14901,69,KwaZulu-Natal,Suburban,Prepaid,5G Smartphone,Debit Order,Excellent,None,Moderate (Stage 1-3),Moderate,67.5,1103.9
2026-01-16,VP_14902,58,Limpopo,Urban,Postpaid Contract,5G Smartphone,Debit Order,Good,None,Severe (Stage 4+),Low / Inactive,11.9,262.31
2026-02-10,VP_14903,28,KwaZulu-Natal,Suburban,Enterprise Hybrid,4G Smartphone,Voucher Top-Up,Good,None,Minimal / No Impact,Moderate,10.4,239.61
2026-01-27,VP_14904,73,Limpopo,Urban,Prepaid,4G Smartphone,Voucher Top-Up,Good,None,Minimal / No Impact,Low / Inactive,2,112.46
2026-04-17,VP_14905,71,Gauteng,Rural,Prepaid,4G Smartphone,Voucher Top-Up,Excellent,None,Moderate (Stage 1-3),Low / Inactive,23.2,433.35
2026-06-01,VP_14906,50,Western Cape,Rural,Postpaid Contract,5G Smartphone,Debit Order,Good,SIM Swap / Technical,Moderate (Stage 1-3),Low / Inactive,35.8,624.07
2026-05-04,VP_14907,67,Limpopo,Suburban,Postpaid Contract,4G Smartphone,Mobile App / EFT,Good,None,Moderate (Stage 1-3),High Active,7,188.14
2026-05-26,VP_14908,55,Gauteng,Rural,Enterprise Hybrid,4G Smartphone,Debit Order,Good,Network Coverage,Severe (Stage 4+),Low / Inactive,57,944.97
2026-06-23,VP_14909,44,Gauteng,Suburban,Prepaid,5G Smartphone,Debit Order,Good,Billing Query,Severe (Stage 4+),Moderate,5,157.87
2026-04-23,VP_14910,51,KwaZulu-Natal,Suburban,Prepaid,5G Smartphone,Debit Order,Good,None,Severe (Stage 4+),Moderate,14.9,307.72
2026-02-16,VP_14911,32,Limpopo,Suburban,Prepaid,5G Smartphone,Debit Order,Excellent,None,Minimal / No Impact,Low / Inactive,13.2,281.99
2026-06-06,VP_14912,49,KwaZulu-Natal,Urban,Postpaid Contract,5G Smartphone,Voucher Top-Up,Excellent,SIM Swap / Technical,Moderate (Stage 1-3),High Active,4.3,147.27
2026-04-08,VP_14913,38,KwaZulu-Natal,Urban,Prepaid,4G Smartphone,Debit Order,Excellent,None,Severe (Stage 4+),Moderate,22.1,416.7
2026-04-02,VP_14914,63,Gauteng,Urban,Prepaid,5G Smartphone,Debit Order,Good,None,Moderate (Stage 1-3),Moderate,21.6,409.13
2026-06-06,VP_14915,22,Gauteng,Suburban,Prepaid,4G Smartphone,Mobile App / EFT,Good,None,Severe (Stage 4+),High Active,3.8,139.7
2026-01-08,VP_14916,23,Eastern Cape,Urban,Prepaid,5G Smartphone,Debit Order,Fair,None,Severe (Stage 4+),High Active,24.6,454.54
2026-06-25,VP_14917,55,Gauteng,Urban,Postpaid Contract,4G Smartphone,Mobile App / EFT,Good,Network Coverage,Moderate (Stage 1-3),Low / Inactive,20.9,398.54
2026-02-03,VP_14918,39,Western Cape,Urban,Prepaid,5G Smartphone,Voucher Top-Up,Fair,Network Coverage,Moderate (Stage 1-3),High Active,41.5,710.35
2026-05-04,VP_14919,35,Limpopo,Urban,Postpaid Contract,4G Smartphone,Debit Order,Excellent,None,Moderate (Stage 1-3),Low / Inactive,24.8,457.57
2026-05-05,VP_14920,31,Gauteng,Suburban,Prepaid,5G Smartphone,Voucher Top-Up,Excellent,None,Moderate (Stage 1-3),Moderate,71.5,1164.45
2026-01-29,VP_14921,27,Western Cape,Rural,Prepaid,5G Smartphone,Voucher Top-Up,Fair,None,Moderate (Stage 1-3),Moderate,9.6,227.5
2026-04-16,VP_14922,63,Gauteng,Suburban,Prepaid,LTE Router/MiFi,Debit Order,Excellent,SIM Swap / Technical,Moderate (Stage 1-3),Low / Inactive,8.5,210.85
2026-04-23,VP_14923,30,Western Cape,Suburban,Prepaid,4G Smartphone,Credit Card,Good,None,Moderate (Stage 1-3),Moderate,1.9,110.94
2026-01-12,VP_14924,48,Gauteng,Suburban,Prepaid,5G Smartphone,Voucher Top-Up,Excellent,Network Coverage,Moderate (Stage 1-3),Moderate,8.4,209.33
2026-01-17,VP_14925,47,Western Cape,Urban,Postpaid Contract,4G Smartphone,Mobile App / EFT,Poor / Frequent Drops,None,Moderate (Stage 1-3),High Active,15.6,318.32
2026-03-08,VP_14926,20,Gauteng,Urban,Postpaid Contract,4G Smartphone,Mobile App / EFT,Good,Billing Query,Moderate (Stage 1-3),Moderate,19.7,380.38
2026-06-17,VP_14927,47,KwaZulu-Natal,Rural,Prepaid,4G Smartphone,Debit Order,Excellent,None,Moderate (Stage 1-3),Moderate,8.4,209.33
2026-03-22,VP_14928,23,Western Cape,Urban,Prepaid,4G Smartphone,Debit Order,Good,Network Coverage,Severe (Stage 4+),High Active,21.1,401.57
2026-01-04,VP_14929,46,Gauteng,Urban,Enterprise Hybrid,LTE Router/MiFi,Debit Order,Excellent,None,Severe (Stage 4+),Moderate,10.3,238.09
2026-06-30,VP_14930,25,Western Cape,Suburban,Prepaid,5G Smartphone,Mobile App / EFT,Poor / Frequent Drops,Network Coverage,Moderate (Stage 1-3),Moderate,5.9,171.49
2026-06-23,VP_14931,61,Gauteng,Urban,Prepaid,5G Smartphone,Mobile App / EFT,Excellent,None,Moderate (Stage 1-3),Low / Inactive,14.1,295.61
2026-05-15,VP_14932,62,Western Cape,Urban,Prepaid,5G Smartphone,Voucher Top-Up,Good,Billing Query,Moderate (Stage 1-3),Moderate,19.8,381.89
2026-05-28,VP_14933,60,Gauteng,Urban,Postpaid Contract,4G Smartphone,Debit Order,Excellent,None,Minimal / No Impact,Low / Inactive,15.8,321.34
2026-05-25,VP_14934,61,Western Cape,Urban,Prepaid,LTE Router/MiFi,Debit Order,Fair,None,Moderate (Stage 1-3),Moderate,57.7,955.57
2026-02-27,VP_14935,50,Gauteng,Urban,Prepaid,4G Smartphone,Mobile App / EFT,Fair,None,Minimal / No Impact,Low / Inactive,5,157.87
2026-06-21,VP_14936,34,KwaZulu-Natal,Urban,Prepaid,4G Smartphone,Credit Card,Fair,None,Moderate (Stage 1-3),Moderate,26.8,487.85
2026-03-28,VP_14937,65,Gauteng,Suburban,Prepaid,Legacy Feature Phone,Debit Order,Fair,None,Severe (Stage 4+),Moderate,23.5,437.89
2026-05-13,VP_14938,28,Western Cape,Suburban,Prepaid,4G Smartphone,Debit Order,Excellent,None,Minimal / No Impact,Moderate,9.2,221.44
2026-05-14,VP_14939,30,Gauteng,Urban,Postpaid Contract,4G Smartphone,Debit Order,Poor / Frequent Drops,None,Minimal / No Impact,Moderate,19.9,383.4
2026-06-26,VP_14940,67,Limpopo,Rural,Postpaid Contract,Legacy Feature Phone,Debit Order,Good,None,Moderate (Stage 1-3),Low / Inactive,18.8,366.75
2026-06-29,VP_14941,28,Limpopo,Urban,Prepaid,5G Smartphone,Mobile App / EFT,Fair,None,Severe (Stage 4+),High Active,16.7,334.97
2026-06-08,VP_14942,48,Gauteng,Urban,Prepaid,4G Smartphone,Voucher Top-Up,Good,None,Severe (Stage 4+),High Active,37.3,646.78
2026-01-25,VP_14943,45,Western Cape,Urban,Postpaid Contract,4G Smartphone,Voucher Top-Up,Excellent,None,Minimal / No Impact,Low / Inactive,3.1,129.11
2026-04-21,VP_14944,61,Gauteng,Suburban,Postpaid Contract,LTE Router/MiFi,Voucher Top-Up,Good,None,Severe (Stage 4+),Moderate,8.9,216.9
2026-06-19,VP_14945,23,KwaZulu-Natal,Urban,Prepaid,LTE Router/MiFi,Debit Order,Excellent,Network Coverage,Moderate (Stage 1-3),High Active,22.4,421.24
2026-03-05,VP_14946,58,Western Cape,Suburban,Prepaid,4G Smartphone,Debit Order,Good,None,Moderate (Stage 1-3),Moderate,51.1,855.66
2026-05-04,VP_14947,33,Western Cape,Suburban,Prepaid,LTE Router/MiFi,Mobile App / EFT,Good,Billing Query,Severe (Stage 4+),Moderate,19.6,378.86
2026-03-30,VP_14948,21,Western Cape,Urban,Prepaid,4G Smartphone,Voucher Top-Up,Excellent,None,Moderate (Stage 1-3),Moderate,30.2,539.31
2026-06-19,VP_14949,52,Gauteng,Suburban,Prepaid,5G Smartphone,Voucher Top-Up,Poor / Frequent Drops,SIM Swap / Technical,Moderate (Stage 1-3),Low / Inactive,39.9,686.13
2026-06-23,VP_14950,65,KwaZulu-Natal,Rural,Postpaid Contract,5G Smartphone,Debit Order,Poor / Frequent Drops,None,Moderate (Stage 1-3),Moderate,19.9,383.4
2026-06-14,VP_14951,73,Gauteng,Urban,Prepaid,4G Smartphone,Debit Order,Fair,Network Coverage,Moderate (Stage 1-3),Moderate,7.7,198.74
2026-04-09,VP_14952,43,Western Cape,Urban,Postpaid Contract,4G Smartphone,Debit Order,Fair,None,Minimal / No Impact,Low / Inactive,9.2,221.44
2026-02-08,VP_14953,74,KwaZulu-Natal,Suburban,Postpaid Contract,4G Smartphone,Voucher Top-Up,Good,None,Moderate (Stage 1-3),Low / Inactive,17.4,345.56
2026-05-23,VP_14954,29,Western Cape,Suburban,Postpaid Contract,4G Smartphone,Voucher Top-Up,Good,None,Moderate (Stage 1-3),High Active,4,142.73
2026-06-06,VP_14955,28,Gauteng,Urban,Prepaid,LTE Router/MiFi,Voucher Top-Up,Excellent,None,Moderate (Stage 1-3),Moderate,18.3,359.18
2026-01-14,VP_14956,54,Gauteng,Urban,Prepaid,5G Smartphone,Mobile App / EFT,Poor / Frequent Drops,None,Severe (Stage 4+),Moderate,11.4,254.74
2026-01-03,VP_14957,42,Gauteng,Urban,Enterprise Hybrid,LTE Router/MiFi,Voucher Top-Up,Fair,None,Minimal / No Impact,Low / Inactive,70.4,1147.8
2026-06-14,VP_14958,35,Gauteng,Urban,Postpaid Contract,LTE Router/MiFi,Voucher Top-Up,Good,Network Coverage,Moderate (Stage 1-3),Low / Inactive,22.4,421.24
2026-02-10,VP_14959,36,Gauteng,Urban,Postpaid Contract,4G Smartphone,Debit Order,Poor / Frequent Drops,None,Moderate (Stage 1-3),Moderate,20.5,392.48
2026-05-10,VP_14960,40,Eastern Cape,Rural,Prepaid,4G Smartphone,Mobile App / EFT,Good,None,Moderate (Stage 1-3),Low / Inactive,18.7,365.24
2026-05-01,VP_14961,72,Limpopo,Suburban,Prepaid,4G Smartphone,Voucher Top-Up,Good,Billing Query,Moderate (Stage 1-3),Moderate,8,203.28
2026-05-07,VP_14962,55,KwaZulu-Natal,Urban,Postpaid Contract,4G Smartphone,Debit Order,Poor / Frequent Drops,Billing Query,Severe (Stage 4+),Low / Inactive,2.7,123.05
2026-02-12,VP_14963,71,KwaZulu-Natal,Suburban,Prepaid,5G Smartphone,Voucher Top-Up,Good,None,Minimal / No Impact,Low / Inactive,8.2,206.3
2026-01-20,VP_14964,35,Gauteng,Rural,Prepaid,5G Smartphone,Voucher Top-Up,Good,Billing Query,Severe (Stage 4+),Low / Inactive,35.7,622.56
2026-05-06,VP_14965,43,Eastern Cape,Urban,Prepaid,5G Smartphone,Mobile App / EFT,Excellent,None,Moderate (Stage 1-3),Low / Inactive,12.4,269.88
2026-03-24,VP_14966,23,Gauteng,Urban,Prepaid,5G Smartphone,Credit Card,Good,None,Moderate (Stage 1-3),Moderate,20.9,398.54
2026-03-03,VP_14967,21,Limpopo,Urban,Prepaid,5G Smartphone,Voucher Top-Up,Good,None,Moderate (Stage 1-3),High Active,31.9,565.04
2026-03-26,VP_14968,61,KwaZulu-Natal,Suburban,Prepaid,5G Smartphone,Voucher Top-Up,Good,None,Minimal / No Impact,Moderate,24,445.46
2026-03-13,VP_14969,68,Gauteng,Urban,Prepaid,4G Smartphone,Debit Order,Good,None,Moderate (Stage 1-3),Low / Inactive,36.4,633.16
2026-01-13,VP_14970,46,Limpopo,Rural,Postpaid Contract,Legacy Feature Phone,Voucher Top-Up,Excellent,None,Moderate (Stage 1-3),Low / Inactive,7.4,194.2
2026-05-10,VP_14971,51,Gauteng,Urban,Prepaid,4G Smartphone,Mobile App / EFT,Good,None,Moderate (Stage 1-3),Moderate,24.8,457.57
2026-02-27,VP_14972,34,Western Cape,Urban,Prepaid,LTE Router/MiFi,Voucher Top-Up,Poor / Frequent Drops,None,Minimal / No Impact,High Active,4.6,151.81
2026-05-21,VP_14973,60,KwaZulu-Natal,Urban,Postpaid Contract,4G Smartphone,Voucher Top-Up,Excellent,Billing Query,Moderate (Stage 1-3),Moderate,11.3,253.23
2026-06-14,VP_14974,60,Gauteng,Urban,Prepaid,4G Smartphone,Mobile App / EFT,Excellent,None,Moderate (Stage 1-3),Moderate,34.9,610.45
2026-04-07,VP_14975,70,KwaZulu-Natal,Suburban,Prepaid,4G Smartphone,Debit Order,Excellent,Billing Query,Minimal / No Impact,High Active,6.4,179.06
2026-04-14,VP_14976,33,Western Cape,Rural,Postpaid Contract,5G Smartphone,Debit Order,Poor / Frequent Drops,Network Coverage,Severe (Stage 4+),Low / Inactive,29.4,527.2
2026-03-02,VP_14977,19,Western Cape,Urban,Enterprise Hybrid,4G Smartphone,Voucher Top-Up,Good,Network Coverage,Severe (Stage 4+),High Active,11.8,260.8
2026-01-21,VP_14978,51,Gauteng,Rural,Prepaid,LTE Router/MiFi,Mobile App / EFT,Poor / Frequent Drops,Network Coverage,Minimal / No Impact,Moderate,47.9,807.23
2026-04-28,VP_14979,72,Limpopo,Suburban,Prepaid,4G Smartphone,Mobile App / EFT,Good,None,Minimal / No Impact,High Active,9.9,232.04
2026-04-24,VP_14980,25,Gauteng,Urban,Postpaid Contract,5G Smartphone,Voucher Top-Up,Good,None,Moderate (Stage 1-3),Low / Inactive,13.4,285.01
2026-05-27,VP_14981,30,Gauteng,Suburban,Prepaid,4G Smartphone,Mobile App / EFT,Fair,None,Moderate (Stage 1-3),Moderate,5.7,168.46
2026-04-25,VP_14982,59,Gauteng,Urban,Postpaid Contract,5G Smartphone,Voucher Top-Up,Excellent,None,Moderate (Stage 1-3),Moderate,29.8,533.25
2026-01-23,VP_14983,25,Gauteng,Suburban,Enterprise Hybrid,5G Smartphone,Debit Order,Excellent,None,Severe (Stage 4+),Moderate,79.9,1291.6
2026-05-08,VP_14984,47,Gauteng,Urban,Enterprise Hybrid,4G Smartphone,Mobile App / EFT,Good,None,Moderate (Stage 1-3),High Active,82.3,1327.93
2026-04-25,VP_14985,49,Limpopo,Suburban,Prepaid,4G Smartphone,Debit Order,Excellent,SIM Swap / Technical,Moderate (Stage 1-3),Low / Inactive,17.3,344.05
2026-03-22,VP_14986,53,Gauteng,Urban,Prepaid,4G Smartphone,Debit Order,Excellent,None,Severe (Stage 4+),Low / Inactive,21.3,404.59
2026-01-31,VP_14987,64,Gauteng,Suburban,Enterprise Hybrid,LTE Router/MiFi,Voucher Top-Up,Excellent,None,Moderate (Stage 1-3),Low / Inactive,9.3,222.95
2026-05-08,VP_14988,47,Gauteng,Suburban,Prepaid,4G Smartphone,Debit Order,Excellent,None,Moderate (Stage 1-3),High Active,16.6,333.45
2026-06-17,VP_14989,18,Western Cape,Urban,Prepaid,4G Smartphone,Debit Order,Excellent,Billing Query,Moderate (Stage 1-3),High Active,16.3,328.91
2026-01-05,VP_14990,60,Eastern Cape,Urban,Postpaid Contract,5G Smartphone,Debit Order,Fair,None,Moderate (Stage 1-3),Moderate,12.2,266.85
2026-01-27,VP_14991,56,Gauteng,Urban,Prepaid,5G Smartphone,Debit Order,Excellent,None,Minimal / No Impact,High Active,37.3,646.78
2026-04-14,VP_14992,34,Gauteng,Suburban,Prepaid,4G Smartphone,Debit Order,Excellent,SIM Swap / Technical,Moderate (Stage 1-3),Low / Inactive,10.6,242.63
2026-04-16,VP_14993,37,Gauteng,Urban,Postpaid Contract,4G Smartphone,Voucher Top-Up,Excellent,Billing Query,Moderate (Stage 1-3),Moderate,35.6,621.05
2026-01-10,VP_14994,41,Gauteng,Suburban,Prepaid,5G Smartphone,Mobile App / EFT,Good,Billing Query,Moderate (Stage 1-3),Moderate,13.1,280.47
2026-05-23,VP_14995,67,Gauteng,Urban,Prepaid,5G Smartphone,Mobile App / EFT,Good,SIM Swap / Technical,Severe (Stage 4+),High Active,13.7,289.56
2026-05-21,VP_14996,39,KwaZulu-Natal,Urban,Prepaid,4G Smartphone,Mobile App / EFT,Fair,None,Moderate (Stage 1-3),Low / Inactive,10.6,242.63
2026-01-01,VP_14997,46,Gauteng,Urban,Postpaid Contract,4G Smartphone,Voucher Top-Up,Fair,Billing Query,Moderate (Stage 1-3),Low / Inactive,16.7,334.97
2026-01-24,VP_14998,39,KwaZulu-Natal,Urban,Prepaid,4G Smartphone,Voucher Top-Up,Excellent,None,Moderate (Stage 1-3),High Active,7.3,192.68
2026-06-04,VP_14999,61,Gauteng,Suburban,Prepaid,4G Smartphone,Debit Order,Excellent,Billing Query,Minimal / No Impact,Moderate,12.4,269.88
